Apache County	Cochise County	Coconino County	Gila County	Graham County	Greenlee County	La Paz County	Maricopa County	Mohave County	Navajo County	Pima County	Pinal County	Santa Cruz County	Yavapai County	Yuma County	Alameda County	Alpine County	Amador County	Butte County	Calaveras County	Colusa County	Contra Costa County	Del Norte County	El Dorado County	Fresno County	Glenn County	Humboldt County	Imperial County	Inyo County	Kern County	Kings County	Lake County	Lassen County	Los Angeles County	Madera County	Marin County	Mariposa County	Mendocino County	Merced County	Modoc County	Mono County	Monterey County	Napa County	Nevada County	Orange County	Placer County	Plumas County	Riverside County	Sacramento County	San Benito County	San Bernardino County	San Diego County	San Francisco County	San Joaquin County	San Luis Obispo County	San Mateo County	Santa Barbara County	Santa Clara County	Shasta County	Sierra County	Siskiyou County	Solano County	Sonoma County	Stanislaus County	Sutter County	Tehama County	Trinity County	Tulare County	Tuolumne County	Ventura County	Yolo County	Yuba County	Churchill County	Clark County	Douglas County	Elko County	Esmeralda County	Eureka County	Lander County	Lincoln County	Lyon County	Mineral County	Nye County	Pershing County	Storey County	Washoe County	White Pine County	Carson City
Apache County	0.0	395.06285998873403	212.27462123450144	214.73228831505176	275.1166786745879	239.73075780101007	455.43567852022016	357.3404325458023	387.0877375241653	75.32059529510704	419.6312761675322	324.0647031626843	1136.7849809976565	293.37744392090036	499.97162135295696	1137.3345248086187	982.8570276548479	1048.3104076789175	1168.0597136718231	1033.1298687269505	1202.7565521868564	1145.8338111421294	1444.5895451955114	1049.2163771053401	925.8234444476637	1230.3787530699199	1006.5700520877515	598.8690133403347	723.8489368545556	837.4962608441299	934.7238592120207	1242.4668884542332	1140.3258614707263	811.5577044368175	941.0493442462556	1216.9646596064385	962.4649683699103	1310.2462710133877	1025.9953123927826	1194.8259846758556	882.7813845577998	1069.8762355291974	1191.1397860168881	1087.0252919810503	782.2975293641447	1074.345922291818	1120.0072887158233	623.9561737771777	1106.2791612523663	1051.3115546481097	611.2566972741388	719.410939406121	1236.097293295429	1087.67091489576	992.8292324848813	1173.7696774884434	965.5384142741068	1111.361071892285	1249.169836373319	1078.2350242758773	1326.1649022711958	1152.4418846234796	1242.543217239089	1056.7349899972953	1154.1335311729583	1236.463058533435	1327.2414177491783	842.7404587892762	978.0821556461971	886.7139202637762	1159.9633503019186	1132.527816595895	900.9838804998218	506.542565065371	977.8247652963563	819.0269611092612	773.880421764284	785.0615150695133	833.0203491384864	541.3070081111823	949.4080188529769	865.7464809857294	684.2967049020405	962.5786005284715	993.4483011157253	1069.7970746250664	655.1381921023436	998.874828290429
Cochise County	395.06285998873403	0.0	480.45783128363126	237.4332610952387	121.77714291243241	163.35579332566863	450.40216158440745	305.13758069872614	566.3102701018606	398.0351118390162	192.11433043642992	191.58245922765047	1259.3221259973207	405.20641135858796	402.281567050978	1281.6874068733287	1180.8134860895284	1230.4209396536837	1374.8896601257045	1207.9630180017443	1389.9914197538112	1298.5734575160773	1675.9413889892844	1243.2288071456696	1058.849688944786	1427.3862160156716	1297.5621728393596	540.3386994059318	875.7866410507197	915.9566097274433	1037.9938910029791	1422.7063571037384	1384.1781145685416	833.1962769473641	1090.577143226957	1367.2637093616702	1123.505988105819	1493.3918033941122	1165.2473167899682	1456.1282072109138	1069.3193637580534	1169.4272688997974	1358.4982931737468	1293.1471558516675	775.3746715722355	1274.3310877776314	1344.0307957989805	618.7508819694432	1281.2805180714013	1166.2193179655565	682.8686801684996	669.9603838574565	1374.4268827116625	1247.082689456888	1063.2614171327361	1307.0248706975756	1000.6127189155999	1243.3303090862141	1478.0342200746957	1295.0091796429747	1567.763797200457	1316.08900661714	1405.3073345640037	1206.2801039649696	1342.7061726761356	1448.403473005469	1542.9085147289713	962.073518938155	1154.3310487420072	915.157650079017	1336.2966093987484	1331.4446589315496	1147.9395756510207	685.0644943952384	1186.9964799010697	1147.4330639067973	974.305863771009	1076.8295034703362	1109.3216191721544	794.2245103205082	1167.7327108212364	1079.7286758456262	913.4959599249729	1229.713042965428	1219.238111336407	1326.0965877259425	961.1436059250624	1213.5675686672012
Coconino County	212.27462123450144	480.45783128363126	0.0	243.24561193558316	366.1557422927238	369.77892203291947	312.1176349938672	284.12707136190977	178.6947039839526	140.09935481509353	411.60562876798616	325.85841503861616	924.5782151327138	151.9517084006051	392.38798016858766	925.2683775043301	774.9989181615739	838.6735886303544	962.9181629161958	822.6514793978859	994.5103274219148	934.1215606859157	1246.6387690197373	841.1705451437019	713.6628353507859	1023.7743735660431	829.8371511380803	451.6640490451878	511.66480535729477	631.1378316350219	724.1745599814238	1033.4576833322487	944.4499172874845	618.0150820587671	728.8477452791399	1005.2754671864981	750.7109013740127	1101.873441015374	813.7296365530196	1005.5003179265386	672.7116988044023	858.855670149459	980.5705407927596	881.2650514009872	598.3468622591333	867.4063876480348	918.3706833521677	451.21998047912103	896.1285361828227	839.476190654505	414.0876647196545	554.7300474314502	1023.980110755225	876.1866841948329	785.4471860028168	961.5161766668673	764.6192369608108	899.0864785296233	1049.5737930255082	874.6079849667516	1130.6760820567724	941.4415158313388	1031.738326742546	844.7107119429686	945.8514276609127	1032.7384259233456	1124.794156464346	631.557391028933	767.4859947071901	689.0595680408777	950.1713353631419	925.744036617987	704.110190293382	294.498396256258	771.8894078416743	667.5118406185819	564.7131129191163	606.8807123047578	647.1930363957763	340.6612065018482	745.136696121729	659.7969609072683	479.49358047225206	773.9078984664054	791.3108935664447	877.7104728570414	484.75134044581756	794.2176891535108
Gila County	214.73228831505176	237.4332610952387	243.24561193558316	0.0	128.89768623296177	157.86977771217775	298.3845447412421	163.93272559651186	343.4810918704096	183.6229194745017	205.80321955660642	109.70047168216894	1075.3041969073292	187.36398612140604	309.40618039640896	1089.1510405934907	968.1678049930143	1023.5121605858567	1161.2610943306202	1003.3061636394002	1182.8612520240717	1102.9934886775952	1456.7598592383454	1032.5047668887496	867.6447396136888	1217.294434246759	1063.5283095083878	429.80753313689723	673.5759687939825	745.1210838971261	858.7571070415443	1218.2540821047971	1160.1385077777777	688.1656376581745	893.5103044206761	1173.320863506323	922.669383570738	1288.4696100004621	973.2427442844453	1228.2962259600463	858.91799953715	994.015340410671	1158.0805699276304	1079.0647653786377	644.1138284032737	1061.9970935189149	1125.0510554629404	479.8175454394304	1077.3691477194798	984.146451999442	507.0944011935707	560.0537483725609	1185.2498164171272	1048.4255803199103	899.3433025940558	1119.1772559015487	852.8066853292037	1055.2538836563	1258.5560080517648	1077.739083574481	1345.2697572838085	1116.6148347041503	1207.004912727409	1010.8384131642015	1134.719335811834	1233.7257390884113	1327.6818056616546	774.5113833113854	948.5285846610484	768.8139541651665	1132.4585514828275	1119.963424287811	921.4962836334755	468.0734354862932	970.9768058281198	910.0041793865555	758.1224840544133	841.8068358886754	876.724373991263	562.5198869337772	948.8555678056881	861.1043382923552	688.5871821741422	999.5009287053783	998.7677462831023	1098.7368262454258	724.3088005857502	996.183267110771
Graham County	275.1166786745879	121.77714291243241	366.1557422927238	128.89768623296177	0.0	68.38455370791503	396.50153986234	248.28760022736049	471.460024322377	276.44005445581547	199.73306503093082	138.89182766238332	1193.5038400802998	312.89885626021083	377.07487891486227	1210.2733110826825	1094.8969172748468	1148.8588022042973	1288.3469236588094	1128.0126530826112	1308.4131745058316	1225.114426895278	1584.975653561308	1158.8341428815625	987.8908300855253	1343.610185720662	1191.4555832401381	510.9360590556492	796.9360119928557	857.3400876006875	974.6783336531159	1343.1223871062482	1288.8765496303452	789.1588665928119	1015.7573809174849	1295.016114612239	1046.1451472410222	1413.5207566457018	1093.9891392895138	1357.19181146562	984.9856313099946	1108.893882776546	1281.746150965408	1206.197979732663	738.5315011942189	1188.7302555605083	1253.1386281507	575.7282996246648	1201.951965467674	1101.4574337619392	619.7489517879368	643.3892658510885	1305.4040816785816	1171.4278791375	1009.4495003112744	1238.7820786295915	956.0269328225863	1174.8262060036043	1386.7664113980359	1205.5087347649314	1473.88932540647	1239.9528081743952	1330.0932414833471	1132.7764348564583	1260.4527612572233	1361.0686338035375	1455.1744117034423	893.214082248856	1073.4857656068398	870.9375829633818	1257.0784745009978	1246.5414484347987	1050.3593609712034	595.070520925327	1098.4419969302462	1033.4931905102203	885.4359613719106	969.349538370789	1005.1721736282902	691.259244248293	1076.8447225322213	988.9944561677406	817.2870753983326	1128.295536393991	1127.0383859009191	1227.6332695828887	850.1843654373206	1123.930241014746
Greenlee County	239.73075780101007	163.35579332566863	369.77892203291947	157.86977771217775	68.38455370791503	0.0	448.09956213462084	302.9070174288817	496.56786545561283	258.97441723013327	267.98988562758416	201.07665433006588	1233.1726286229875	344.38567825749647	438.36192977528185	1246.690787180299	1122.0579442869541	1178.9569723849866	1314.4097562819277	1159.2873676581546	1338.0153321808723	1260.2519735473948	1606.8889395321992	1186.8865292339556	1025.3875623335957	1371.5650381260275	1199.6149900238836	569.5198620597226	830.5685830096382	902.0917667065758	1016.483311716568	1373.998221062767	1307.7645898118124	840.6987648915734	1050.797623966402	1330.6939823236573	1079.444497807559	1444.0319431523728	1130.8844771910383	1372.5292887465946	1013.7712492070873	1151.6286906753076	1314.6508101273937	1232.1964871869584	793.0393829411872	1215.7973004939126	1275.8889832679135	629.17650799358	1233.3984415443197	1141.9995789803013	663.9740671925997	701.7802092101387	1342.9565564657487	1205.3644023726006	1055.8025813167726	1276.9620578161457	1006.584312920589	1213.0484992742815	1408.8534548643297	1229.5258208654773	1493.5810336619847	1273.3714787712033	1363.8498714570583	1168.1819963439855	1289.7168184236548	1386.337410395508	1479.9151995991538	932.3785969659162	1104.3542705216403	921.998672085444	1288.4330378529808	1273.9442434163766	1067.9590157690168	622.4424671592368	1123.574965909057	1031.2993669779198	911.3076398617823	976.6549844921664	1016.2461344712609	705.5649385860613	1100.195847466029	1012.8441508549449	837.3617440073796	1141.8261824120527	1149.1161450224545	1243.7775627906735	853.4212241172704	1148.1138679872327
La Paz County	455.43567852022016	450.40216158440745	312.1176349938672	298.3845447412421	396.50153986234	448.09956213462084	0.0	148.92190000325195	222.86001487883777	387.39536826131183	275.55082414352904	264.0918623500421	809.1929596582551	167.8331647445132	106.70789598514219	833.5721278231586	750.2786637392239	792.2634545195781	943.0696825825197	767.8815132087667	950.5741135710302	851.6772484640758	1249.7725060032578	809.2099261935822	611.2881863439899	990.7048002163456	926.6292699262691	144.13461214376588	439.194625553324	465.781778428346	587.6639537559569	980.726510407862	971.5997639807501	392.9184517159192	645.8578928925161	919.3956109042804	681.107845250784	1051.3788147020139	717.4124804033255	1053.0704603046506	637.7870320677163	719.1461886013482	913.9923134008247	862.9687196495377	345.85864679728786	841.973929125297	921.1792391460492	181.57205347094748	839.8665947134339	715.9837560152362	233.4697821667285	265.9493375821823	925.0422618092754	802.1358932038605	615.0119824680727	857.4662039325175	559.5488453508733	793.9623665858271	1054.3259997381042	869.8472153005291	1149.0281375747509	871.2260575290858	959.3257148641335	759.7836669727876	904.5232661865856	1017.2706449321367	1111.6806599599263	513.7361198527703	715.9722107315612	474.5452756477267	894.398212636431	897.3063812340356	747.7924274163364	290.41895424372296	761.5803433484956	832.4220929619465	554.9559003075487	722.7659362528634	736.6307809412317	440.76406044665237	747.969450320838	661.743759880054	519.25399598669	840.7447230185494	801.6061910920763	924.0751353483057	637.4211707124923	790.0163594965783
Maricopa County	357.3404325458023	305.13758069872614	284.12707136190977	163.93272559651186	248.28760022736049	302.9070174288817	148.92190000325195	0.0	287.6109637583892	302.7957854082991	150.97053511453723	115.64109724394967	954.9208155418348	143.16712695743135	146.11255018003172	976.5599778193508	880.1303782657125	927.2428907917064	1074.09261052408	904.1965691386777	1086.5825178149178	993.4677842936374	1377.8374610350438	941.4278917707853	753.714201697819	1124.9014550172471	1024.6697485787572	267.9355822520539	572.3703235155705	613.6348047052228	734.0689904345919	1118.578228781413	1091.4808392588013	540.948077111042	785.6800229505792	1062.126504190711	819.0761557886499	1189.2905189380992	860.1141931821	1168.0898594734003	768.0028340869818	866.631198636898	1053.7467889612803	992.831392684088	490.68718505538357	973.1732194156377	1046.7485977852	327.4878183186224	977.214750098745	862.0113426577128	378.4056112869543	399.611452535757	1069.5057216652997	942.2121696495785	763.7614987943942	1002.1870225995124	707.9798577718306	938.4296888942412	1180.6739965976524	996.6614395939549	1272.7430699359222	1011.2561333520117	1100.3158619595968	901.1953276644509	1039.641854780244	1147.9745117771488	1242.564057909009	657.0123803039902	850.9955691066501	622.7947093706575	1032.1403080590842	1029.7355841047763	859.8482366531582	393.0695200640308	888.2629429290727	902.7446551586573	677.0246093504561	810.4642248852587	833.9817579878552	522.7331298869383	871.2001892728516	783.5471294018395	625.9467526505662	947.3933676681636	923.7818519864777	1038.0582616089473	708.6114614293994	915.6508718143905
Mohave County	387.0877375241653	566.3102701018606	178.6947039839526	343.4810918704096	471.460024322377	496.56786545561283	222.86001487883777	287.6109637583892	0.0	312.27818825085194	438.4096495416499	380.47884663496575	753.0056155664171	161.10519892568308	327.6665400339092	758.5674359515992	625.4988647228462	683.103261233816	818.1082033888474	664.2927417893685	841.7952308846395	769.7226380023659	1113.5190188296751	690.3463480286412	542.0761622666107	875.0004245523648	738.1407968947565	332.12032801595376	341.28486678951714	452.45537957360915	547.7318994180177	878.3842701968238	818.5204013455536	444.58469156074756	561.5151827724065	840.7358391183611	587.0305038104201	948.1489102693183	644.7325253894352	889.8587509208869	517.4893206397902	683.0954858111199	820.8678903268097	735.8927929024877	432.5248548278452	719.2571023404281	781.6859519068306	302.0393398916312	738.3949281328378	665.7961357267992	240.5332435898412	408.4816216121732	856.5500305929827	713.2405792991453	606.9462090734282	792.4636839750794	586.8139908211602	729.2369432733577	915.3105819279009	734.2579923692939	1002.9558663555566	780.3035077748233	870.9337933603395	678.6557597150469	793.404594928827	890.3725276535132	984.2500700046685	456.2675009732375	609.1496661936393	512.807223508351	793.2611934769956	777.3830150055695	581.6309564156918	126.45674461197119	627.588065240317	618.9528402917826	414.9159747551124	522.8592809787174	547.8149610108479	235.1352265967579	605.4234509913347	517.633396931077	347.2703398497955	664.6309726385409	655.6109200965261	759.8014484432579	423.7869973196659	652.7031916717757
Navajo County	75.32059529510704	398.0351118390162	140.09935481509353	183.6229194745017	276.44005445581547	258.97441723013327	387.39536826131183	302.7957854082991	312.27818825085194	0.0	387.16257950948886	291.23891202066613	1063.2536871636908	222.1595455876418	440.35950889112877	1065.0170781991137	914.4397626662197	978.6138042731604	1101.4189391732384	962.7247140049154	1134.115747999077	1074.1006631781954	1382.0368928307644	980.68749546605	852.2204240245836	1162.8458241316312	953.390116931214	531.461149154588	650.3620859720372	762.2105098922809	860.0086268247262	1173.2750470345957	1078.6524459248749	736.9597564046958	868.4143048279732	1145.2593275275317	890.6867739284751	1241.5294822860674	953.0426685680148	1136.3390152372667	812.7167776305973	995.3087687034607	1120.6565332313369	1019.9822746861852	708.9188405814872	1006.5587841396652	1055.343826187025	551.9462936793865	1036.1646357842956	977.249334661441	536.177727414963	649.1644078376237	1163.6575775489268	1016.2356674282174	917.583520484932	1100.8831619945063	890.3515883361779	1038.2473723478822	1185.6659201469984	1012.4447239070668	1264.8092323082951	1081.5400089445936	1171.8366150780903	984.5094854057567	1085.4598814137591	1170.6804644460026	1262.2182625193	768.3008355685969	907.5681070828564	811.7497516603077	1090.1516285091843	1064.8564517162795	838.583220039315	432.95473970185043	910.6334855352793	775.3751827370547	704.4903242785836	730.690923704138	775.5528228006931	476.3779564452291	883.1829742587665	798.4922629000828	617.5535835454552	904.1048840028627	928.4371911201376	1009.887810158251	603.2958212791087	932.4537038312327
Pima County	419.6312761675322	192.11433043642992	411.60562876798616	205.80321955660642	199.73306503093082	267.98988562758416	275.55082414352904	150.97053511453723	438.4096495416499	387.16257950948886	0.0	96.21185945921943	1081.2941025253579	287.9092193710306	212.12641844389773	1108.0519445817672	1023.5793245440307	1067.3762919196013	1217.0137875516841	1043.244646356319	1225.9413998512105	1126.6808346462203	1522.5646080652098	1083.5156463950393	886.2509581057534	1265.710684587822	1175.6258780284882	349.6765288732598	713.3986769410269	734.9780094467363	859.3585939128185	1256.272270678483	1239.3191286275655	645.2285386833292	921.371149014979	1193.942466880631	956.6324704806051	1326.9279811729418	992.1478239325573	1317.258851865637	911.1204323455535	988.1699250936664	1189.4535991499633	1136.3732541006723	585.3113346954527	1115.9209409569673	1192.4574049559692	432.08629768794594	1115.3719507775165	987.8711732213329	508.2231625349819	478.23132218267546	1198.367825580083	1077.5800202176185	878.5951706453147	1130.6352732200617	812.1517020537702	1067.4543288889377	1326.1316766375094	1141.7667200400572	1419.3716562430393	1146.6586774909092	1234.5291042392987	1034.9638832075523	1179.712995555317	1291.1291643014245	1385.6562742660306	788.4691520857239	991.0547138832462	726.8771901439306	1169.934960940477	1171.7418724868578	1009.3541260378815	542.827846093236	1033.3207983341529	1051.2861308791175	823.594389474694	961.251032299497	984.9203180762526	673.542039949858	1017.6743419082608	930.4100527127845	775.9525171950013	1097.776809025583	1070.7035989824228	1187.356449906394	857.8571064794077	1061.2069976532068
Pinal County	324.0647031626843	191.58245922765047	325.85841503861616	109.70047168216894	138.89182766238332	201.07665433006588	264.0918623500421	115.64109724394967	380.47884663496575	291.23891202066613	96.21185945921943	0.0	1070.305108898016	220.87600686544891	238.24561792449725	1091.1746660943113	989.6042327625134	1038.8457895920624	1183.691522283276	1016.3884853908182	1198.4105510469087	1107.6695107658063	1485.5390251153578	1051.8127726211794	868.2891393965031	1235.8829217225011	1117.1903605561797	372.31516378624417	684.2067312288351	729.2635738250847	849.6121930407342	1231.1606165534145	1195.550045869698	654.4186688803901	899.3680462822279	1176.6184676061848	932.0434452335554	1301.8402885382618	974.6992396464714	1269.3684263811915	877.9597722866645	982.2702651587422	1167.1523383891222	1102.0459438590883	601.6463160853489	1083.0394589517964	1153.7964381359527	440.03266057359554	1089.7312137034487	977.4717728294421	493.8822874086792	504.73872348765786	1184.542389981555	1055.830259806471	879.1037502436993	1117.3127276762775	821.7808382073051	1053.5037630043905	1287.8193027514403	1104.4344401441274	1378.3722469494373	1124.8002847399769	1214.1646602632738	1015.3260182709133	1151.1404606528897	1257.3033642373055	1351.8436512934916	771.907457297285	962.7495862206214	736.4231980982448	1144.7582849580833	1140.0549279200104	960.866695139358	495.73948651736606	996.2744773748963	980.0554772985738	783.8798804770379	898.8982520378502	927.4798867305662	612.8636619190593	977.6547267983854	889.7063885487806	726.2486635196316	1045.0951526069975	1029.5382592592086	1139.2316211823727	789.1172187448269	1023.0891172547535
Santa Cruz County	1136.7849809976565	1259.3221259973207	924.5782151327138	1075.3041969073292	1193.5038400802998	1233.1726286229875	809.1929596582551	954.9208155418348	753.0056155664171	1063.2536871636908	1081.2941025253579	1070.305108898016	1192.1765243638383	890.0384878505018	875.4877981128982	71.06504766066972	263.93072563595626	198.70941089602024	297.1611490849434	182.1765808667264	241.60697431203914	100.97233223335022	555.4511569320055	235.7390975664685	211.049745221538	290.0499814492236	591.9647008334994	749.2617010955239	412.93903490509916	347.6094933774592	221.93929825316368	240.42420156567644	429.25279459357023	461.12497004773263	201.3675264123811	132.66253451467063	195.36359179905097	296.86083938482085	115.69377917793842	521.2346019266654	294.0960929231357	105.76133103795698	168.537803663233	276.0986163236112	533.6093832112556	254.14283651167628	346.9483698799311	655.2804386260702	170.26004231372954	93.44331554915243	576.5441024195832	650.6781370724747	120.50406459385287	121.36036083797984	228.74169475622273	55.144345113413735	327.48857742643526	36.39200399947797	416.7733283703367	313.21429180413185	510.77878701574014	139.64734941272366	186.5884646329667	107.85510660264384	226.58739623377008	346.77628267819625	415.44072851271727	300.797423873037	212.21020003438957	392.9591739249773	185.60191938520146	257.64378530608036	430.7433972377262	630.3159131019498	297.4607587357082	735.0324623688766	395.71600046390967	597.9827320354999	538.0269878604125	635.3405823901054	332.4203647705794	357.1884995110034	500.7781283393698	492.47341007566047	346.07558917864435	460.8756846001714	675.7844267644724	309.45001057334827
Yavapai County	293.37744392090036	405.20641135858796	151.9517084006051	187.36398612140604	312.89885626021083	344.38567825749647	167.8331647445132	143.16712695743135	161.10519892568308	222.1595455876418	287.9092193710306	220.87600686544891	890.0384878505018	0.0	240.54398510682972	902.3651373889957	782.0007572563267	836.4080533279997	975.5063467174723	816.0181774705246	995.855964364414	915.8748039061486	1273.2416727197844	845.9685964718639	681.4048236406693	1030.7547352730398	896.3180735930273	311.60464327773855	486.28424168905644	565.9833893787129	675.5569051700495	1031.015660420144	979.3920909043483	523.6349904022129	706.4140481212665	986.3090928893674	735.3261522822385	1101.2846559009713	786.6721152784157	1050.9398725235453	672.1756393438486	811.3268829928809	970.7183401575294	893.3794149072634	490.07952113878775	875.8330197101538	941.2540385644895	330.5942491026591	890.0639905428327	799.5960835401168	330.23359187218875	427.0120898008058	998.832345708445	861.1286141731114	721.4924578188161	933.0659838177322	683.109886370021	869.2055042281735	1075.0831110384916	893.157521566051	1163.5297099353788	929.2724972422201	1019.6834104587441	823.7963548538349	947.7992687952775	1048.3301909623945	1142.518700170571	589.371510573797	761.2924223803099	601.4684238070136	945.1628997643107	933.6457138481786	742.7361550830574	282.35942673794665	785.8243362262497	763.6094880104822	572.7694589002264	678.2646753110951	706.6974808937397	391.98800045255985	764.8649187811228	676.9019101337125	508.3423058447079	825.1757243575097	815.6355076137214	920.8952448707273	570.8115077747195	811.5780958383796
Yuma County	499.97162135295696	402.281567050978	392.38798016858766	309.40618039640896	377.07487891486227	438.36192977528185	106.70789598514219	146.11255018003172	327.6665400339092	440.35950889112877	212.12641844389773	238.24561792449725	875.4877981128982	240.54398510682972	0.0	906.0912245275645	839.502587840905	876.4234340012949	1030.3246302510645	850.7071932170107	1032.7721356203854	926.2872918803392	1338.530166988269	896.025046138911	686.6603411629554	1074.7161652004052	1029.9733614164886	138.0741623593019	528.5501846540632	527.9733340567028	653.8877341524482	1060.5479683464696	1066.582184003438	433.3499238434902	725.101445036161	991.9257099976488	762.561542624422	1130.8360608344708	791.2974360596072	1150.305531859631	727.4954498157746	779.9747739179622	991.5077458560204	951.5777434130739	373.32254727060587	929.5383180652292	1012.801175922074	221.61454237275618	921.0198655342335	782.1016037049611	312.4727439098081	268.9321314422815	993.9001444671043	879.8065569721477	668.1747496760552	926.0893380458324	600.0812316279416	863.5933394455856	1144.9245676865464	960.7988867992524	1241.175013469345	948.5574996017026	1034.7145624054217	835.6315277661054	987.9300197075213	1104.5184399784464	1198.4527873206753	588.7029036448278	800.5867863913948	514.8642850488144	974.7643661668263	983.4760180821717	847.2992877595227	395.6639674509267	853.166345535259	939.1101052897138	650.8909555294059	828.3626624401772	840.5669177725108	547.3501464560583	841.9197868062291	757.0447514665043	621.7543128801237	941.8786210337383	895.9268169227367	1022.1422438141486	744.1282253587913	882.1834895216489
Alameda County	1137.3345248086187	1281.6874068733287	925.2683775043301	1089.1510405934907	1210.2733110826825	1246.690787180299	833.5721278231586	976.5599778193508	758.5674359515992	1065.0170781991137	1108.0519445817672	1091.1746660943113	71.06504766066972	902.3651373889957	906.0912245275645	0.0	214.31700900576968	141.38348375297298	226.09611658776183	132.69688790136806	172.5351522380182	30.476760023600402	491.436885292806	174.70721049134764	222.88594822202367	221.54460791524428	529.2637549575412	784.5064581422313	417.5875018095975	382.5606603879756	255.84352307372504	176.6380689688557	359.2250344852703	505.1697970203215	197.05658557478446	85.90893165702941	176.34915800477046	238.99516059948013	116.47908351672018	450.50016295628444	268.58422984918815	165.2022503527134	102.2409942544621	208.671614981424	578.2952215487383	188.45079081169487	277.27879842828827	688.6769422948313	102.36790811850203	136.5983002329551	600.1208650199662	693.5801193540055	98.93305730937823	64.72650395411517	283.5345700940697	48.02897880397117	384.5580485752807	51.296961208974054	346.37560561333333	246.24721602340512	441.4129136808321	68.99146994115732	131.91546147069275	80.6872177119073	155.52250476312517	277.0397820192829	349.37729127143734	319.86143259074584	176.0393718278735	442.9016635833821	114.80734018039793	187.12650797316672	380.38284912658315	633.3799335129283	244.93071573144215	684.3805252283465	376.74983800188045	553.0004638852502	490.4553581990376	620.5607945708731	281.86308213074943	320.8909135172922	480.34652712329853	433.4447820957262	287.7264675066369	394.2024664186212	640.7104340428695	252.2495363791781
Alpine County	982.8570276548479	1180.8134860895284	774.9989181615739	968.1678049930143	1094.8969172748468	1122.0579442869541	750.2786637392239	880.1303782657125	625.4988647228462	914.4397626662197	1023.5793245440307	989.6042327625134	263.93072563595626	782.0007572563267	839.502587840905	214.31700900576968	0.0	77.00753460977985	194.08730492785855	82.41519993123121	219.93984614235129	203.53971947781764	499.53729897119433	66.40305791615371	207.29291665618686	249.67156558891438	340.89620299494516	738.3692225755692	311.3700358900497	376.3428133772541	283.47385877079785	260.64391115934905	244.03814682766358	510.9052371793075	157.06073543633337	264.7713464708295	117.3781318213273	327.44152296412136	178.19608238992726	339.50779729966973	112.5037945197605	296.7743603768433	220.1185480157674	112.79589575507607	579.1009629341072	93.83716360919597	176.11237732855963	641.7099211627592	135.48015805397813	250.70272803617982	528.2059576547973	679.399651051793	299.65402177672377	149.6105936448618	364.47355427217553	262.33433746053055	454.712352111597	227.6284148748778	305.691625557108	123.203236862878	403.5446849369889	190.59581757028565	272.1048529285711	158.07654095275325	171.37524651590178	267.84500318851804	362.43410340677906	280.8329608893028	68.31541815933541	477.7395915952981	182.82749830248676	151.8870517134601	167.0568133668981	500.09518035144555	35.526652702025174	471.54693935398626	211.19187567942282	338.77896014977847	276.2207779712815	445.36244865301967	68.5030984177243	120.72136832317038	300.3945350911127	234.6131299458392	93.82926131092809	235.1579176030821	432.22657415439807	59.239803311938424
Amador County	1048.3104076789175	1230.4209396536837	838.6735886303544	1023.5121605858567	1148.8588022042973	1178.9569723849866	792.2634545195781	927.2428907917064	683.103261233816	978.6138042731604	1067.3762919196013	1038.8457895920624	198.70941089602024	836.4080533279997	876.4234340012949	141.38348375297298	77.00753460977985	0.0	158.6711357796083	29.97651770094325	159.6657365074243	127.51711638244086	466.2668384021488	39.43011926264053	206.7463158607948	198.5035132907933	393.72847116531005	767.5224164722673	354.8731833550539	384.51142452624566	273.8876449318406	195.35659844315444	253.25874183876516	518.555569475748	158.50423645834698	187.81246797330618	116.8291951648423	265.0848171592735	138.9859646507895	350.2368457510771	166.17240680009854	251.89594519073893	145.7243150585163	95.4989609512599	589.7732650022211	69.03083412646042	172.83785440537045	670.189189099982	59.79629606095132	207.32341397810072	563.9757637871378	696.7566834728065	222.86639489939265	78.22210085480437	340.56429320666354	189.16402221024612	437.83155344003114	163.6345283916318	283.8048500128452	126.53946819745266	384.5100349299108	113.81229246412227	197.98218139884392	102.64837077247144	112.41450294267912	231.20456902596155	323.3723983119552	296.7341715129498	76.3281039457519	474.140733815404	111.68829685150483	109.64188346722301	239.69024286709066	556.7531770959923	104.21692883961887	543.1727916596773	274.4674045024111	414.20259247424246	350.52765805229865	514.9602715160754	141.7707534764339	194.9370244153634	370.3304131328253	293.93196879778867	147.55981814142027	268.48255985795595	509.2175488819521	111.3327041162005
Butte County	1168.0597136718231	1374.8896601257045	962.9181629161958	1161.2610943306202	1288.3469236588094	1314.4097562819277	943.0696825825197	1074.09261052408	818.1082033888474	1101.4189391732384	1217.0137875516841	1183.691522283276	297.1611490849434	975.5063467174723	1030.3246302510645	226.09611658776183	194.08730492785855	158.6711357796083	0.0	187.77164909448686	76.99506102567457	196.54887607717552	308.8348236079682	134.3139616945859	365.038184010033	68.85084342705886	351.694863449562	924.447663808126	503.8798646991147	542.9413667455134	429.2163544519495	117.11125113256568	143.45780992551659	676.6385893537723	317.17323302337894	205.00120503639715	275.393667835796	159.96353536419312	285.2457208226031	226.86711453375005	306.1114044216414	381.7630993387676	143.2090644133636	82.21720647691885	748.1542670731365	101.10517609949773	75.66547451769826	827.2050634082218	137.07846230327033	342.71835061371513	718.0614494013573	855.4221199910568	248.749069018929	194.5840925134078	486.74633309170747	259.12310023804514	586.8595387811193	272.00144430630985	127.35489739011878	93.02408505041039	227.71100347080656	158.2478221471177	170.72717334451335	239.63381029855375	70.57440240477577	74.23128972492337	168.64517256314224	455.18671957532655	231.38338703169197	629.4552742926036	112.69634444703804	49.258778208378274	286.3003769967893	693.3037571089712	191.2416974197245	553.9455426231008	403.19390276190165	456.41812988331327	390.0263600167083	627.078265594405	218.80035013475725	303.1562196579349	483.92179421188297	284.99620769248367	179.8821467867808	203.07259309058912	575.1550612354304	169.22343790003066
Calaveras County	1033.1298687269505	1207.9630180017443	822.6514793978859	1003.3061636394002	1128.0126530826112	1159.2873676581546	767.8815132087667	904.1965691386777	664.2927417893685	962.7247140049154	1043.244646356319	1016.3884853908182	182.1765808667264	816.0181774705246	850.7071932170107	132.69688790136806	82.41519993123121	29.97651770094325	187.77164909448686	0.0	182.69755528312936	125.21812889723266	494.3766950648936	66.94924657054224	177.28720536416063	224.15300625070014	414.38725187895403	740.3415620193663	332.1990412789853	355.17292452004364	243.91172101857236	215.12821701329773	282.1835632918846	489.0144830381819	129.73349101580794	191.66581203003116	88.88054066874182	285.65095049713204	110.89481132513494	379.3017760076546	150.631778376117	226.21935751890345	158.01416133287108	125.15856735606489	560.4007456797436	98.6438945884265	202.3605081465347	642.994166455701	74.12424400327737	180.94796255891484	538.4285144739981	667.9427885209545	222.49240686382308	68.10932158644535	311.3636750531265	180.57630717839464	408.1876620274448	146.0729401049769	313.467003316127	154.93500816739208	414.19059494699013	120.7401110299124	209.64983431186968	79.23442998730978	137.24207683876668	259.5989785666377	350.907285734496	268.5408490114048	55.24878000337113	444.17524690821625	129.1568461711229	138.56245416634002	249.4360239725999	537.8364387314614	115.29154124290336	553.9246595545517	260.624180366738	420.4752192622882	358.47032413428184	503.5621375072314	150.78962855452335	190.68298562802454	359.8868832288359	311.73009518192504	165.9128556401252	293.8745226160464	509.2886255605083	128.87233113791115
Colusa County	1202.7565521868564	1389.9914197538112	994.5103274219148	1182.8612520240717	1308.4131745058316	1338.0153321808723	950.5741135710302	1086.5825178149178	841.7952308846395	1134.115747999077	1225.9413998512105	1198.4105510469087	241.60697431203914	995.855964364414	1032.7721356203854	172.5351522380182	219.93984614235129	159.6657365074243	76.99506102567457	182.69755528312936	0.0	142.10556900502678	324.04279862538584	153.54944756852603	351.3402695502621	49.29746389777135	427.7098127054076	920.2104493247248	514.286495085251	527.017584427432	405.8206725691791	44.87473570184531	219.60473796290793	657.4579525647533	308.4364850499919	132.76009128556976	270.2167720021341	107.50178131843502	257.17384351368094	297.77593614829044	324.3059902569335	336.5624857132893	74.96306161581866	126.97523416188479	730.2064972055065	131.3129869000041	151.22497350793952	822.9489388098986	112.20184074534986	302.81204384053734	720.738292338674	841.6510875810526	175.5039081198677	161.6810567656326	450.43690235943154	196.39228188558292	551.7674817082556	222.7895531308219	176.77132401194154	153.98959809100975	269.17471227256226	104.4920711152647	93.91554169776188	209.40463102153265	48.65890069712107	105.46033099348423	179.75844072287487	447.1284921985131	235.6627370332452	602.8856217235518	62.517857494437635	77.63213427921704	343.9251200916085	715.6092653385693	229.01813983987967	624.3680740382099	429.9231096845114	518.8359801483887	452.20611254044684	664.8770351638722	262.89792508388683	338.96438435462767	520.0130612762053	355.782392796566	235.1949500877937	279.4932507382615	631.7338229091755	214.695308389808
Contra Costa County	1145.8338111421294	1298.5734575160773	934.1215606859157	1102.9934886775952	1225.114426895278	1260.2519735473948	851.6772484640758	993.4677842936374	769.7226380023659	1074.1006631781954	1126.6808346462203	1107.6695107658063	100.97233223335022	915.8748039061486	926.2872918803392	30.476760023600402	203.53971947781764	127.51711638244086	196.54887607717552	125.21812889723266	142.10556900502678	0.0	461.95565382617514	156.68086897830602	240.43051410207306	191.17448629640018	507.4315464361864	806.4353768590167	429.8744611248955	405.53788622153587	279.5617755103557	147.87560037195448	331.6083076253643	530.3586598528038	209.48506068178213	71.16169425580357	183.41391399374876	212.26798458804797	134.99690036944568	421.83721011524756	269.8511487271475	195.07244806161992	73.06909897138743	184.37455533167582	603.5125092880633	166.06460990391417	250.24052985468026	710.1531587422802	79.57938551673465	164.48220168594833	618.4627105760923	718.0773723837015	97.29693830068085	59.60590181081341	312.0936615003481	67.21173530034974	413.3202901554102	81.02378917262482	316.00772487615444	222.10829528043573	410.9365117491903	38.68178287258136	108.5533708810653	92.3921333202264	126.02913439493182	246.5665316241731	319.45131542511	338.2824310704072	174.52516229198315	469.8535554777587	84.62963349807296	159.18786359970863	366.95525389300246	643.9096154048816	231.65337437527938	669.581760539658	379.5214109325472	541.7018160170791	477.9955542169637	623.6523502438015	269.2834817402745	315.8816989784096	481.60486207299994	414.34843246568903	269.99293977668844	369.7204346369169	634.2311852990325	235.7191556979509
Del Norte County	1444.5895451955114	1675.9413889892844	1246.6387690197373	1456.7598592383454	1584.975653561308	1606.8889395321992	1249.7725060032578	1377.8374610350438	1113.5190188296751	1382.0368928307644	1522.5646080652098	1485.5390251153578	555.4511569320055	1273.2416727197844	1338.530166988269	491.436885292806	499.53729897119433	466.2668384021488	308.8348236079682	494.3766950648936	324.04279862538584	461.95565382617514	0.0	442.98561560029634	670.3297638778942	275.68195565246157	490.2099587900853	1233.2427559962211	810.8832958633145	847.8299267810378	729.0110237689579	315.2759413751635	304.951054666783	979.9035425135612	624.0678703719408	426.4673527516907	582.9998078430224	263.5439723083129	580.7600680079646	273.4853976809223	611.9981969756469	656.5799173180328	389.19602246835035	387.0343107578791	1052.2805954706917	409.1043330859909	332.0074170912425	1135.9766705309523	432.4793673374761	625.6792757729986	1026.51530624753	1161.8307922895508	456.47145710985455	485.36154355844974	773.529473227769	503.4047729351154	874.8812477322934	542.7100107463134	198.2095776744367	381.20266903926756	123.67177405752011	426.66760987338	371.5893993894509	533.0660561369199	360.4108417192528	235.1469856854976	144.6915712310011	762.8789864035958	540.1481625884254	926.8692196605216	386.55490388423823	356.9336716887705	543.6431887125693	991.2629727667282	489.57459528153095	724.0898625267253	701.6772437129724	679.4672482283004	620.6470621153161	906.1103450958313	508.40311270212436	596.4035082769644	769.5971284910906	491.211073777204	458.00180338680684	380.53368609995744	811.2058406701667	462.45128423627716
El Dorado County	1049.2163771053401	1243.2288071456696	841.1705451437019	1032.5047668887496	1158.8341428815625	1186.8865292339556	809.2099261935822	941.4278917707853	690.3463480286412	980.68749546605	1083.5156463950393	1051.8127726211794	235.7390975664685	845.9685964718639	896.025046138911	174.70721049134764	66.40305791615371	39.43011926264053	134.3139616945859	66.94924657054224	153.54944756852603	156.68086897830602	442.98561560029634	0.0	238.01566363028795	184.79488984862857	356.2334104217822	790.6053080168067	370.13939187942907	414.54413738043434	308.2857193880783	194.41544148952187	215.37044062047224	549.1887008866458	188.21714586368526	209.24395641080343	145.6695146396851	261.05032206436755	177.6596262297563	312.54969860516866	174.01828883532337	291.3124887975968	158.6474999706037	60.49198599560597	619.5893404754571	34.79404905346067	136.4740087073234	693.4387472784118	79.36353062239748	246.64952935841765	583.7474956126025	724.4390097702156	247.82482566150486	114.39813373625671	378.1839350974949	221.54324742232583	474.4678171634066	201.34759954890427	254.6706197088863	87.99637353802322	354.84950451757004	135.15867002055793	209.69965516494977	142.0576599522765	104.97221650318015	208.493460468453	302.59954347589814	323.6201954154423	98.4013912434593	507.8772942572865	119.26246039606347	88.30901349842009	212.82751591492766	564.5671251629565	81.220042800421	513.3903830634115	276.8986145896128	389.5042717457521	324.43401790795554	511.6626452222179	118.6286815485354	186.33185552759167	366.71590388857953	258.73758919446914	113.38168577445637	229.11115235929768	491.10420101339514	79.35148828456838
Fresno County	925.8234444476637	1058.849688944786	713.6628353507859	867.6447396136888	987.8908300855253	1025.3875623335957	611.2881863439899	753.714201697819	542.0761622666107	852.2204240245836	886.2509581057534	868.2891393965031	211.049745221538	681.4048236406693	686.6603411629554	222.88594822202367	207.29291665618686	206.7463158607948	365.038184010033	177.28720536416063	351.3402695502621	240.43051410207306	670.3297638778942	238.01566363028795	0.0	396.7762676792596	533.2386077164591	569.8343158106469	202.0040911294939	177.92071081838708	77.89630684139485	375.2902518812706	448.37636269500564	311.8164250511476	50.61110322745946	308.4210765678755	92.81522654877824	445.0082678582139	106.41090649932853	545.0326956282042	145.74761883545955	159.32528472671072	304.95439724797814	298.50583377607677	383.1170985288288	272.462453188076	373.4715355881075	472.8232695872479	239.39787584312484	128.6266048222318	378.0322857180668	491.5134708411521	317.641563914605	193.5841005468595	168.74735344565312	251.67258932340062	249.72530628511558	187.8766730288811	490.527805793377	322.15302780890954	591.2103445048361	262.0012110229928	348.43307850983734	149.00767550295467	310.3401490772563	436.2920197002797	526.1120952387878	98.00458424316001	142.79888159110368	271.25750151386023	290.81926157953893	315.8020424248222	331.83312933060364	419.30619779329237	238.44985681893698	612.7694892698416	211.7601101186661	463.50798609495774	416.5885342142723	435.35777257714346	254.61979421552294	223.61719793874695	312.59422029597664	423.1096592164798	297.9293997828788	441.7789138148542	510.19974872392453	266.10747259987926
Glenn County	1230.3787530699199	1427.3862160156716	1023.7743735660431	1217.294434246759	1343.610185720662	1371.5650381260275	990.7048002163456	1124.9014550172471	875.0004245523648	1162.8458241316312	1265.710684587822	1235.8829217225011	290.0499814492236	1030.7547352730398	1074.7161652004052	221.54460791524428	249.67156558891438	198.5035132907933	68.85084342705886	224.15300625070014	49.29746389777135	191.17448629640018	275.68195565246157	184.79488984862857	396.7762676792596	0.0	413.3060874932562	964.1351295723481	552.7002120921738	573.4287855562023	453.43750487992213	63.780036486153584	195.28081403914024	704.6882651193295	352.35829358914975	174.9927462086025	312.82183261405385	91.29328284721198	305.08101287209985	263.00986846289	358.6719939403164	385.82390936201466	121.98375306287643	144.03464956629236	777.2669698768901	156.40970165911946	141.5500969418526	866.8013744422174	157.56608357326866	352.03973157242297	762.3280925861919	887.932202544797	215.5890812338842	209.68667483002088	499.59386956927557	243.2945986821637	600.9031992359188	271.98783701117475	132.30568766661963	161.09410165948083	221.05014069744496	153.76577536276332	128.0668736842898	257.3848254780191	86.99827711015514	59.991700159726584	131.07695718912677	491.44118317823774	274.7404111094715	651.2410578168012	111.29322273655781	98.04574151158126	354.6869417595935	749.3252911955609	252.64282537996095	621.0745630455385	460.8443856168511	525.2672283062581	458.87618296735843	690.2738039873431	283.1043888064373	364.63807232862325	546.1688907704219	352.42961695197215	247.44407509533477	264.57639513613555	643.6425901519301	233.5434123723873
Humboldt County	1006.5700520877515	1297.5621728393596	829.8371511380803	1063.5283095083878	1191.4555832401381	1199.6149900238836	926.6292699262691	1024.6697485787572	738.1407968947565	953.390116931214	1175.6258780284882	1117.1903605561797	591.9647008334994	896.3180735930273	1029.9733614164886	529.2637549575412	340.89620299494516	393.72847116531005	351.694863449562	414.38725187895403	427.7098127054076	507.4315464361864	490.2099587900853	356.2334104217822	533.2386077164591	413.3060874932562	492.3083298301391	962.05799410951	542.4553162173224	676.0178807606885	611.0313281235159	468.7494191834335	223.25015680244533	801.9703617799103	487.1971517113321	543.208545512096	453.389108479141	500.5928416869506	518.9069352285496	216.72901596429875	393.5340706356991	637.4286319241737	481.64312417525747	324.399626964408	860.3368248848155	341.3884842733901	276.4936389798286	873.9876026274554	427.9828156930661	591.3817437371529	747.9724516508583	939.905142435988	586.5330719189868	470.631222279828	699.4659902444135	574.3743051714065	782.1167213421745	557.3080866277504	335.9764240196035	287.11500626908906	367.4240495778777	477.28278753865874	519.4520307397429	493.62163828135465	402.11230735248853	373.85753493096155	426.70928176038444	578.6578756405489	408.00369120455485	788.7667873152529	441.83403628422525	361.66111946940424	208.27773216578512	637.2993361181594	305.43637559795013	233.88095954952908	405.74315220134946	223.0529111870521	190.81537144077464	504.33638714551125	280.3936149359458	322.4336639286067	408.47940834531107	110.24098950735615	248.8827575442231	148.8800453787262	351.5071644882938	285.89636835529365
Imperial County	598.8690133403347	540.3386994059318	451.6640490451878	429.80753313689723	510.9360590556492	569.5198620597226	144.13461214376588	267.9355822520539	332.12032801595376	531.461149154588	349.6765288732598	372.31516378624417	749.2617010955239	311.60464327773855	138.0741623593019	784.5064581422313	738.3692225755692	767.5224164722673	924.447663808126	740.3415620193663	920.2104493247248	806.4353768590167	1233.2427559962211	790.6053080168067	569.8343158106469	964.1351295723481	962.05799410951	0.0	433.88577761321983	402.4963400951983	529.4751455813368	945.1121011748423	973.8956746146064	298.2124756666498	611.8990934231668	869.8449601114311	651.4755552263117	1014.6475090443731	671.836656066627	1062.0849048494877	628.6984748977819	650.836946431773	874.0514485977477	848.3499224751409	235.73711410353286	824.9130005110561	914.0607397580362	97.34743497784054	808.0089238121564	656.3765382100626	215.85841561489116	132.4547145831204	868.8944126211603	763.2921471719812	535.8034702309917	801.2545032038968	463.7238705721567	739.9124356463635	1043.5186325430018	861.3228336304886	1141.9129567210746	831.1894500808946	914.9494376969402	717.6460404019225	877.147045098603	998.1501567321656	1090.8939797227001	473.0977161266239	693.0945941308735	378.92420233223544	860.457813983562	876.3911824652353	767.8962561135065	354.25137795158446	755.8958504421954	900.7143790201006	565.7734539864383	775.6820902976849	777.541443113562	512.7523213624853	749.2818029040421	668.453322306202	556.6638460808886	866.3905694517779	803.4116682344558	936.9538907860468	710.3059540408439	785.6412631738099
Inyo County	723.8489368545556	875.7866410507197	511.66480535729477	673.5759687939825	796.9360119928557	830.5685830096382	439.194625553324	572.3703235155705	341.28486678951714	650.3620859720372	713.3986769410269	684.2067312288351	412.93903490509916	486.28424168905644	528.5501846540632	417.5875018095975	311.3700358900497	354.8731833550539	503.8798646991147	332.1990412789853	514.286495085251	429.8744611248955	810.8832958633145	370.13939187942907	202.0040911294939	552.7002120921738	542.4553162173224	433.88577761321983	0.0	180.27134514508535	222.8115746516264	547.1303794618643	540.6236636475013	274.2954762555349	220.71430249403676	500.5821793868419	249.22537161832304	617.7620238423013	303.4533535665182	628.1993225332367	199.0555399958877	351.88766413000553	484.81308083711554	423.90576687832896	322.73060966991744	402.78090718214975	484.30469162995945	339.71881153095774	405.7118716336385	328.71570245701696	219.35941491364514	397.6005906054857	515.323640655322	374.8500077729968	303.5208739258933	451.22633548991996	327.9524083476598	388.15733681308257	616.4345757848664	432.24871111263644	712.7139934816296	443.1187211246789	533.441165222171	338.12611539003785	467.2721668317049	578.0766221766631	672.5025416697082	128.7050998197869	278.64593254513	290.7568676380077	460.80543784421644	458.3445837307694	339.34648575318715	217.40768017944728	324.76402478260485	539.26154238861	136.82841427236906	392.44943644814964	372.49873933902705	254.95287984608143	315.6947267525175	234.95914641078392	177.08796053440827	439.9561805767284	369.8743446624803	503.61100517488734	385.96120714429526	354.00013278964144
Kern County	837.4962608441299	915.9566097274433	631.1378316350219	745.1210838971261	857.3400876006875	902.0917667065758	465.781778428346	613.6348047052228	452.45537957360915	762.2105098922809	734.9780094467363	729.2635738250847	347.6094933774592	565.9833893787129	527.9733340567028	382.5606603879756	376.3428133772541	384.51142452624566	542.9413667455134	355.17292452004364	527.017584427432	405.53788622153587	847.8299267810378	414.54413738043434	177.92071081838708	573.4287855562023	676.0178807606885	402.4963400951983	180.27134514508535	0.0	126.99891003746116	547.8060962374449	620.3112612651472	134.8432975339123	226.46273024553676	467.57388710453023	268.9227139039058	616.088191097142	272.31890712635516	715.7517729806102	285.97823407261524	253.51251502041941	474.9912440504082	474.9343785791501	205.2655180985691	449.23399209947377	548.4456935533416	307.7520670862649	415.8674068011177	254.33381401485354	238.1185981520524	314.6370150740227	466.65399631880297	366.44019555587755	155.84259082111654	398.92547374081465	149.5693874103049	337.42061309432876	668.1422129918953	496.2480622084795	768.7557279319152	432.5365975035991	513.7333982289998	319.4108834357969	487.5058991566916	614.1349309938868	703.4064186979533	98.20685978087504	317.15605182777745	115.8579907565941	465.45682998305233	493.71354988473706	467.83202653730143	348.7675628919043	403.29032407947415	708.4886906521933	287.65947859745955	558.4788901891783	527.535361318594	429.1130094396584	410.80101453138275	353.58696087062117	354.71754437729805	567.0114651181143	460.3669988130176	604.5821796590288	565.0460950667962	432.72866996813895
Kings County	934.7238592120207	1037.9938910029791	724.1745599814238	858.7571070415443	974.6783336531159	1016.483311716568	587.6639537559569	734.0689904345919	547.7318994180177	860.0086268247262	859.3585939128185	849.6121930407342	221.93929825316368	675.5569051700495	653.8877341524482	255.84352307372504	283.47385877079785	273.8876449318406	429.2163544519495	243.91172101857236	405.8206725691791	279.5617755103557	729.0110237689579	308.2857193880783	77.89630684139485	453.43750487992213	611.0313281235159	529.4751455813368	222.8115746516264	126.99891003746116	0.0	423.8022509011952	521.7438356933549	251.9417572655185	126.60268633338413	340.63030499212505	166.7453196670094	491.10998526218947	148.7535961153413	618.7950782109777	221.32910081902511	135.95606394848005	350.1200043498574	368.3315183410619	324.94741907570165	341.89808552645604	444.7198481385309	434.4338996459315	296.80976134914584	128.5135577641893	355.7716112024696	438.60252996883673	340.0702549034581	244.17096635441231	95.3649440570648	272.2755187887759	171.94135754066272	210.4399581731204	556.1976490001836	394.5817649079671	656.8283254596458	308.16421459509405	387.3576628343115	196.50087994855957	369.1837395616308	497.83555043644395	584.3197180466072	94.49447857220802	217.1181300195578	200.38677129043444	343.5535262958479	380.15118366005726	408.69140777513627	431.41307876000934	315.50270711418494	683.9625585050436	271.3982603345963	533.6528367922962	489.84662874936663	473.56811872939284	332.4886232841959	298.62662779597963	364.8240775637845	500.86408278710405	375.14375145347765	518.5110001842432	570.0612937007418	342.59765005342393
Lake County	1242.4668884542332	1422.7063571037384	1033.4576833322487	1218.2540821047971	1343.1223871062482	1373.998221062767	980.726510407862	1118.578228781413	878.3842701968238	1173.2750470345957	1256.272270678483	1231.1606165534145	240.42420156567644	1031.015660420144	1060.5479683464696	176.6380689688557	260.64391115934905	195.35659844315444	117.11125113256568	215.12821701329773	44.87473570184531	147.87560037195448	315.2759413751635	194.41544148952187	375.2902518812706	63.780036486153584	468.7494191834335	945.1121011748423	547.1303794618643	547.8060962374449	423.8022509011952	0.0	255.52331457489638	675.6376085945057	335.53177958350756	115.97466054566372	299.71820178337674	70.71574803839592	275.59455413582526	326.6433473901043	361.4576658380278	341.495961528137	74.83697699080906	171.7126824475367	748.7113794781525	174.747045913603	192.68749675627603	848.110789119288	141.43295652039677	312.35600863620783	749.4228845099979	861.9783738771948	154.086553774802	181.90176565134823	459.9229747765679	189.6722721923721	561.0859037447776	227.92070667197905	194.68091527852087	198.69856580745602	277.81886801157316	115.65812282753522	65.2173011392824	228.41572487570164	90.2663312212849	122.85800368615948	175.51357250469763	472.5749260852444	269.72624925281013	617.1574637044909	86.43939223109889	122.44394874083689	388.71447672818755	751.9942013021808	271.9520294161471	668.4786261322033	468.7858775496035	563.7106892488234	497.08064935755857	706.0056367000134	306.54742231884325	380.6702185498689	561.0341784093403	399.6741110027279	279.9884546697958	320.00855079695106	676.30046493889	258.804982236185
Lassen County	1140.3258614707263	1384.1781145685416	944.4499172874845	1160.1385077777777	1288.8765496303452	1307.7645898118124	971.5997639807501	1091.4808392588013	818.5204013455536	1078.6524459248749	1239.3191286275655	1195.550045869698	429.25279459357023	979.3920909043483	1066.582184003438	359.2250344852703	244.03814682766358	253.25874183876516	143.45780992551659	282.1835632918846	219.60473796290793	331.6083076253643	304.951054666783	215.37044062047224	448.37636269500564	195.28081403914024	223.25015680244533	973.8956746146064	540.6236636475013	620.3112612651472	521.7438356933549	255.52331457489638	0.0	754.9337057664313	397.77430249428494	348.0609736449605	355.79267639830033	278.9330168189374	392.18654031017616	97.22551436611762	346.51526883585603	501.8183155174302	285.83686593432583	158.75196155631903	823.0155689412474	184.64803145240117	82.69527756059546	878.4201264685187	259.7646514216183	458.75825871244723	759.9799658979454	921.7527586890782	391.9340045782396	314.68506482045774	593.5352692292495	397.1881746417574	689.5873992699941	399.8621058860382	119.17413409561964	127.55533322279352	186.23265817284403	295.08224353619954	313.4967503410235	352.7071063523824	208.56071097855025	150.90475901195052	209.64741291274447	524.7682640756035	305.5822333639134	719.6299037743947	251.75012945958218	172.43027125099286	240.34031139931145	699.8401882170991	219.94484303863518	445.8189364783378	416.65370089458776	378.3789499953872	317.1724212668345	603.841396525463	225.00532374136898	309.8732104437492	471.6039792678729	190.1113902965074	170.83780867024834	81.5545528433984	508.4858820977345	189.89780690241966
Los Angeles County	811.5577044368175	833.1962769473641	618.0150820587671	688.1656376581745	789.1588665928119	840.6987648915734	392.9184517159192	540.948077111042	444.58469156074756	736.9597564046958	645.2285386833292	654.4186688803901	461.12497004773263	523.6349904022129	433.3499238434902	505.1697970203215	510.9052371793075	518.555569475748	676.6385893537723	489.0144830381819	657.4579525647533	530.3586598528038	979.9035425135612	549.1887008866458	311.8164250511476	704.6882651193295	801.9703617799103	298.2124756666498	274.2954762555349	134.8432975339123	251.9417572655185	675.6376085945057	754.9337057664313	0.0	360.99471507681335	588.0517422654133	403.5220202288244	742.4600356580537	400.64624459462016	850.1249167981779	417.2378751515982	358.56617944456957	601.6953438615781	609.6211710879921	73.15417654154234	583.8322423614173	683.2862438885028	214.74863210585812	547.4314723569911	370.8443984589404	204.27544600225607	189.56586663215222	581.628931968234	495.94209447403375	239.3874825698976	515.0733049568181	167.5394282846628	457.0223373441527	802.3441839963641	631.0864386434877	903.0227337664974	559.9798224056804	637.0840604864284	448.3477477974479	619.5427427274608	747.1456686804194	835.267272946345	230.86499695284866	451.9729415035428	82.06521087775822	595.3306558593035	627.3804296720971	593.9267646210749	370.6775906199604	537.2172310510566	813.458831000315	402.36582619527337	666.5922669184363	643.3098715582859	489.658462435489	543.0547448997866	480.588471655892	449.3399630214525	694.3390768676611	593.6024610001268	737.3508309156518	653.0842346465564	566.8285549978666
Madera County	941.0493442462556	1090.577143226957	728.8477452791399	893.5103044206761	1015.7573809174849	1050.797623966402	645.8578928925161	785.6800229505792	561.5151827724065	868.4143048279732	921.371149014979	899.3680462822279	201.3675264123811	706.4140481212665	725.101445036161	197.05658557478446	157.06073543633337	158.50423645834698	317.17323302337894	129.73349101580794	308.4364850499919	209.48506068178213	624.0678703719408	188.21714586368526	50.61110322745946	352.35829358914975	487.1971517113321	611.8990934231668	220.71430249403676	226.46273024553676	126.60268633338413	335.53177958350756	397.77430249428494	360.99471507681335	0.0	279.95125809994516	42.5651499820104	405.9844004507842	86.19180920231328	494.42192722892185	110.02773590113875	176.34850484704947	268.23005036165824	248.68265326226484	431.66852690652905	222.83792676354255	323.17363880122787	514.5970600900663	196.29184825523984	136.14719617662615	413.95016029808033	538.2811400977901	295.3285015154945	156.53642975522826	212.30132978973708	232.97076137183507	298.34508171160974	171.86506716283964	441.7555175270258	271.6734608594443	542.3261895018732	225.60686275147626	314.8259199187822	117.43929960193225	265.4332674027064	389.329629527636	480.38291699873776	139.117213346692	92.21138581043026	321.8660406012944	249.6677099283281	268.085189673235	289.4281759774487	436.3812175480691	188.91211126078076	578.483581924279	197.2292989736171	431.29220138040193	380.3789443484959	434.0703461085525	207.2401689231592	186.5955603737798	301.88259414482053	377.42800371549504	248.58190590680022	391.9454412067228	489.0695630481705	216.07838846672882
Marin County	1216.9646596064385	1367.2637093616702	1005.2754671864981	1173.320863506323	1295.016114612239	1330.6939823236573	919.3956109042804	1062.126504190711	840.7358391183611	1145.2593275275317	1193.942466880631	1176.6184676061848	132.66253451467063	986.3090928893674	991.9257099976488	85.90893165702941	264.7713464708295	187.81246797330618	205.00120503639715	191.66581203003116	132.76009128556976	71.16169425580357	426.4673527516907	209.24395641080343	308.4210765678755	174.9927462086025	543.208545512096	869.8449601114311	500.5821793868419	467.57388710453023	340.63030499212505	115.97466054566372	348.0609736449605	588.0517422654133	279.95125809994516	0.0	254.57304490632978	164.98110643838723	202.05788518827652	430.11020018032787	339.5578775181803	238.0186346174027	62.5087932110722	220.37746281844517	661.0395144169578	208.72355430593285	272.22307788569043	774.218701368503	130.47502298322348	217.33333254696288	685.9613708699158	777.0628837618161	43.97284857667144	129.7943541157005	360.3690915729122	78.12497471541809	459.89652587551836	131.05159126569848	307.17654230277117	256.6693614188946	393.623001710194	74.46059285886545	54.933592765943175	162.52201616782025	142.10216354116287	234.87704843476334	290.3934839649781	405.6613367230401	243.59263633660663	523.0728377116181	101.39609461521337	182.10676142571995	422.0308068959583	714.9931704027986	289.061773759604	720.3463623087711	449.5511650536275	598.726569704483	533.6454777988662	693.542500473179	326.9332128150242	381.38599335312847	550.7928133827456	458.106822247462	319.06068006219937	398.9057668826801	696.9933797751987	287.8897003749715
Mariposa County	962.4649683699103	1123.505988105819	750.7109013740127	922.669383570738	1046.1451472410222	1079.444497807559	681.107845250784	819.0761557886499	587.0305038104201	890.6867739284751	956.6324704806051	932.0434452335554	195.36359179905097	735.3261522822385	762.561542624422	176.34915800477046	117.3781318213273	116.8291951648423	275.393667835796	88.88054066874182	270.2167720021341	183.41391399374876	582.9998078430224	145.6695146396851	92.81522654877824	312.82183261405385	453.389108479141	651.4755552263117	249.22537161832304	268.9227139039058	166.7453196670094	299.71820178337674	355.79267639830033	403.5220202288244	42.5651499820104	254.57304490632978	0.0	370.41966060977103	82.83690040925481	452.61347401117314	99.01401427171055	193.44792867735597	235.6069061242005	206.12489472403442	474.06810272928567	180.31956161205355	280.68834272369463	554.1286905751034	158.79644717398887	148.97234232054728	450.5604449306875	580.0818231635079	275.1751027344686	126.21395256750526	247.5968446405901	217.60009690389776	337.44454936400484	161.77538888809957	399.4671317293613	229.35154646908413	499.9780843502543	193.94634521154416	284.4124015052179	96.0717334792944	225.83208937103112	348.0072265083858	439.73775077823205	179.91229011419128	50.400441397089075	363.9043874774295	213.32285304549515	226.45943584443282	261.570172845019	460.9470261053825	150.8091467826286	557.9486717062227	202.04058059156068	413.8022770691088	359.0058777736617	444.87281724978754	173.1235387113679	168.08917412509015	306.74649619658504	344.50037800528435	210.4795588273499	352.4815641464631	482.1007953093487	176.61518144796094
Mendocino County	1310.2462710133877	1493.3918033941122	1101.873441015374	1288.4696100004621	1413.5207566457018	1444.0319431523728	1051.3788147020139	1189.2905189380992	948.1489102693183	1241.5294822860674	1326.9279811729418	1301.8402885382618	296.86083938482085	1101.2846559009713	1130.8360608344708	238.99516059948013	327.44152296412136	265.0848171592735	159.96353536419312	285.65095049713204	107.50178131843502	212.26798458804797	263.5439723083129	261.05032206436755	445.0082678582139	91.29328284721198	500.5928416869506	1014.6475090443731	617.7620238423013	616.088191097142	491.10998526218947	70.71574803839592	278.9330168189374	742.4600356580537	405.9844004507842	164.98110643838723	370.41966060977103	0.0	343.80307721783504	332.77566915829766	430.828402989645	401.09083123173497	141.10198847211106	230.14537392350917	815.6050207349234	237.82122046847323	232.46376567867316	917.7660656749309	212.11190548396993	375.58789254622155	819.9267775973375	929.6854490291105	192.9340876367517	251.4250840882701	521.9467314592705	242.99139105295208	622.4939404146126	289.53605587350796	189.6698731385906	251.10128712561465	251.72012296258157	183.65978301447478	110.32395678384339	297.18114886033106	156.1131808318487	129.0464420655897	138.00909614375212	542.5517495901506	340.0368958984543	681.8184023630673	157.15473114823422	181.34360250638767	444.52604986993373	821.825466355319	335.64240231522075	711.8367050851457	537.2037084217902	616.2504249862365	549.7814953158102	772.250644971279	368.48607635092054	446.23284810387673	627.4332321068676	443.45113827778016	336.47395922183284	352.6629656404925	733.4478501896969	319.5104863944295
Merced County	1025.9953123927826	1165.2473167899682	813.7296365530196	973.2427442844453	1093.9891392895138	1130.8844771910383	717.4124804033255	860.1141931821	644.7325253894352	953.0426685680148	992.1478239325573	974.6992396464714	115.69377917793842	786.6721152784157	791.2974360596072	116.47908351672018	178.19608238992726	138.9859646507895	285.2457208226031	110.89481132513494	257.17384351368094	134.99690036944568	580.7600680079646	177.6596262297563	106.41090649932853	305.08101287209985	518.9069352285496	671.836656066627	303.4533535665182	272.31890712635516	148.7535961153413	275.59455413582526	392.18654031017616	400.64624459462016	86.19180920231328	202.05788518827652	82.83690040925481	343.80307721783504	0.0	489.0479114940829	181.53068919243123	118.57853181719594	202.73466290060927	233.84819449272794	473.58002095119	207.62605822816536	311.1917336231401	575.373757133883	149.74424065641773	72.50729636426023	484.0253486318835	586.3893602092279	212.25364505105938	95.49381271327826	202.72275201392472	147.85961494731674	301.86285171144334	85.75935739852731	412.5833109010777	265.4569243643332	512.6412861760266	160.21776375932745	243.49849723074317	47.772357287500284	222.01186819506614	351.2986953686877	436.1090620730435	203.69892254864322	113.61205142051415	346.4156982516049	194.83013334810204	237.06151967686597	337.3364066072005	520.4039903143571	213.72268740277363	637.7034333803595	280.28989100220105	495.2657085263173	438.8627153672547	519.7390528776763	243.09746034045384	250.20615930287514	385.3521330602837	412.6957766632251	270.48128447864616	404.0725735854336	564.8257014397441	233.84261505861832
Modoc County	1194.8259846758556	1456.1282072109138	1005.5003179265386	1228.2962259600463	1357.19181146562	1372.5292887465946	1053.0704603046506	1168.0898594734003	889.8587509208869	1136.3390152372667	1317.258851865637	1269.3684263811915	521.2346019266654	1050.9398725235453	1150.305531859631	450.50016295628444	339.50779729966973	350.2368457510771	226.86711453375005	379.3017760076546	297.77593614829044	421.83721011524756	273.4853976809223	312.54969860516866	545.0326956282042	263.00986846289	216.72901596429875	1062.0849048494877	628.1993225332367	715.7517729806102	618.7950782109777	326.6433473901043	97.22551436611762	850.1249167981779	494.42192722892185	430.11020018032787	452.61347401117314	332.77566915829766	489.0479114940829	0.0	438.1524625703551	597.4390193393707	369.3834942750225	255.27732379433962	917.4971212801624	281.4219465650936	178.20469112688252	967.4784530175391	353.463446654249	554.8994939910124	847.0522973922285	1014.3358859739194	473.23449780756596	409.4870034276438	690.6653168356363	485.73932655550703	786.8125559038657	493.2734298660437	144.4556072178826	224.7805832542366	150.93329668822648	384.1689029465629	389.40500480618095	448.8442905188953	296.31544692938735	206.8979572230924	226.5493277885491	619.5152380729941	402.309650616489	816.2713193892213	339.21455506918255	263.6566912775762	308.5204308313568	775.0873648108585	313.33888666125233	450.609902264236	499.5012304916041	415.11439400497665	361.98593845164265	667.01077646216	313.58209525610613	394.1683826926478	543.1217967850984	232.30167777494472	259.9501736263886	130.1408461932016	547.9324206933112	283.4895523140952
Mono County	882.7813845577998	1069.3193637580534	672.7116988044023	858.91799953715	984.9856313099946	1013.7712492070873	637.7870320677163	768.0028340869818	517.4893206397902	812.7167776305973	911.1204323455535	877.9597722866645	294.0960929231357	672.1756393438486	727.4954498157746	268.58422984918815	112.5037945197605	166.17240680009854	306.1114044216414	150.631778376117	324.3059902569335	269.8511487271475	611.9981969756469	174.01828883532337	145.74761883545955	358.6719939403164	393.5340706356991	628.6984748977819	199.0555399958877	285.97823407261524	221.32910081902511	361.4576658380278	346.51526883585603	417.2378751515982	110.02773590113875	339.5578775181803	99.01401427171055	430.828402989645	181.53068919243123	438.1524625703551	0.0	285.6197676729915	308.55384805849707	225.26922798731133	481.7581230738451	205.17761236624804	285.84875386839315	532.6047342394718	223.50302306306818	243.53463145052336	416.87432029546534	576.1976656178891	365.7092881977906	210.25705005718135	314.40192919606693	312.74012628380285	389.9500476451882	259.88780793073295	417.4292768737405	233.4699964524963	514.2096545344219	270.9964193638883	360.2806523562506	191.17354903134483	275.9476361152522	380.0993953069574	474.67501294991706	187.77180143264508	96.23017959386316	396.2081999862019	277.47643519242007	262.1382038898168	187.97000060300837	391.33365619826577	127.23618156037622	468.9024802267725	110.1777921471942	321.27918017815375	271.46889260990355	353.9848569989509	126.18164141078886	77.9125371994019	211.94806248801282	283.48898739272784	178.43911500275271	320.5932126256127	383.33295073825803	157.1025048989881
Monterey County	1069.8762355291974	1169.4272688997974	858.855670149459	994.015340410671	1108.893882776546	1151.6286906753076	719.1461886013482	866.631198636898	683.0954858111199	995.3087687034607	988.1699250936664	982.2702651587422	105.76133103795698	811.3268829928809	779.9747739179622	165.2022503527134	296.7743603768433	251.89594519073893	381.7630993387676	226.21935751890345	336.5624857132893	195.07244806161992	656.5799173180328	291.3124887975968	159.32528472671072	385.82390936201466	637.4286319241737	650.836946431773	351.88766413000553	253.51251502041941	135.95606394848005	341.495961528137	501.8183155174302	358.56617944456957	176.34850484704947	238.0186346174027	193.44792867735597	401.09083123173497	118.57853181719594	597.4390193393707	285.6197676729915	0.0	267.41573620048126	343.3143442837258	430.39213865287235	318.09260023806695	419.429185240851	558.6384670030303	245.74051027037115	46.07175287762609	489.2235103765665	547.9780159772394	224.92257840738523	188.5006221579178	123.13512890424761	160.9054306012913	221.87790357705683	114.05265926734643	506.61677635217524	377.50764336713735	603.8980866469276	232.0712277785468	291.2085113633323	149.62949072633495	312.7842030043562	439.46656357053445	514.5091579490042	227.31875532448626	231.4542373411971	288.06309241687876	276.1582406485045	336.932617645283	453.97611028488774	565.1675847407494	332.30088316722174	751.242940915621	369.0600707636774	605.9664610613569	552.3477087904164	593.9348537152291	361.2107424290134	360.11150027956137	471.4300884436972	531.2339990810217	388.83052792615575	519.9765212301211	664.7981155979348	352.05160497361226
Napa County	1191.1397860168881	1358.4982931737468	980.5705407927596	1158.0805699276304	1281.746150965408	1314.6508101273937	913.9923134008247	1053.7467889612803	820.8678903268097	1120.6565332313369	1189.4535991499633	1167.1523383891222	168.537803663233	970.7183401575294	991.5077458560204	102.2409942544621	220.1185480157674	145.7243150585163	143.2090644133636	158.01416133287108	74.96306161581866	73.06909897138743	389.19602246835035	158.6474999706037	304.95439724797814	121.98375306287643	481.64312417525747	874.0514485977477	484.81308083711554	474.9912440504082	350.1200043498574	74.83697699080906	285.83686593432583	601.6953438615781	268.23005036165824	62.5087932110722	235.6069061242005	141.10198847211106	202.73466290060927	369.3834942750225	308.55384805849707	267.41573620048126	0.0	160.68445968169615	674.8177111679305	152.0409457775691	209.73167481759197	777.3163581299165	86.01669784305238	237.5324018641434	681.606197239984	788.641478630092	106.47874290673955	111.88923657587972	385.15990269666423	121.53826387881612	486.3709217652311	153.51883223087165	251.73167625340133	196.00891952578976	343.03307697930234	42.95474886714196	52.25796978817457	156.40607496467115	79.80291124750948	180.21103086509896	247.4406075774176	402.82307207202564	213.09380320661253	542.4572199195038	41.50108365104134	120.07015992201313	369.0815469925698	694.4635836194724	239.8595417157073	663.4533704852777	418.31463113100915	546.244551861085	480.4008732120397	660.2580132362241	277.2096800957064	340.14358835863624	515.8430526422545	398.91238393141504	263.3590502622964	336.66399719698325	649.7429612495196	234.61136261497668
Nevada County	1087.0252919810503	1293.1471558516675	881.2650514009872	1079.0647653786377	1206.197979732663	1232.1964871869584	862.9687196495377	992.831392684088	735.8927929024877	1019.9822746861852	1136.3732541006723	1102.0459438590883	276.0986163236112	893.3794149072634	951.5777434130739	208.671614981424	112.79589575507607	95.4989609512599	82.21720647691885	125.15856735606489	126.97523416188479	184.37455533167582	387.0343107578791	60.49198599560597	298.50583377607677	144.03464956629236	324.399626964408	848.3499224751409	423.90576687832896	474.9343785791501	368.3315183410619	171.7126824475367	158.75196155631903	609.6211710879921	248.68265326226484	220.37746281844517	206.12489472403442	230.14537392350917	233.84819449272794	255.27732379433962	225.26922798731133	343.3143442837258	160.68445968169615	0.0	679.9011431582841	26.517042863579146	77.39009737199153	751.3467202883079	106.33711950503184	300.0239452149696	639.795751158413	784.2033797060415	263.01016840638727	157.63160993956942	435.9658866438754	251.58625210306832	533.3100953947303	244.46929050720811	195.43729012354092	37.734272089400946	295.10839650901625	152.89838500716854	205.2573430854126	193.99510781303525	85.48884845746333	155.25915333274583	249.80657311719432	383.4316550566768	158.2345754954309	568.1610541893492	119.48799979785584	49.40294357362595	217.01488561253905	611.1385142190767	109.37564528295523	503.6581359541443	320.980274621892	392.5729590878538	326.0111965675179	546.4871684162096	139.10960804764613	221.49667615362858	402.7306915285551	238.22921784058917	108.30831120187017	185.5625476182326	504.8315074825722	89.6530703829031
Orange County	782.2975293641447	775.3746715722355	598.3468622591333	644.1138284032737	738.5315011942189	793.0393829411872	345.85864679728786	490.68718505538357	432.5248548278452	708.9188405814872	585.3113346954527	601.6463160853489	533.6093832112556	490.07952113878775	373.32254727060587	578.2952215487383	579.1009629341072	589.7732650022211	748.1542670731365	560.4007456797436	730.2064972055065	603.5125092880633	1052.2805954706917	619.5893404754571	383.1170985288288	777.2669698768901	860.3368248848155	235.73711410353286	322.73060966991744	205.2655180985691	324.94741907570165	748.7113794781525	823.0155689412474	73.15417654154234	431.66852690652905	661.0395144169578	474.06810272928567	815.6050207349234	473.58002095119	917.4971212801624	481.7581230738451	430.39213865287235	674.8177111679305	679.9011431582841	0.0	654.320476181682	752.7738583284545	164.30366344782325	619.8820619883403	443.7653553397904	196.8986929108905	117.91325276897003	654.0909340409598	568.7888474202795	309.77091331001196	587.7490044970178	229.2856203930267	530.0355468150765	873.3959991306576	700.309541475636	973.9922427387403	633.0566327533363	710.2067235430021	521.2440669510916	691.8718230597076	819.0946886719474	907.6979313606785	298.2688495867921	521.8530746666382	146.2392056594466	668.1600650461925	698.9140118274539	653.2714752900131	378.2736556422008	604.1790477456298	857.2182776563046	456.450808663198	713.4154677273309	695.173256390528	512.870238256831	607.9349717118446	541.3393078138943	491.6110267202506	754.2002903478672	659.4757413297012	802.349611702691	688.1986827298388	634.0085654890089
Placer County	1074.345922291818	1274.3310877776314	867.4063876480348	1061.9970935189149	1188.7302555605083	1215.7973004939126	841.973929125297	973.1732194156377	719.2571023404281	1006.5587841396652	1115.9209409569673	1083.0394589517964	254.14283651167628	875.8330197101538	929.5383180652292	188.45079081169487	93.83716360919597	69.03083412646042	101.10517609949773	98.6438945884265	131.3129869000041	166.06460990391417	409.1043330859909	34.79404905346067	272.462453188076	156.40970165911946	341.3884842733901	824.9130005110561	402.78090718214975	449.23399209947377	341.89808552645604	174.747045913603	184.64803145240117	583.8322423614173	222.83792676354255	208.72355430593285	180.31956161205355	237.82122046847323	207.62605822816536	281.4219465650936	205.17761236624804	318.09260023806695	152.0409457775691	26.517042863579146	654.320476181682	0.0	103.80726929669407	727.7935429352569	86.60383376004572	274.42809419998395	617.4197117676572	759.2271374043132	250.06440065884257	134.13574076034178	409.56707203537684	232.99513461515974	506.8081493898653	221.5422583768466	219.9026683259395	59.800546106776565	320.0554771607596	137.7408339671549	200.0662330268566	168.54186273877644	84.781371457508	175.2976502504813	269.74781946322196	358.407420071246	133.16947879041868	541.809643646142	110.62964877914233	58.36651418984644	218.05559345004946	593.9236657722371	97.82988290673123	511.8795283225702	304.6651561352956	395.04550469852313	328.89578402683446	534.9586415792982	131.8020998895946	208.89137999909235	390.4290025810339	250.13178396170832	111.32754461553591	206.75241234151082	502.8775881564106	84.76143772719676
Plumas County	1120.0072887158233	1344.0307957989805	918.3706833521677	1125.0510554629404	1253.1386281507	1275.8889832679135	921.1792391460492	1046.7485977852	781.6859519068306	1055.343826187025	1192.4574049559692	1153.7964381359527	346.9483698799311	941.2540385644895	1012.801175922074	277.27879842828827	176.11237732855963	172.83785440537045	75.66547451769826	202.3605081465347	151.22497350793952	250.24052985468026	332.0074170912425	136.4740087073234	373.4715355881075	141.5500969418526	276.4936389798286	914.0607397580362	484.30469162995945	548.4456935533416	444.7198481385309	192.68749675627603	82.69527756059546	683.2862438885028	323.17363880122787	272.22307788569043	280.68834272369463	232.46376567867316	311.1917336231401	178.20469112688252	285.84875386839315	419.429185240851	209.73167481759197	77.39009737199153	752.7738583284545	103.80726929669407	0.0	817.5726335052493	177.1611173805852	376.7041188090319	702.7129408354504	854.9314460338072	316.17181135864456	232.01597298591756	513.3533055896403	316.48991033052766	610.5453695616	317.2327962751113	134.02287851028126	52.92279089382353	228.4191217372792	214.58271901348775	243.62078844484148	270.6436475382628	130.36590530680817	120.7411012342036	207.37731096341142	455.02601466716345	231.3918415676903	644.0555917539095	172.91959070044848	91.81737645375776	224.58081667629853	659.2589875744859	159.69521166975343	479.524654031666	369.9533415066356	387.80053070717236	322.12872805448706	579.049973360601	176.3967549128417	264.39671449959513	439.41940569940294	210.9887052881503	127.09076698174181	128.43632120159546	510.6657575642326	131.25908799970318
Riverside County	623.9561737771777	618.7508819694432	451.21998047912103	479.8175454394304	575.7282996246648	629.17650799358	181.57205347094748	327.4878183186224	302.0393398916312	551.9462936793865	432.08629768794594	440.03266057359554	655.2804386260702	330.5942491026591	221.61454237275618	688.6769422948313	641.7099211627592	670.189189099982	827.2050634082218	642.994166455701	822.9489388098986	710.1531587422802	1135.9766705309523	693.4387472784118	472.8232695872479	866.8013744422174	873.9876026274554	97.34743497784054	339.71881153095774	307.7520670862649	434.4338996459315	848.110789119288	878.4201264685187	214.74863210585812	514.5970600900663	774.218701368503	554.1286905751034	917.7660656749309	575.373757133883	967.4784530175391	532.6047342394718	558.6384670030303	777.3163581299165	751.3467202883079	164.30366344782325	727.7935429352569	817.5726335052493	0.0	710.7502205341679	562.0746617665595	126.43360803614331	106.4437241387313	774.3853194064728	666.3602190250499	446.7015153252888	706.632585538137	382.28735988638374	644.7713535385793	946.6062947325609	764.7737324837432	1045.2073314851325	734.4203379542344	818.70215744036	620.9213046407564	779.8110321272204	900.8675143929519	993.561571399701	375.8767795641985	595.8342306314188	296.812434910989	763.310914269649	779.0992877285004	676.5413781479037	290.56044757746685	659.8409150141968	826.0927645599484	473.63957759617915	695.1555065148418	692.37667212369	446.20455185360345	654.2054436853565	574.6742297731378	472.8194051571141	775.9598424082714	708.2444891405065	843.3283019197589	640.1097800838359	689.6738764683445
Sacramento County	1106.2791612523663	1281.2805180714013	896.1285361828227	1077.3691477194798	1201.951965467674	1233.3984415443197	839.8665947134339	977.214750098745	738.3949281328378	1036.1646357842956	1115.3719507775165	1089.7312137034487	170.26004231372954	890.0639905428327	921.0198655342335	102.36790811850203	135.48015805397813	59.79629606095132	137.07846230327033	74.12424400327737	112.20184074534986	79.57938551673465	432.4793673374761	79.36353062239748	239.39787584312484	157.56608357326866	427.9828156930661	808.0089238121564	405.7118716336385	415.8674068011177	296.80976134914584	141.43295652039677	259.7646514216183	547.4314723569911	196.29184825523984	130.47502298322348	158.79644717398887	212.11190548396993	149.74424065641773	353.463446654249	223.50302306306818	245.74051027037115	86.01669784305238	106.33711950503184	619.8820619883403	86.60383376004572	177.1611173805852	710.7502205341679	0.0	205.75585802263814	609.2513772751977	730.3699061878742	168.4621795495857	57.57850863457842	349.90606245031574	146.39301696715324	450.34811359420837	140.101534874354	263.8798052339078	143.88008902111264	363.4000896500713	56.05624581162578	138.26302793232816	103.04431179009197	72.40300681720312	201.56034393606146	287.83658960535627	334.92773701178976	129.2587749979744	495.92133536590336	55.12894136849028	91.19310408650041	292.05409165568244	611.9400633062156	158.58745008123444	592.5401649377878	332.8473383492022	468.4363269955688	403.62297574589104	574.3146412285523	196.4585071415308	254.62249036973407	429.8405743210756	335.0559773257178	191.66568580024827	291.8372817792223	567.1902123386219	158.64338416814905
San Benito County	1051.3115546481097	1166.2193179655565	839.476190654505	984.146451999442	1101.4574337619392	1141.9995789803013	715.9837560152362	862.0113426577128	665.7961357267992	977.249334661441	987.8711732213329	977.4717728294421	93.44331554915243	799.5960835401168	782.1016037049611	136.5983002329551	250.70272803617982	207.32341397810072	342.71835061371513	180.94796255891484	302.81204384053734	164.48220168594833	625.6792757729986	246.64952935841765	128.6266048222318	352.03973157242297	591.3817437371529	656.3765382100626	328.71570245701696	254.33381401485354	128.5135577641893	312.35600863620783	458.75825871244723	370.8443984589404	136.14719617662615	217.33333254696288	148.97234232054728	375.58789254622155	72.50729636426023	554.8994939910124	243.53463145052336	46.07175287762609	237.5324018641434	300.0239452149696	443.7653553397904	274.42809419998395	376.7041188090319	562.0746617665595	205.75585802263814	0.0	483.60640351528815	560.0841933403665	212.5333539105737	148.17923333119677	147.85119302711018	145.03094658749106	249.20291956959875	86.59023039247568	468.8647136000399	333.48998200491144	567.3524436812343	199.03850947571485	267.64382892783584	106.06714618408161	275.11893845289666	403.47628497974017	482.23106985328485	210.49861651090487	185.54099471310292	306.486565691176	241.03478997195128	296.58512166030926	408.49613910397	545.0044436749114	286.2292165914661	706.8853974591167	332.2615731335932	562.5159448683262	507.9315570043698	563.1797840166918	315.26445770164145	316.6073654331917	436.06690867256236	485.1716216400245	342.8394524905867	474.8224669899696	625.096091281369	306.102486030549
San Bernardino County	611.2566972741388	682.8686801684996	414.0876647196545	507.0944011935707	619.7489517879368	663.9740671925997	233.4697821667285	378.4056112869543	240.5332435898412	536.177727414963	508.2231625349819	493.8822874086792	576.5441024195832	330.23359187218875	312.4727439098081	600.1208650199662	528.2059576547973	563.9757637871378	718.0614494013573	538.4285144739981	720.738292338674	618.4627105760923	1026.51530624753	583.7474956126025	378.0322857180668	762.3280925861919	747.9724516508583	215.85841561489116	219.35941491364514	238.1185981520524	355.7716112024696	749.4228845099979	759.9799658979454	204.27544600225607	413.95016029808033	685.9613708699158	450.5604449306875	819.9267775973375	484.0253486318835	847.0522973922285	416.87432029546534	489.2235103765665	681.606197239984	639.795751158413	196.8986929108905	617.4197117676572	702.7129408354504	126.43360803614331	609.2513772751977	483.60640351528815	0.0	211.14436990906538	691.7357833003881	569.7192431643119	392.4099746048332	624.2366305769261	354.5439072481942	560.6360722494168	833.8909763631799	650.3190162587464	931.0832353788232	638.7422672547789	726.328384731496	526.7655529307814	675.6060663169146	792.220804829838	886.0535469242656	280.3271616354708	488.11405076363377	275.7774784310533	663.3406441591006	671.0576629654362	552.1323793246679	184.19008011495404	543.5386159153018	702.501172799368	349.91991705827655	569.4378072680677	565.9430661368989	330.6700266472183	535.0268936844463	453.05392089020785	346.5576956718107	650.9332909692157	589.2098786114036	721.344648423922	519.6922686040626	572.988215020716
San Diego County	719.410939406121	669.9603838574565	554.7300474314502	560.0537483725609	643.3892658510885	701.7802092101387	265.9493375821823	399.611452535757	408.4816216121732	649.1644078376237	478.23132218267546	504.73872348765786	650.6781370724747	427.0120898008058	268.9321314422815	693.5801193540055	679.399651051793	696.7566834728065	855.4221199910568	667.9427885209545	841.6510875810526	718.0773723837015	1161.8307922895508	724.4390097702156	491.5134708411521	887.932202544797	939.905142435988	132.4547145831204	397.6005906054857	314.6370150740227	438.60252996883673	861.9783738771948	921.7527586890782	189.56586663215222	538.2811400977901	777.0628837618161	580.0818231635079	929.6854490291105	586.3893602092279	1014.3358859739194	576.1976656178891	547.9780159772394	788.641478630092	784.2033797060415	117.91325276897003	759.2271374043132	854.9314460338072	106.4437241387313	730.3699061878742	560.0841933403665	211.14436990906538	0.0	771.1818721778276	680.9613208762656	427.67287701089424	704.5431866123702	345.392343300932	646.0134644462179	979.0820142113643	802.0891362415243	1079.2505974168769	746.4735555050291	825.4437390399811	633.7544286470907	801.7742303565095	927.4973480915666	1017.611854331682	400.8199328412585	626.0762569017634	263.7942136444093	780.0696100699612	806.364961552083	736.4800527102715	389.6938311070681	701.8280425586214	911.3927374151635	534.4289889164537	774.576366517646	765.026840885624	541.2575172257568	701.5775661431077	628.4330947823781	550.3023389862317	837.3261867879355	754.5794282818167	894.813613544736	730.6307925319398	731.868914807226
San Francisco County	1236.097293295429	1374.4268827116625	1023.980110755225	1185.2498164171272	1305.4040816785816	1342.9565564657487	925.0422618092754	1069.5057216652997	856.5500305929827	1163.6575775489268	1198.367825580083	1184.542389981555	120.50406459385287	998.832345708445	993.9001444671043	98.93305730937823	299.65402177672377	222.86639489939265	248.749069018929	222.49240686382308	175.5039081198677	97.29693830068085	456.47145710985455	247.82482566150486	317.641563914605	215.5890812338842	586.5330719189868	868.8944126211603	515.323640655322	466.65399631880297	340.0702549034581	154.086553774802	391.9340045782396	581.628931968234	295.3285015154945	43.97284857667144	275.1751027344686	192.9340876367517	212.25364505105938	473.23449780756596	365.7092881977906	224.92257840738523	106.47874290673955	263.01016840638727	654.0909340409598	250.06440065884257	316.17181135864456	774.3853194064728	168.4621795495857	212.5333539105737	691.7357833003881	771.1818721778276	0.0	156.28340432237783	347.9853860293379	67.81173646587987	444.9663139954791	131.1031360687037	347.857469204843	299.67399370457804	431.4126095049478	113.01216707989546	89.21146275280223	179.61444781781438	185.9772317337199	275.5734302235374	324.829223173394	412.69879084739824	271.2096770902275	512.9159730762575	144.77254217240298	225.84657022475537	460.410801528646	731.6806482609443	326.08161920128435	760.6423913110486	474.70716214821084	636.4033691734804	571.9133950929887	718.7566443502901	363.9448955960687	413.1701716208216	577.6562133458525	500.0454996924813	359.3423988816632	442.68099590074934	731.1996890191748	327.05328129601867
San Joaquin County	1087.67091489576	1247.082689456888	876.1866841948329	1048.4255803199103	1171.4278791375	1205.3644023726006	802.1358932038605	942.2121696495785	713.2405792991453	1016.2356674282174	1077.5800202176185	1055.830259806471	121.36036083797984	861.1286141731114	879.8065569721477	64.72650395411517	149.6105936448618	78.22210085480437	194.5840925134078	68.10932158644535	161.6810567656326	59.60590181081341	485.36154355844974	114.39813373625671	193.5841005468595	209.68667483002088	470.631222279828	763.2921471719812	374.8500077729968	366.44019555587755	244.17096635441231	181.90176565134823	314.68506482045774	495.94209447403375	156.53642975522826	129.7943541157005	126.21395256750526	251.4250840882701	95.49381271327826	409.4870034276438	210.25705005718135	188.5006221579178	111.88923657587972	157.63160993956942	568.7888474202795	134.13574076034178	232.01597298591756	666.3602190250499	57.57850863457842	148.17923333119677	569.7192431643119	680.9613208762656	156.28340432237783	0.0	292.9039469043917	112.72733724323274	393.65248408540623	87.55678108512429	321.10479168113204	193.81771456778387	420.23954693473826	69.09926227397102	158.66537154967347	47.730862840460766	128.08365308318383	257.3677111605069	340.75403482709464	291.2310920868204	115.00327700303535	441.579077440449	99.3925621767752	148.59355532260105	315.93436045706306	587.1239774511952	180.63904399226948	620.1549845700603	320.0059491888056	488.27420003613855	425.79346526829954	564.1142711761235	217.3264400483181	257.7103801033849	422.0009338483166	372.0298821307429	225.720541371293	340.6315818627306	577.0274100176376	189.5513759465211
San Luis Obispo County	992.8292324848813	1063.2614171327361	785.4471860028168	899.3433025940558	1009.4495003112744	1055.8025813167726	615.0119824680727	763.7614987943942	606.9462090734282	917.583520484932	878.5951706453147	879.1037502436993	228.74169475622273	721.4924578188161	668.1747496760552	283.5345700940697	364.47355427217553	340.56429320666354	486.74633309170747	311.3636750531265	450.43690235943154	312.0936615003481	773.529473227769	378.1839350974949	168.74735344565312	499.59386956927557	699.4659902444135	535.8034702309917	303.5208739258933	155.84259082111654	95.3649440570648	459.9229747765679	593.5352692292495	239.3874825698976	212.30132978973708	360.3690915729122	247.5968446405901	521.9467314592705	202.72275201392472	690.6653168356363	314.40192919606693	123.13512890424761	385.15990269666423	435.9658866438754	309.77091331001196	409.56707203537684	513.3533055896403	446.7015153252888	349.90606245031574	147.85119302711018	392.4099746048332	427.67287701089424	347.9853860293379	292.9039469043917	0.0	283.84425640198106	101.36150994506166	232.5172414239272	613.7820155422669	466.14211989006674	713.1405974414089	346.87648846487366	412.7621656914015	247.1192530179412	420.92588383664327	549.9855549326036	629.9979976115181	177.15020267689877	296.2749444497622	165.54490210822982	388.3996762237391	439.19032380093154	500.29005973931004	498.5717628730242	398.38363278336396	779.1469717963323	366.0646030448811	628.9436792897723	584.4168645593185	558.133002031185	419.2829819288565	392.1729985703055	456.9387204289561	589.7287913510903	457.9942470621313	598.7107654255678	663.959883012154	423.51607856204697
San Mateo County	1173.7696774884434	1307.0248706975756	961.5161766668673	1119.1772559015487	1238.7820786295915	1276.9620578161457	857.4662039325175	1002.1870225995124	792.4636839750794	1100.8831619945063	1130.6352732200617	1117.3127276762775	55.144345113413735	933.0659838177322	926.0893380458324	48.02897880397117	262.33433746053055	189.16402221024612	259.12310023804514	180.57630717839464	196.39228188558292	67.21173530034974	503.4047729351154	221.54324742232583	251.67258932340062	243.2945986821637	574.3743051714065	801.2545032038968	451.22633548991996	398.92547374081465	272.2755187887759	189.6722721923721	397.1881746417574	515.0733049568181	232.97076137183507	78.12497471541809	217.60009690389776	242.99139105295208	147.85961494731674	485.73932655550703	312.74012628380285	160.9054306012913	121.53826387881612	251.58625210306832	587.7490044970178	232.99513461515974	316.48991033052766	706.632585538137	146.39301696715324	145.03094658749106	624.2366305769261	704.5431866123702	67.81173646587987	112.72733724323274	283.84425640198106	0.0	382.59467772245455	63.95851192569442	373.11511674546716	289.3200288331312	464.2584706997597	102.10594190751536	132.70648952249414	121.87199507042214	189.49920100359793	301.74488588776285	365.1856483280062	345.69796991394395	222.1828960059908	447.7938968931748	146.5280188902545	224.925541500157	428.3788969071351	668.2613479364165	292.9003968850243	732.2888976558966	419.4457438388317	600.9790698264738	538.4840618030523	662.4329867010313	329.88206300647266	367.70953314938447	523.7597994522409	480.10991582035086	334.8363809835291	436.89613072188223	687.702529867395	299.6846760533233
Santa Barbara County	965.5384142741068	1000.6127189155999	764.6192369608108	852.8066853292037	956.0269328225863	1006.584312920589	559.5488453508733	707.9798577718306	586.8139908211602	890.3515883361779	812.1517020537702	821.7808382073051	327.48857742643526	683.109886370021	600.0812316279416	384.5580485752807	454.712352111597	437.83155344003114	586.8595387811193	408.1876620274448	551.7674817082556	413.3202901554102	874.8812477322934	474.4678171634066	249.72530628511558	600.9031992359188	782.1167213421745	463.7238705721567	327.9524083476598	149.5693874103049	171.94135754066272	561.0859037447776	689.5873992699941	167.5394282846628	298.34508171160974	459.89652587551836	337.44454936400484	622.4939404146126	301.86285171144334	786.8125559038657	389.9500476451882	221.87790357705683	486.3709217652311	533.3100953947303	229.2856203930267	506.8081493898653	610.5453695616	382.28735988638374	450.34811359420837	249.20291956959875	354.5439072481942	345.392343300932	444.9663139954791	393.65248408540623	101.36150994506166	382.59467772245455	0.0	333.4039654352812	714.0845585808532	562.034873762492	813.7405159314274	448.235545149709	512.9118715744894	347.3457874039164	521.7351945200628	650.9413686689404	731.3537188322841	220.02524251970385	387.50371620684024	85.48350013924633	489.67667380146077	538.9006593300859	577.9183169692349	492.30126800902775	487.2218943687646	841.5507243016177	420.2784403150706	690.6179168031337	652.4718347093486	578.6696960914735	504.33235456434835	465.6624391741872	498.37922446442496	671.8801371776544	546.9182380202616	689.8702694784591	708.9574949465382	513.9350705485027
Santa Clara County	1111.361071892285	1243.3303090862141	899.0864785296233	1055.2538836563	1174.8262060036043	1213.0484992742815	793.9623665858271	938.4296888942412	729.2369432733577	1038.2473723478822	1067.4543288889377	1053.5037630043905	36.39200399947797	869.2055042281735	863.5933394455856	51.296961208974054	227.6284148748778	163.6345283916318	272.00144430630985	146.0729401049769	222.7895531308219	81.02378917262482	542.7100107463134	201.34759954890427	187.8766730288811	271.98783701117475	557.3080866277504	739.9124356463635	388.15733681308257	337.42061309432876	210.4399581731204	227.92070667197905	399.8621058860382	457.0223373441527	171.86506716283964	131.05159126569848	161.77538888809957	289.53605587350796	85.75935739852731	493.2734298660437	259.88780793073295	114.05265926734643	153.51883223087165	244.46929050720811	530.0355468150765	221.5422583768466	317.2327962751113	644.7713535385793	140.101534874354	86.59023039247568	560.6360722494168	646.0134644462179	131.1031360687037	87.55678108512429	232.5172414239272	63.95851192569442	333.4039654352812	0.0	394.77981377884475	281.0809715480683	490.9710886410061	118.40095287353574	181.0968012937703	71.65440907041089	201.86800868356212	326.4654566837009	400.4578201554074	281.7800670838291	176.15350116308755	393.0147887950872	163.27280193001474	229.8756986218473	394.380721991775	605.4185560712127	261.3063568448726	698.6471205656404	363.31516689542406	561.7053888315414	501.6477834901074	604.5094267984822	296.1034163879013	321.4886858747946	468.2580025925122	456.9642764104063	310.62225399932845	428.16271645702375	640.5564293126956	273.86263380527356
Shasta County	1249.169836373319	1478.0342200746957	1049.5737930255082	1258.5560080517648	1386.7664113980359	1408.8534548643297	1054.3259997381042	1180.6739965976524	915.3105819279009	1185.6659201469984	1326.1316766375094	1287.8193027514403	416.7733283703367	1075.0831110384916	1144.9245676865464	346.37560561333333	305.691625557108	283.8048500128452	127.35489739011878	313.467003316127	176.77132401194154	316.00772487615444	198.2095776744367	254.6706197088863	490.527805793377	132.30568766661963	335.9764240196035	1043.5186325430018	616.4345757848664	668.1422129918953	556.1976490001836	194.68091527852087	119.17413409561964	802.3441839963641	441.7555175270258	307.17654230277117	399.4671317293613	189.6698731385906	412.5833109010777	144.4556072178826	417.4292768737405	506.61677635217524	251.73167625340133	195.43729012354092	873.3959991306576	219.9026683259395	134.02287851028126	946.6062947325609	263.8798052339078	468.8647136000399	833.8909763631799	979.0820142113643	347.857469204843	321.10479168113204	613.7820155422669	373.11511674546716	714.0845585808532	394.77981377884475	0.0	184.48206122319183	100.72730553968495	277.3843871370708	259.7866542676856	366.7599144113429	193.91208670811346	72.32250965163325	91.138924569716	578.2744485658732	353.0691662992453	756.5324935035519	231.70205217482302	176.09677910768	348.77726443679524	793.1962147243477	292.8546857641527	563.4726727877185	503.96898592789603	496.52576142396	434.12341304353316	709.3674085845483	310.32795848311025	398.34163032093903	571.7085204030457	308.85919825702155	259.81939398364386	200.61679890415877	625.5026740140887	265.03163349411284
Sierra County	1078.2350242758773	1295.0091796429747	874.6079849667516	1077.739083574481	1205.5087347649314	1229.5258208654773	869.8472153005291	996.6614395939549	734.2579923692939	1012.4447239070668	1141.7667200400572	1104.4344401441274	313.21429180413185	893.157521566051	960.7988867992524	246.24721602340512	123.203236862878	126.53946819745266	93.02408505041039	154.93500816739208	153.98959809100975	222.10829528043573	381.20266903926756	87.99637353802322	322.15302780890954	161.09410165948083	287.11500626908906	861.3228336304886	432.24871111263644	496.2480622084795	394.5817649079671	198.69856580745602	127.55533322279352	631.0864386434877	271.6734608594443	256.6693614188946	229.35154646908413	251.10128712561465	265.4569243643332	224.7805832542366	233.4699964524963	377.50764336713735	196.00891952578976	37.734272089400946	700.309541475636	59.800546106776565	52.92279089382353	764.7737324837432	143.88008902111264	333.48998200491144	650.3190162587464	802.0891362415243	299.67399370457804	193.81771456778387	466.14211989006674	289.3200288331312	562.034873762492	281.0809715480683	184.48206122319183	0.0	280.7933031475563	190.38411829367607	238.26249943666022	227.8801804174539	118.13750412726407	158.25345315240853	250.55120559404804	402.3839654012465	179.57660130769565	593.1856077452826	155.34912056331217	78.43531185568517	193.6073524106728	610.8678002232592	108.45155898930184	471.27141443901513	320.73149725180417	365.8643621780697	299.25755524535344	536.93587206032	129.59380186683492	216.7091390140709	395.1144760531837	203.8903021407559	86.93883782060742	147.95880033935956	482.57994666798686	81.58252426487479
Siskiyou County	1326.1649022711958	1567.763797200457	1130.6760820567724	1345.2697572838085	1473.88932540647	1493.5810336619847	1149.0281375747509	1272.7430699359222	1002.9558663555566	1264.8092323082951	1419.3716562430393	1378.3722469494373	510.77878701574014	1163.5297099353788	1241.175013469345	441.4129136808321	403.5446849369889	384.5100349299108	227.71100347080656	414.19059494699013	269.17471227256226	410.9365117491903	123.67177405752011	354.84950451757004	591.2103445048361	221.05014069744496	367.4240495778777	1141.9129567210746	712.7139934816296	768.7557279319152	656.8283254596458	277.81886801157316	186.23265817284403	903.0227337664974	542.3261895018732	393.623001710194	499.9780843502543	251.72012296258157	512.6412861760266	150.93329668822648	514.2096545344219	603.8980866469276	343.03307697930234	295.10839650901625	973.9922427387403	320.0554771607596	228.4191217372792	1045.2073314851325	363.4000896500713	567.3524436812343	931.0832353788232	1079.2505974168769	431.4126095049478	420.23954693473826	713.1405974414089	464.2584706997597	813.7405159314274	490.9710886410061	100.72730553968495	280.7933031475563	0.0	372.70288991365	342.20411101109977	466.433684327997	292.3260870710248	164.50715830236987	115.32344397131116	678.4365508993064	453.1766989355674	857.1270458810152	327.8119778933716	276.6786881571777	426.5665771653512	882.7782114388923	388.0092626773627	601.2354328812686	595.8473807085165	556.5731209939136	498.7020117624249	790.0532685468486	401.70108371990193	489.197150254056	656.7317599911352	368.75937165004615	348.9862231464142	258.4069943750521	688.6594983338179	359.1332325389264
Solano County	1152.4418846234796	1316.08900661714	941.4415158313388	1116.6148347041503	1239.9528081743952	1273.3714787712033	871.2260575290858	1011.2561333520117	780.3035077748233	1081.5400089445936	1146.6586774909092	1124.8002847399769	139.64734941272366	929.2724972422201	948.5574996017026	68.99146994115732	190.59581757028565	113.81229246412227	158.2478221471177	120.7401110299124	104.4920711152647	38.68178287258136	426.66760987338	135.15867002055793	262.0012110229928	153.76577536276332	477.28278753865874	831.1894500808946	443.1187211246789	432.5365975035991	308.16421459509405	115.65812282753522	295.08224353619954	559.9798224056804	225.60686275147626	74.46059285886545	193.94634521154416	183.65978301447478	160.21776375932745	384.1689029465629	270.9964193638883	232.0712277785468	42.95474886714196	152.89838500716854	633.0566327533363	137.7408339671549	214.58271901348775	734.4203379542344	56.05624581162578	199.03850947571485	638.7422672547789	746.4735555050291	113.01216707989546	69.09926227397102	346.87648846487366	102.10594190751536	448.235545149709	118.40095287353574	277.3843871370708	190.38411829367607	372.70288991365	0.0	90.63030075621528	113.56305715424153	87.91953032343642	208.2364148080972	283.266753263471	359.8694418461011	174.84732094442904	502.0388489115558	45.9673753935162	122.88199047036466	347.9747267778548	653.9940271121603	214.6203207105724	647.6304571748278	381.14074468058254	524.4685281624338	459.56998728868723	624.3000927051775	252.49963198757948	308.2961897088194	480.558389055495	387.8581280536608	246.3399933029876	336.7437766640443	622.7346284720604	214.19508813927123
Sonoma County	1242.543217239089	1405.3073345640037	1031.738326742546	1207.004912727409	1330.0932414833471	1363.8498714570583	959.3257148641335	1100.3158619595968	870.9337933603395	1171.8366150780903	1234.5291042392987	1214.1646602632738	186.5884646329667	1019.6834104587441	1034.7145624054217	131.91546147069275	272.1048529285711	197.98218139884392	170.72717334451335	209.64983431186968	93.91554169776188	108.5533708810653	371.5893993894509	209.69965516494977	348.43307850983734	128.0668736842898	519.4520307397429	914.9494376969402	533.441165222171	513.7333982289998	387.3576628343115	65.2173011392824	313.4967503410235	637.0840604864284	314.8259199187822	54.933592765943175	284.4124015052179	110.32395678384339	243.49849723074317	389.40500480618095	360.2806523562506	291.2085113633323	52.25796978817457	205.2573430854126	710.2067235430021	200.0662330268566	243.62078844484148	818.70215744036	138.26302793232816	267.64382892783584	726.328384731496	825.4437390399811	89.21146275280223	158.66537154967347	412.7621656914015	132.70648952249414	512.9118715744894	181.0968012937703	259.7866542676856	238.26249943666022	342.20411101109977	90.63030075621528	0.0	199.56530151476082	120.21470683547632	187.75592695847595	236.57581400169184	446.40665140441774	264.49983518045264	574.1100521276499	90.5963210100662	159.99964242416576	418.06723853426683	744.6218128194027	290.8631470896458	708.8517536740077	470.1947450374859	595.1096306095849	528.9446772064862	712.4128020970668	327.906925571112	392.3025600435647	568.0564092759845	442.15260355434185	311.0284562190464	372.043261134857	700.6262910216867	284.0096257856452
Stanislaus County	1056.7349899972953	1206.2801039649696	844.7107119429686	1010.8384131642015	1132.7764348564583	1168.1819963439855	759.7836669727876	901.1953276644509	678.6557597150469	984.5094854057567	1034.9638832075523	1015.3260182709133	107.85510660264384	823.7963548538349	835.6315277661054	80.6872177119073	158.07654095275325	102.64837077247144	239.63381029855375	79.23442998730978	209.40463102153265	92.3921333202264	533.0660561369199	142.0576599522765	149.00767550295467	257.3848254780191	493.62163828135465	717.6460404019225	338.12611539003785	319.4108834357969	196.50087994855957	228.41572487570164	352.7071063523824	448.3477477974479	117.43929960193225	162.52201616782025	96.0717334792944	297.18114886033106	47.772357287500284	448.8442905188953	191.17354903134483	149.62949072633495	156.40607496467115	193.99510781303525	521.2440669510916	168.54186273877644	270.6436475382628	620.9213046407564	103.04431179009197	106.06714618408161	526.7655529307814	633.7544286470907	179.61444781781438	47.730862840460766	247.1192530179412	121.87199507042214	347.3457874039164	71.65440907041089	366.7599144113429	227.8801804174539	466.433684327997	113.56305715424153	199.56530151476082	0.0	174.93316105451188	304.31129325385155	388.43874178094757	247.01170672211626	104.53173242700886	393.9433715880598	147.06125289756517	192.21536646252636	323.95495061913664	553.2053722593655	192.64719781208075	627.8361674178976	297.6097602683871	490.13047883398696	430.39802090595595	540.8816383808281	226.2150391446185	250.12970203457334	401.8910003073761	390.57705050697353	245.07131472998967	371.12542676548355	569.631813936235	208.01010911294532
Sutter County	1154.1335311729583	1342.7061726761356	945.8514276609127	1134.719335811834	1260.4527612572233	1289.7168184236548	904.5232661865856	1039.641854780244	793.404594928827	1085.4598814137591	1179.712995555317	1151.1404606528897	226.58739623377008	947.7992687952775	987.9300197075213	155.52250476312517	171.37524651590178	112.41450294267912	70.57440240477577	137.24207683876668	48.65890069712107	126.02913439493182	360.4108417192528	104.97221650318015	310.3401490772563	86.99827711015514	402.11230735248853	877.147045098603	467.2721668317049	487.5058991566916	369.1837395616308	90.2663312212849	208.56071097855025	619.5427427274608	265.4332674027064	142.10216354116287	225.83208937103112	156.1131808318487	222.01186819506614	296.31544692938735	275.9476361152522	312.7842030043562	79.80291124750948	85.48884845746333	691.8718230597076	84.781371457508	130.36590530680817	779.8110321272204	72.40300681720312	275.11893845289666	675.6060663169146	801.7742303565095	185.9772317337199	128.08365308318383	420.92588383664327	189.49920100359793	521.7351945200628	201.86800868356212	193.91208670811346	118.13750412726407	292.3260870710248	87.91953032343642	120.21470683547632	174.93316105451188	0.0	129.37970182943513	215.90115667315604	404.5408104090661	188.72665303310978	568.300803708731	43.21642046293692	40.47910081522599	301.2241681595904	667.281276397833	181.68825613610542	588.7232660841444	381.27355468619055	477.5325209682845	411.0602289293383	616.5119775813158	216.5090293737689	290.7761366014971	471.6014924878161	322.0029409750576	192.93881493298858	256.86503491853546	587.4125791718577	169.34523016250827
Tehama County	1236.463058533435	1448.403473005469	1032.7384259233456	1233.7257390884113	1361.0686338035375	1386.337410395508	1017.2706449321367	1147.9745117771488	890.3725276535132	1170.6804644460026	1291.1291643014245	1257.3033642373055	346.77628267819625	1048.3301909623945	1104.5184399784464	277.0397820192829	267.84500318851804	231.20456902596155	74.23128972492337	259.5989785666377	105.46033099348423	246.5665316241731	235.1469856854976	208.493460468453	436.2920197002797	59.991700159726584	373.85753493096155	998.1501567321656	578.0766221766631	614.1349309938868	497.83555043644395	122.85800368615948	150.90475901195052	747.1456686804194	389.329629527636	234.87704843476334	348.0072265083858	129.0464420655897	351.2986953686877	206.8979572230924	380.0993953069574	439.46656357053445	180.21103086509896	155.25915333274583	819.0946886719474	175.2976502504813	120.7411012342036	900.8675143929519	201.56034393606146	403.47628497974017	792.220804829838	927.4973480915666	275.5734302235374	257.3677111605069	549.9855549326036	301.74488588776285	650.9413686689404	326.4654566837009	72.32250965163325	158.25345315240853	164.50715830236987	208.2364148080972	187.75592695847595	304.31129325385155	129.37970182943513	0.0	94.58971269010723	527.9189803578698	305.0789123970699	697.3913812608939	163.32733864298353	121.78723200403142	345.06310327645775	766.0077021755426	262.79572977001885	591.3353122113106	475.6430584258052	507.4663234398208	442.2282767226559	695.1569114258039	287.60195194791316	373.82340687081376	553.2664139489382	326.1156270187363	243.6694140121882	227.776954496372	631.3312472221664	238.69601593894654
Trinity County	1327.2414177491783	1542.9085147289713	1124.794156464346	1327.6818056616546	1455.1744117034423	1479.9151995991538	1111.6806599599263	1242.564057909009	984.2500700046685	1262.2182625193	1385.6562742660306	1351.8436512934916	415.44072851271727	1142.518700170571	1198.4527873206753	349.37729127143734	362.43410340677906	323.3723983119552	168.64517256314224	350.907285734496	179.75844072287487	319.45131542511	144.6915712310011	302.59954347589814	526.1120952387878	131.07695718912677	426.70928176038444	1090.8939797227001	672.5025416697082	703.4064186979533	584.3197180466072	175.51357250469763	209.64741291274447	835.267272946345	480.38291699873776	290.3934839649781	439.73775077823205	138.00909614375212	436.1090620730435	226.5493277885491	474.67501294991706	514.5091579490042	247.4406075774176	249.80657311719432	907.6979313606785	269.74781946322196	207.37731096341142	993.561571399701	287.83658960535627	482.23106985328485	886.0535469242656	1017.611854331682	324.829223173394	340.75403482709464	629.9979976115181	365.1856483280062	731.3537188322841	400.4578201554074	91.138924569716	250.55120559404804	115.32344397131116	283.266753263471	236.57581400169184	388.43874178094757	215.90115667315604	94.58971269010723	0.0	619.4040972807709	398.2751577523643	782.3175930127966	242.19342893867258	215.00539715233475	430.58957317371437	860.1656786679814	356.7342486957433	654.598206413601	569.7560677057863	584.758208926527	521.2877161793978	786.1080208346735	380.12613246382875	467.0917846647723	645.374369532866	398.1891962691033	333.83632156996595	291.2018908102986	712.2763572572078	331.81424009908045
Tulare County	842.7404587892762	962.073518938155	631.557391028933	774.5113833113854	893.214082248856	932.3785969659162	513.7361198527703	657.0123803039902	456.2675009732375	768.3008355685969	788.4691520857239	771.907457297285	300.797423873037	589.371510573797	588.7029036448278	319.86143259074584	280.8329608893028	296.7341715129498	455.18671957532655	268.5408490114048	447.1284921985131	338.2824310704072	762.8789864035958	323.6201954154423	98.00458424316001	491.44118317823774	578.6578756405489	473.0977161266239	128.7050998197869	98.20685978087504	94.49447857220802	472.5749260852444	524.7682640756035	230.86499695284866	139.117213346692	405.6613367230401	179.91229011419128	542.5517495901506	203.69892254864322	619.5152380729941	187.77180143264508	227.31875532448626	402.82307207202564	383.4316550566768	298.2688495867921	358.407420071246	455.02601466716345	375.8767795641985	334.92773701178976	210.49861651090487	280.3271616354708	400.8199328412585	412.69879084739824	291.2310920868204	177.15020267689877	345.69796991394395	220.02524251970385	281.7800670838291	578.2744485658732	402.3839654012465	678.4365508993064	359.8694418461011	446.40665140441774	247.01170672211626	404.5408104090661	527.9189803578698	619.4040972807709	0.0	225.2598567768284	210.38512627240877	387.4784161660558	406.34237436396813	370.713963078723	337.9238842825183	306.4028137155456	621.9379558023234	200.2818734458884	471.07775617188526	435.5171248186006	381.6778702529119	312.7653269963749	256.4265266327371	282.3262090409729	469.33906362893816	362.8068837346651	506.7830295736034	491.7712846798483	336.0858457194233
Tuolumne County	978.0821556461971	1154.3310487420072	767.4859947071901	948.5285846610484	1073.4857656068398	1104.3542705216403	715.9722107315612	850.9955691066501	609.1496661936393	907.5681070828564	991.0547138832462	962.7495862206214	212.21020003438957	761.2924223803099	800.5867863913948	176.0393718278735	68.31541815933541	76.3281039457519	231.38338703169197	55.24878000337113	235.6627370332452	174.52516229198315	540.1481625884254	98.4013912434593	142.79888159110368	274.7404111094715	408.00369120455485	693.0945941308735	278.64593254513	317.15605182777745	217.1181300195578	269.72624925281013	305.5822333639134	451.9729415035428	92.21138581043026	243.59263633660663	50.400441397089075	340.0368958984543	113.61205142051415	402.309650616489	96.23017959386316	231.4542373411971	213.09380320661253	158.2345754954309	521.8530746666382	133.16947879041868	231.3918415676903	595.8342306314188	129.2587749979744	185.54099471310292	488.11405076363377	626.0762569017634	271.2096770902275	115.00327700303535	296.2749444497622	222.1828960059908	387.50371620684024	176.15350116308755	353.0691662992453	179.57660130769565	453.1766989355674	174.84732094442904	264.49983518045264	104.53173242700886	188.72665303310978	305.0789123970699	398.2751577523643	225.2598567768284	0.0	414.04775508258064	184.1351166570389	183.38601683961141	223.9469785654162	482.69772044651404	103.02731446129215	525.8278522118877	206.40761125971343	386.13130776685125	327.4953771487993	450.073282670629	129.76559919373244	145.96306804230574	307.2517859274122	300.3985382258267	162.1158121766367	302.7428327199622	465.90577714297706	127.24114455341227
Ventura County	886.7139202637762	915.157650079017	689.0595680408777	768.8139541651665	870.9375829633818	921.998672085444	474.5452756477267	622.7947093706575	512.807223508351	811.7497516603077	726.8771901439306	736.4231980982448	392.9591739249773	601.4684238070136	514.8642850488144	442.9016635833821	477.7395915952981	474.140733815404	629.4552742926036	444.17524690821625	602.8856217235518	469.8535554777587	926.8692196605216	507.8772942572865	271.25750151386023	651.2410578168012	788.7667873152529	378.92420233223544	290.7568676380077	115.8579907565941	200.38677129043444	617.1574637044909	719.6299037743947	82.06521087775822	321.8660406012944	523.0728377116181	363.9043874774295	681.8184023630673	346.4156982516049	816.2713193892213	396.2081999862019	288.06309241687876	542.4572199195038	568.1610541893492	146.2392056594466	541.809643646142	644.0555917539095	296.812434910989	495.92133536590336	306.486565691176	275.7774784310533	263.7942136444093	512.9159730762575	441.579077440449	165.54490210822982	447.7938968931748	85.48350013924633	393.0147887950872	756.5324935035519	593.1856077452826	857.1270458810152	502.0388489115558	574.1100521276499	393.9433715880598	568.300803708731	697.3913812608939	782.3175930127966	210.38512627240877	414.04775508258064	0.0	540.3705059536202	580.4542791475722	581.01991554688	426.9835872942198	507.3130329306693	823.9797489883222	403.5063887017292	674.1688817442476	643.2757497533185	529.2710569898927	518.585944106788	466.75912429463375	467.39084620382044	679.1722515469481	565.9005796330272	710.4268980061128	676.7028788521991	535.9006497553507
Yolo County	1159.9633503019186	1336.2966093987484	950.1713353631419	1132.4585514828275	1257.0784745009978	1288.4330378529808	894.398212636431	1032.1403080590842	793.2611934769956	1090.1516285091843	1169.934960940477	1144.7582849580833	185.60191938520146	945.1628997643107	974.7643661668263	114.80734018039793	182.82749830248676	111.68829685150483	112.69634444703804	129.1568461711229	62.517857494437635	84.62963349807296	386.55490388423823	119.26246039606347	290.81926157953893	111.29322273655781	441.83403628422525	860.457813983562	460.80543784421644	465.45682998305233	343.5535262958479	86.43939223109889	251.75012945958218	595.3306558593035	249.6677099283281	101.39609461521337	213.32285304549515	157.15473114823422	194.83013334810204	339.21455506918255	277.47643519242007	276.1582406485045	41.50108365104134	119.48799979785584	668.1600650461925	110.62964877914233	172.91959070044848	763.310914269649	55.12894136849028	241.03478997195128	663.3406441591006	780.0696100699612	144.77254217240298	99.3925621767752	388.3996762237391	146.5280188902545	489.67667380146077	163.27280193001474	231.70205217482302	155.34912056331217	327.8119778933716	45.9673753935162	90.5963210100662	147.06125289756517	43.21642046293692	163.32733864298353	242.19342893867258	387.4784161660558	184.1351166570389	540.3705059536202	0.0	81.48641319051352	328.0698491311269	666.8152820046113	200.33592770828957	621.955895999501	386.14974232510383	505.21848174764347	439.25731814760724	626.1918297862029	237.3133128058282	303.48215613752797	481.371874219061	357.6788852913779	221.95677114490908	298.1531342506009	610.0353973916183	193.7336756706761
Yuba County	1132.527816595895	1331.4446589315496	925.744036617987	1119.963424287811	1246.5414484347987	1273.9442434163766	897.3063812340356	1029.7355841047763	777.3830150055695	1064.8564517162795	1171.7418724868578	1140.0549279200104	257.64378530608036	933.6457138481786	983.4760180821717	187.12650797316672	151.8870517134601	109.64188346722301	49.258778208378274	138.56245416634002	77.63213427921704	159.18786359970863	356.9336716887705	88.30901349842009	315.8020424248222	98.04574151158126	361.66111946940424	876.3911824652353	458.3445837307694	493.71354988473706	380.15118366005726	122.44394874083689	172.43027125099286	627.3804296720971	268.085189673235	182.10676142571995	226.45943584443282	181.34360250638767	237.06151967686597	263.6566912775762	262.1382038898168	336.932617645283	120.07015992201313	49.40294357362595	698.9140118274539	58.36651418984644	91.81737645375776	779.0992877285004	91.19310408650041	296.58512166030926	671.0576629654362	806.364961552083	225.84657022475537	148.59355532260105	439.19032380093154	224.925541500157	538.9006593300859	229.8756986218473	176.09677910768	78.43531185568517	276.6786881571777	122.88199047036466	159.99964242416576	192.21536646252636	40.47910081522599	121.78723200403142	215.00539715233475	406.34237436396813	183.38601683961141	580.4542791475722	81.48641319051352	0.0	266.29302956896237	651.9065062340846	155.1633994884245	549.6569286843607	362.94535435834194	441.4126134042831	374.8010606263738	592.7958544213244	187.1706138592428	266.87752349056336	448.4486102590696	282.2360443027549	157.5628589168931	216.83578706149865	554.2344435430994	138.1928604854026
Churchill County	900.9838804998218	1147.9395756510207	704.110190293382	921.4962836334755	1050.3593609712034	1067.9590157690168	747.7924274163364	859.8482366531582	581.6309564156918	838.583220039315	1009.3541260378815	960.866695139358	430.7433972377262	742.7361550830574	847.2992877595227	380.38284912658315	167.0568133668981	239.69024286709066	286.3003769967893	249.4360239725999	343.9251200916085	366.95525389300246	543.6431887125693	212.82751591492766	331.83312933060364	354.6869417595935	208.27773216578512	767.8962561135065	339.34648575318715	467.83202653730143	408.69140777513627	388.71447672818755	240.34031139931145	593.9267646210749	289.4281759774487	422.0308068959583	261.570172845019	444.52604986993373	337.3364066072005	308.5204308313568	187.97000060300837	453.97611028488774	369.0815469925698	217.01488561253905	653.2714752900131	218.05559345004946	224.58081667629853	676.5413781479037	292.05409165568244	408.49613910397	552.1323793246679	736.4800527102715	460.410801528646	315.93436045706306	500.29005973931004	428.3788969071351	577.9183169692349	394.380721991775	348.77726443679524	193.6073524106728	426.5665771653512	347.9747267778548	418.06723853426683	323.95495061913664	301.2241681595904	345.06310327645775	430.58957317371437	370.713963078723	223.9469785654162	581.01991554688	328.0698491311269	266.29302956896237	0.0	466.78006481785434	135.52993327156832	304.49164609487025	203.11018439265817	177.16332032307466	111.6147374864766	363.50837362483117	98.68093371465974	114.29474427222853	234.62152553675077	101.05108561532364	108.73017191655482	178.38009214885432	288.9760882979144	134.52188773556412
Clark County	506.542565065371	685.0644943952384	294.498396256258	468.0734354862932	595.070520925327	622.4424671592368	290.41895424372296	393.0695200640308	126.45674461197119	432.95473970185043	542.827846093236	495.73948651736606	630.3159131019498	282.35942673794665	395.6639674509267	633.3799335129283	500.09518035144555	556.7531770959923	693.3037571089712	537.8364387314614	715.6092653385693	643.9096154048816	991.2629727667282	564.5671251629565	419.30619779329237	749.3252911955609	637.2993361181594	354.25137795158446	217.40768017944728	348.7675628919043	431.41307876000934	751.9942013021808	699.8401882170991	370.6775906199604	436.3812175480691	714.9931704027986	460.9470261053825	821.825466355319	520.4039903143571	775.0873648108585	391.33365619826577	565.1675847407494	694.4635836194724	611.1385142190767	378.2736556422008	593.9236657722371	659.2589875744859	290.56044757746685	611.9400633062156	545.0044436749114	184.19008011495404	389.6938311070681	731.6806482609443	587.1239774511952	498.5717628730242	668.2613479364165	492.30126800902775	605.4185560712127	793.1962147243477	610.8678002232592	882.7782114388923	653.9940271121603	744.6218128194027	553.2053722593655	667.281276397833	766.0077021755426	860.1656786679814	337.9238842825183	482.69772044651404	426.9835872942198	666.8152820046113	651.9065062340846	466.78006481785434	0.0	503.4649184332157	548.6254505875426	290.41162740319567	432.71681903204353	446.82094250056815	158.50303344641304	482.8739233012576	394.8638338755571	233.15981889815717	555.3057582245224	534.1756708570396	645.0215744610858	356.40463382844655	529.2985939955396
Douglas County	977.8247652963563	1186.9964799010697	771.8894078416743	970.9768058281198	1098.4419969302462	1123.574965909057	761.5803433484956	888.2629429290727	627.588065240317	910.6334855352793	1033.3207983341529	996.2744773748963	297.4607587357082	785.8243362262497	853.166345535259	244.93071573144215	35.526652702025174	104.21692883961887	191.2416974197245	115.29154124290336	229.01813983987967	231.65337437527938	489.57459528153095	81.220042800421	238.44985681893698	252.64282537996095	305.43637559795013	755.8958504421954	324.76402478260485	403.29032407947415	315.50270711418494	271.9520294161471	219.94484303863518	537.2172310510566	188.91211126078076	289.061773759604	150.8091467826286	335.64240231522075	213.72268740277363	313.33888666125233	127.23618156037622	332.30088316722174	239.8595417157073	109.37564528295523	604.1790477456298	97.82988290673123	159.69521166975343	659.8409150141968	158.58745008123444	286.2292165914661	543.5386159153018	701.8280425586214	326.08161920128435	180.63904399226948	398.38363278336396	292.9003968850243	487.2218943687646	261.3063568448726	292.8546857641527	108.45155898930184	388.0092626773627	214.6203207105724	290.8631470896458	192.64719781208075	181.68825613610542	262.79572977001885	356.7342486957433	306.4028137155456	103.02731446129215	507.3130329306693	200.33592770828957	155.1633994884245	135.52993327156832	503.4649184332157	0.0	439.5183329418628	213.0599407279124	310.34806259186547	246.34218060452997	437.6793346629465	37.89275349353671	112.14243810920254	293.55114664680747	199.12985414206528	59.73978050235495	203.41366044705768	409.88546784091636	30.047732322395426
Elko County	819.0269611092612	1147.4330639067973	667.5118406185819	910.0041793865555	1033.4931905102203	1031.2993669779198	832.4220929619465	902.7446551586573	618.9528402917826	775.3751827370547	1051.2861308791175	980.0554772985738	735.0324623688766	763.6094880104822	939.1101052897138	684.3805252283465	471.54693935398626	543.1727916596773	553.9455426231008	553.9246595545517	624.3680740382099	669.581760539658	724.0898625267253	513.3903830634115	612.7694892698416	621.0745630455385	233.88095954952908	900.7143790201006	539.26154238861	708.4886906521933	683.9625585050436	668.4786261322033	445.8189364783378	813.458831000315	578.483581924279	720.3463623087711	557.9486717062227	711.8367050851457	637.7034333803595	450.609902264236	468.9024802267725	751.242940915621	663.4533704852777	503.6581359541443	857.2182776563046	511.8795283225702	479.524654031666	826.0927645599484	592.5401649377878	706.8853974591167	702.501172799368	911.3927374151635	760.6423913110486	620.1549845700603	779.1469717963323	732.2888976558966	841.5507243016177	698.6471205656404	563.4726727877185	471.27141443901513	601.2354328812686	647.6304571748278	708.8517536740077	627.8361674178976	588.7232660841444	591.3353122113106	654.598206413601	621.9379558023234	525.8278522118877	823.9797489883222	621.955895999501	549.6569286843607	304.49164609487025	548.6254505875426	439.5183329418628	0.0	421.9933974779686	150.94201647516752	198.95618151588263	392.1584624348758	403.14501089389154	391.9403071894279	365.6105914512288	268.9857946919954	401.35529736762186	364.88817283620153	195.35645201299116	434.0554264453656
Esmeralda County	773.880421764284	974.305863771009	564.7131129191163	758.1224840544133	885.4359613719106	911.3076398617823	554.9559003075487	677.0246093504561	414.9159747551124	704.4903242785836	823.594389474694	783.8798804770379	395.71600046390967	572.7694589002264	650.8909555294059	376.74983800188045	211.19187567942282	274.4674045024111	403.19390276190165	260.624180366738	429.9231096845114	379.5214109325472	701.6772437129724	276.8986145896128	211.7601101186661	460.8443856168511	405.74315220134946	565.7734539864383	136.82841427236906	287.65947859745955	271.3982603345963	468.7858775496035	416.65370089458776	402.36582619527337	197.2292989736171	449.5511650536275	202.04058059156068	537.2037084217902	280.28989100220105	499.5012304916041	110.1777921471942	369.0600707636774	418.31463113100915	320.980274621892	456.450808663198	304.6651561352956	369.9533415066356	473.63957759617915	332.8473383492022	332.2615731335932	349.91991705827655	534.4289889164537	474.70716214821084	320.0059491888056	366.0646030448811	419.4457438388317	420.2784403150706	363.31516689542406	503.96898592789603	320.73149725180417	595.8473807085165	381.14074468058254	470.1947450374859	297.6097602683871	381.27355468619055	475.6430584258052	569.7560677057863	200.2818734458884	206.40761125971343	403.5063887017292	386.14974232510383	362.94535435834194	203.11018439265817	290.41162740319567	213.0599407279124	421.9933974779686	0.0	271.36105191101353	241.25289438947294	244.1440753993109	194.18615507334658	106.89727062052167	105.06774427390634	303.3517320604709	247.1330211355861	372.1473362903583	299.2797875228082	239.26170948240144
Eureka County	785.0615150695133	1076.8295034703362	606.8807123047578	841.8068358886754	969.349538370789	976.6549844921664	722.7659362528634	810.4642248852587	522.8592809787174	730.690923704138	961.251032299497	898.8982520378502	597.9827320354999	678.2646753110951	828.3626624401772	553.0004638852502	338.77896014977847	414.20259247424246	456.41812988331327	420.4752192622882	518.8359801483887	541.7018160170791	679.4672482283004	389.5042717457521	463.50798609495774	525.2672283062581	223.0529111870521	775.6820902976849	392.44943644814964	558.4788901891783	533.6528367922962	563.7106892488234	378.3789499953872	666.5922669184363	431.29220138040193	598.726569704483	413.8022770691088	616.2504249862365	495.2657085263173	415.11439400497665	321.27918017815375	605.9664610613569	546.244551861085	392.5729590878538	713.4154677273309	395.04550469852313	387.80053070717236	695.1555065148418	468.4363269955688	562.5159448683262	569.4378072680677	774.576366517646	636.4033691734804	488.27420003613855	628.9436792897723	600.9790698264738	690.6179168031337	561.7053888315414	496.52576142396	365.8643621780697	556.5731209939136	524.4685281624338	595.1096306095849	490.13047883398696	477.5325209682845	507.4663234398208	584.758208926527	471.07775617188526	386.13130776685125	674.1688817442476	505.21848174764347	441.4126134042831	177.16332032307466	432.71681903204353	310.34806259186547	150.94201647516752	271.36105191101353	0.0	66.63680070945998	287.7321405141506	272.53259188249837	245.92300449001448	224.29768309147778	188.61551141499373	284.59791193368557	299.2873907302045	132.8207653378265	311.66243509527317
Lander County	833.0203491384864	1109.3216191721544	647.1930363957763	876.724373991263	1005.1721736282902	1016.2461344712609	736.6307809412317	833.9817579878552	547.8149610108479	775.5528228006931	984.9203180762526	927.4798867305662	538.0269878604125	706.6974808937397	840.5669177725108	490.4553581990376	276.2207779712815	350.52765805229865	390.0263600167083	358.47032413428184	452.20611254044684	477.9955542169637	620.6470621153161	324.43401790795554	416.5885342142723	458.87618296735843	190.81537144077464	777.541443113562	372.49873933902705	527.535361318594	489.84662874936663	497.08064935755857	317.1724212668345	643.3098715582859	380.3789443484959	533.6454777988662	359.0058777736617	549.7814953158102	438.8627153672547	361.98593845164265	271.46889260990355	552.3477087904164	480.4008732120397	326.0111965675179	695.173256390528	328.89578402683446	322.12872805448706	692.37667212369	403.62297574589104	507.9315570043698	565.9430661368989	765.026840885624	571.9133950929887	425.79346526829954	584.4168645593185	538.4840618030523	652.4718347093486	501.6477834901074	434.12341304353316	299.25755524535344	498.7020117624249	459.56998728868723	528.9446772064862	430.39802090595595	411.0602289293383	442.2282767226559	521.2877161793978	435.5171248186006	327.4953771487993	643.2757497533185	439.25731814760724	374.8010606263738	111.6147374864766	446.82094250056815	246.34218060452997	198.95618151588263	241.25289438947294	66.63680070945998	0.0	315.1344786825391	208.80940909996838	193.85471086089862	221.0238173162639	130.36280767413524	218.16601959790478	240.30316171347036	191.4101353301294	246.02342646992733
Lincoln County	541.3070081111823	794.2245103205082	340.6612065018482	562.5198869337772	691.259244248293	705.5649385860613	440.76406044665237	522.7331298869383	235.1352265967579	476.3779564452291	673.542039949858	612.8636619190593	635.3405823901054	391.98800045255985	547.3501464560583	620.5607945708731	445.36244865301967	514.9602715160754	627.078265594405	503.5621375072314	664.8770351638722	623.6523502438015	906.1103450958313	511.6626452222179	435.35777257714346	690.2738039873431	504.33638714551125	512.7523213624853	254.95287984608143	429.1130094396584	473.56811872939284	706.0056367000134	603.841396525463	489.658462435489	434.0703461085525	693.542500473179	444.87281724978754	772.250644971279	519.7390528776763	667.01077646216	353.9848569989509	593.9348537152291	660.2580132362241	546.4871684162096	512.870238256831	534.9586415792982	579.049973360601	446.20455185360345	574.3146412285523	563.1797840166918	330.6700266472183	541.2575172257568	718.7566443502901	564.1142711761235	558.133002031185	662.4329867010313	578.6696960914735	604.5094267984822	709.3674085845483	536.93587206032	790.0532685468486	624.3000927051775	712.4128020970668	540.8816383808281	616.5119775813158	695.1569114258039	786.1080208346735	381.6778702529119	450.073282670629	529.2710569898927	626.1918297862029	592.7958544213244	363.50837362483117	158.50303344641304	437.6793346629465	392.1584624348758	244.1440753993109	287.7321405141506	315.1344786825391	0.0	408.29922964071795	326.0949969992018	144.97877217079403	437.08053456686736	452.27176213638893	538.2477500357396	198.35745763655893	457.85541059814284
Lyon County	949.4080188529769	1167.7327108212364	745.136696121729	948.8555678056881	1076.8447225322213	1100.195847466029	747.969450320838	871.2001892728516	605.4234509913347	883.1829742587665	1017.6743419082608	977.6547267983854	332.4203647705794	764.8649187811228	841.9197868062291	281.86308213074943	68.5030984177243	141.7707534764339	218.80035013475725	150.78962855452335	262.89792508388683	269.2834817402745	508.40311270212436	118.6286815485354	254.61979421552294	283.1043888064373	280.3936149359458	749.2818029040421	315.6947267525175	410.80101453138275	332.4886232841959	306.54742231884325	225.00532374136898	543.0547448997866	207.2401689231592	326.9332128150242	173.1235387113679	368.48607635092054	243.09746034045384	313.58209525610613	126.18164141078886	361.2107424290134	277.2096800957064	139.10960804764613	607.9349717118446	131.8020998895946	176.3967549128417	654.2054436853565	196.4585071415308	315.26445770164145	535.0268936844463	701.5775661431077	363.9448955960687	217.3264400483181	419.2829819288565	329.88206300647266	504.33235456434835	296.1034163879013	310.32795848311025	129.59380186683492	401.70108371990193	252.49963198757948	327.906925571112	226.2150391446185	216.5090293737689	287.60195194791316	380.12613246382875	312.7653269963749	129.76559919373244	518.585944106788	237.3133128058282	187.1706138592428	98.68093371465974	482.8739233012576	37.89275349353671	403.14501089389154	194.18615507334658	272.53259188249837	208.80940909996838	408.29922964071795	0.0	88.01367807810357	265.67948649067057	171.40775937096424	54.18348668899415	194.4320076492766	372.7234362527173	49.64503092369749
Mineral County	865.7464809857294	1079.7286758456262	659.7969609072683	861.1043382923552	988.9944561677406	1012.8441508549449	661.743759880054	783.5471294018395	517.633396931077	798.4922629000828	930.4100527127845	889.7063885487806	357.1884995110034	676.9019101337125	757.0447514665043	320.8909135172922	120.72136832317038	194.9370244153634	303.1562196579349	190.68298562802454	338.96438435462767	315.8816989784096	596.4035082769644	186.33185552759167	223.61719793874695	364.63807232862325	322.4336639286067	668.453322306202	234.95914641078392	353.58696087062117	298.62662779597963	380.6702185498689	309.8732104437492	480.588471655892	186.5955603737798	381.38599335312847	168.08917412509015	446.23284810387673	250.20615930287514	394.1683826926478	77.9125371994019	360.11150027956137	340.14358835863624	221.49667615362858	541.3393078138943	208.89137999909235	264.39671449959513	574.6742297731378	254.62249036973407	316.6073654331917	453.05392089020785	628.4330947823781	413.1701716208216	257.7103801033849	392.1729985703055	367.70953314938447	465.6624391741872	321.4886858747946	398.34163032093903	216.7091390140709	489.197150254056	308.2961897088194	392.3025600435647	250.12970203457334	290.7761366014971	373.82340687081376	467.0917846647723	256.4265266327371	145.96306804230574	466.75912429463375	303.48215613752797	266.87752349056336	114.29474427222853	394.8638338755571	112.14243810920254	391.9403071894279	106.89727062052167	245.92300449001448	193.85471086089862	326.0949969992018	88.01367807810357	0.0	181.5712746723322	213.82775131919607	140.29795822289304	268.65449690259453	320.02547429026134	135.27754516763804
Nye County	684.2967049020405	913.4959599249729	479.49358047225206	688.5871821741422	817.2870753983326	837.3617440073796	519.25399598669	625.9467526505662	347.2703398497955	617.5535835454552	775.9525171950013	726.2486635196316	500.7781283393698	508.3423058447079	621.7543128801237	480.34652712329853	300.3945350911127	370.3304131328253	483.92179421188297	359.8868832288359	520.0130612762053	481.60486207299994	769.5971284910906	366.71590388857953	312.59422029597664	546.1688907704219	408.47940834531107	556.6638460808886	177.08796053440827	354.71754437729805	364.8240775637845	561.0341784093403	471.6039792678729	449.3399630214525	301.88259414482053	550.7928133827456	306.74649619658504	627.4332321068676	385.3521330602837	543.1217967850984	211.94806248801282	471.4300884436972	515.8430526422545	402.7306915285551	491.6110267202506	390.4290025810339	439.41940569940294	472.8194051571141	429.8405743210756	436.06690867256236	346.5576956718107	550.3023389862317	577.6562133458525	422.0009338483166	456.9387204289561	523.7597994522409	498.37922446442496	468.2580025925122	571.7085204030457	395.1144760531837	656.7317599911352	480.558389055495	568.0564092759845	401.8910003073761	471.6014924878161	553.2664139489382	645.374369532866	282.3262090409729	307.2517859274122	467.39084620382044	481.371874219061	448.4486102590696	234.62152553675077	233.15981889815717	293.55114664680747	365.6105914512288	105.06774427390634	224.29768309147778	221.0238173162639	144.97877217079403	265.67948649067057	181.5712746723322	0.0	322.3286575207801	312.3499553079942	412.9834396725932	210.6447261690567	314.9001883970771
Pershing County	962.5786005284715	1229.713042965428	773.9078984664054	999.5009287053783	1128.295536393991	1141.8261824120527	840.7447230185494	947.3933676681636	664.6309726385409	904.1048840028627	1097.776809025583	1045.0951526069975	492.47341007566047	825.1757243575097	941.8786210337383	433.4447820957262	234.6131299458392	293.93196879778867	284.99620769248367	311.73009518192504	355.782392796566	414.34843246568903	491.211073777204	258.73758919446914	423.1096592164798	352.42961695197215	110.24098950735615	866.3905694517779	439.9561805767284	567.0114651181143	500.86408278710405	399.6741110027279	190.1113902965074	694.3390768676611	377.42800371549504	458.106822247462	344.50037800528435	443.45113827778016	412.6957766632251	232.30167777494472	283.48898739272784	531.2339990810217	398.91238393141504	238.22921784058917	754.2002903478672	250.13178396170832	210.9887052881503	775.9598424082714	335.0559773257178	485.1716216400245	650.9332909692157	837.3261867879355	500.0454996924813	372.0298821307429	589.7287913510903	480.10991582035086	671.8801371776544	456.9642764104063	308.85919825702155	203.8903021407559	368.75937165004615	387.8581280536608	442.15260355434185	390.57705050697353	322.0029409750576	326.1156270187363	398.1891962691033	469.33906362893816	300.3985382258267	679.1722515469481	357.6788852913779	282.2360443027549	101.05108561532364	555.3057582245224	199.12985414206528	268.9857946919954	303.3517320604709	188.61551141499373	130.36280767413524	437.08053456686736	171.40775937096424	213.82775131919607	322.3286575207801	0.0	146.40287265881105	110.73788845439468	319.9991968393156	183.11060305273747
Storey County	993.4483011157253	1219.238111336407	791.3108935664447	998.7677462831023	1127.0383859009191	1149.1161450224545	801.6061910920763	923.7818519864777	655.6109200965261	928.4371911201376	1070.7035989824228	1029.5382592592086	346.07558917864435	815.6355076137214	895.9268169227367	287.7264675066369	93.82926131092809	147.55981814142027	179.8821467867808	165.9128556401252	235.1949500877937	269.99293977668844	458.00180338680684	113.38168577445637	297.9293997828788	247.44407509533477	248.8827575442231	803.4116682344558	369.8743446624803	460.3669988130176	375.14375145347765	279.9884546697958	170.83780867024834	593.6024610001268	248.58190590680022	319.06068006219937	210.4795588273499	336.47395922183284	270.48128447864616	259.9501736263886	178.43911500275271	388.83052792615575	263.3590502622964	108.30831120187017	659.4757413297012	111.32754461553591	127.09076698174181	708.2444891405065	191.66568580024827	342.8394524905867	589.2098786114036	754.5794282818167	359.3423988816632	225.720541371293	457.9942470621313	334.8363809835291	546.9182380202616	310.62225399932845	259.81939398364386	86.93883782060742	348.9862231464142	246.3399933029876	311.0284562190464	245.07131472998967	192.93881493298858	243.6694140121882	333.83632156996595	362.8068837346651	162.1158121766367	565.9005796330272	221.95677114490908	157.5628589168931	108.73017191655482	534.1756708570396	59.73978050235495	401.35529736762186	247.1330211355861	284.59791193368557	218.16601959790478	452.27176213638893	54.18348668899415	140.29795822289304	312.3499553079942	146.40287265881105	0.0	144.5423611943207	397.1178824538409	37.066765237675035
Washoe County	1069.7970746250664	1326.0965877259425	877.7104728570414	1098.7368262454258	1227.6332695828887	1243.7775627906735	924.0751353483057	1038.0582616089473	759.8014484432579	1009.887810158251	1187.356449906394	1139.2316211823727	460.8756846001714	920.8952448707273	1022.1422438141486	394.2024664186212	235.1579176030821	268.48255985795595	203.07259309058912	293.8745226160464	279.4932507382615	369.7204346369169	380.53368609995744	229.11115235929768	441.7789138148542	264.57639513613555	148.8800453787262	936.9538907860468	503.61100517488734	604.5821796590288	518.5110001842432	320.00855079695106	81.5545528433984	737.3508309156518	391.9454412067228	398.9057668826801	352.4815641464631	352.6629656404925	404.0725735854336	130.1408461932016	320.5932126256127	519.9765212301211	336.66399719698325	185.5625476182326	802.349611702691	206.75241234151082	128.43632120159546	843.3283019197589	291.8372817792223	474.8224669899696	721.344648423922	894.813613544736	442.68099590074934	340.6315818627306	598.7107654255678	436.89613072188223	689.8702694784591	428.16271645702375	200.61679890415877	147.95880033935956	258.4069943750521	336.7437766640443	372.043261134857	371.12542676548355	256.86503491853546	227.776954496372	291.2018908102986	506.7830295736034	302.7428327199622	710.4268980061128	298.1531342506009	216.83578706149865	178.38009214885432	645.0215744610858	203.41366044705768	364.88817283620153	372.1473362903583	299.2873907302045	240.30316171347036	538.2477500357396	194.4320076492766	268.65449690259453	412.9834396725932	110.73788845439468	144.5423611943207	0.0	430.6841809887776	175.94380539235982
White Pine County	655.1381921023436	961.1436059250624	484.75134044581756	724.3088005857502	850.1843654373206	853.4212241172704	637.4211707124923	708.6114614293994	423.7869973196659	603.2958212791087	857.8571064794077	789.1172187448269	675.7844267644724	570.8115077747195	744.1282253587913	640.7104340428695	432.22657415439807	509.2175488819521	575.1550612354304	509.2886255605083	631.7338229091755	634.2311852990325	811.2058406701667	491.10420101339514	510.19974872392453	643.6425901519301	351.5071644882938	710.3059540408439	385.96120714429526	565.0460950667962	570.0612937007418	676.30046493889	508.4858820977345	653.0842346465564	489.0695630481705	696.9933797751987	482.1007953093487	733.4478501896969	564.8257014397441	547.9324206933112	383.33295073825803	664.7981155979348	649.7429612495196	504.8315074825722	688.1986827298388	502.8775881564106	510.6657575642326	640.1097800838359	567.1902123386219	625.096091281369	519.6922686040626	730.6307925319398	731.1996890191748	577.0274100176376	663.959883012154	687.702529867395	708.9574949465382	640.5564293126956	625.5026740140887	482.57994666798686	688.6594983338179	622.7346284720604	700.6262910216867	569.631813936235	587.4125791718577	631.3312472221664	712.2763572572078	491.7712846798483	465.90577714297706	676.7028788521991	610.0353973916183	554.2344435430994	288.9760882979144	356.40463382844655	409.88546784091636	195.35645201299116	299.2797875228082	132.8207653378265	191.4101353301294	198.35745763655893	372.7234362527173	320.02547429026134	210.6447261690567	319.9991968393156	397.1178824538409	430.6841809887776	0.0	418.1263491314548
Carson City	998.874828290429	1213.5675686672012	794.2176891535108	996.183267110771	1123.930241014746	1148.1138679872327	790.0163594965783	915.6508718143905	652.7031916717757	932.4537038312327	1061.2069976532068	1023.0891172547535	309.45001057334827	811.5780958383796	882.1834895216489	252.2495363791781	59.239803311938424	111.3327041162005	169.22343790003066	128.87233113791115	214.695308389808	235.7191556979509	462.45128423627716	79.35148828456838	266.10747259987926	233.5434123723873	285.89636835529365	785.6412631738099	354.00013278964144	432.72866996813895	342.59765005342393	258.804982236185	189.89780690241966	566.8285549978666	216.07838846672882	287.8897003749715	176.61518144796094	319.5104863944295	233.84261505861832	283.4895523140952	157.1025048989881	352.05160497361226	234.61136261497668	89.6530703829031	634.0085654890089	84.76143772719676	131.25908799970318	689.6738764683445	158.64338416814905	306.102486030549	572.988215020716	731.868914807226	327.05328129601867	189.5513759465211	423.51607856204697	299.6846760533233	513.9350705485027	273.86263380527356	265.03163349411284	81.58252426487479	359.1332325389264	214.19508813927123	284.0096257856452	208.01010911294532	169.34523016250827	238.69601593894654	331.81424009908045	336.0858457194233	127.24114455341227	535.9006497553507	193.7336756706761	138.1928604854026	134.52188773556412	529.2985939955396	30.047732322395426	434.0554264453656	239.26170948240144	311.66243509527317	246.02342646992733	457.85541059814284	49.64503092369749	135.27754516763804	314.9001883970771	183.11060305273747	37.066765237675035	175.94380539235982	418.1263491314548	0.0
