source_zipcode,target_zipcode,lag_1_corr,lag_2_corr,lag_3_corr,lag_4_corr,lag_5_corr,lag_6_corr
4003,4001,0.8406691880900092,0.7928796686506396,0.762779926817846,0.7461676577347192,0.7644216142181128,0.7815175325761193
4005,4001,0.756826244350231,0.6543866240262493,0.6135313802892354,0.627064716478275,0.6839126801644648,0.7102003939571686
4007,4001,0.7569361575366317,0.7077113929194286,0.6779070382977237,0.6600546716135226,0.6693382630869302,0.6750686377335317
4009,4001,0.7150029200811581,0.6685112341112157,0.6366346128887207,0.6123149289279761,0.6204143051341413,0.6250795388072182
4011,4001,0.5581343398254158,0.5398918126217135,0.5208557408316744,0.49424610179178724,0.4847451842377046,0.47711480563179626
4012,4001,0.7139596515381996,0.6649269703041232,0.624256479596633,0.6096186488602857,0.6344250040891956,0.6562838455871967
4013,4001,0.4058300023255788,0.36668698848283626,0.3309812832414787,0.2957731532132241,0.2813379289688111,0.26927565157726224
4015,4001,0.6038695075405626,0.5618210147764072,0.5335911939907091,0.508572722836917,0.5075960838482809,0.5098779790470789
4017,4001,0.8662468372090107,0.7700897656088534,0.7245821072591183,0.7265009553877939,0.7703451700636609,0.7909520294673821
4019,4001,0.30909873619125755,0.2673391668952823,0.23767379894513113,0.21057373210786243,0.20045893840185944,0.19007172026946076
4021,4001,0.49291113910583095,0.4338223456342399,0.3838653943435121,0.3543416541751036,0.3589977085618471,0.35870587698160544
4023,4001,0.7798801219507944,0.775472470917905,0.7479520557730672,0.7025477663141761,0.6803870989917218,0.6753938490726689
4025,4001,0.4984445523248564,0.4493316792724417,0.41195800642215424,0.3835840883588252,0.382492967867361,0.3832291034955249
4027,4001,0.7338415950104746,0.7191797823670741,0.6919008523184867,0.6565273606877864,0.6252339727635379,0.5891743949176919
6001,4001,0.4798754276971063,0.4362274799759293,0.40159254120535937,0.3683665348687567,0.3498362428771072,0.3383368415633926
6003,4001,0.42004065137701674,0.4228868739831599,0.4593426746055863,0.4460038931722022,0.3580280653997174,0.254607011046849
6005,4001,0.5834089795271566,0.5362868921502647,0.5063374884260584,0.49422161569992507,0.5064015417713132,0.5200102368602234
6007,4001,0.6991989916087072,0.6211815908928469,0.5835650899798139,0.5797388997450138,0.6097110966705311,0.6221988679949041
6009,4001,0.7173376164771584,0.666998817895015,0.6379365396048364,0.6275670368421086,0.6378370253506151,0.6487904971676688
6011,4001,0.36963751624745006,0.2975578580645211,0.28408804024037515,0.362361635030773,0.4724387562904678,0.511398708838552
6013,4001,0.48507551456656334,0.4423582398552078,0.40958135988703975,0.38141730320435374,0.36913434541608603,0.36142813179881034
6015,4001,0.7180490837852577,0.661426444368414,0.6460743744294699,0.6612681009310803,0.6761634874180431,0.6586828162854654
6017,4001,0.5883439454316844,0.5479524050006347,0.5256236648550606,0.5114483831080033,0.5034176546360686,0.49748854044928326
6019,4001,0.6752891516108681,0.6329279370223536,0.6357234537100614,0.6547773695383967,0.6587187488231463,0.6571132785661744
6021,4001,0.731786395770614,0.6267155123347442,0.5657929950284033,0.5827836884731574,0.6489366787958789,0.6757245512265967
6023,4001,0.6435969566799413,0.5739879121225756,0.5330729768940847,0.5249302710901164,0.5481621592527864,0.5612593514993242
6025,4001,0.7715299567570489,0.7429404688723911,0.7056699730330238,0.6579872962570181,0.6388409815705711,0.6322572019427278
6027,4001,0.7304953291888818,0.6727662755421366,0.6486505556892097,0.6445836410389134,0.6598144429865997,0.6671586616417141
6029,4001,0.6914146300788057,0.6502528401079047,0.6349128735716653,0.6364390209445212,0.642733192124237,0.6386827090072891
6031,4001,0.648166419327004,0.5921333069561016,0.5726515797500366,0.5847424292358018,0.6207717698689247,0.6637569623811843
6033,4001,0.6625206246255504,0.6158960877947611,0.6080606509262401,0.6029533037957755,0.6047951499095426,0.6006615799194968
6035,4001,0.6027281559929278,0.5314195260499678,0.4775235313186086,0.47546614016713495,0.5355062956694782,0.5940475535751095
6037,4001,0.6259722210569821,0.5797676396371574,0.5455049036730796,0.5204467867397753,0.506668655022265,0.5006670235435645
6039,4001,0.68637139934933,0.6273468000660356,0.6309108736099704,0.6753611633025014,0.6835644154133634,0.6488372928799084
6041,4001,0.40583965476655726,0.3583965488189361,0.32048302846557847,0.2869914361928783,0.27142188486856855,0.2627336329284579
6043,4001,0.546532264571605,0.4913524095270759,0.4692036695028065,0.4955400068965226,0.5511912698407189,0.5970874089505259
6045,4001,0.6346505924928876,0.5665753247305565,0.5325361546861117,0.5367949232208216,0.5778275153366838,0.5940813634772724
6047,4001,0.6646517111425597,0.5903719686659459,0.5751178210653908,0.6048893876956715,0.644827980426574,0.6563574672492231
6049,4001,0.6001846344358066,0.5372094567431308,0.4939200917155542,0.5022652374020121,0.559995376231665,0.6190823379846294
6051,4001,0.5393328726038136,0.5553857318197186,0.6207156271745392,0.6598192665390054,0.5735976718891558,0.47299043431051574
6053,4001,0.42829709958320056,0.347968648121593,0.2990005597546589,0.33757839227966313,0.45274804901394494,0.5305752594601776
6055,4001,0.5753795200719081,0.5168340422362212,0.4933594887149822,0.510495206970392,0.5292863589509349,0.509964652367575
6057,4001,0.6459443314608824,0.5962240474851277,0.5680174561599369,0.5519407140235846,0.5497338872715996,0.5506002919026745
6059,4001,0.47630570675475853,0.43676125215460526,0.4058236718010741,0.37476927610552585,0.3552470334553024,0.34195449785914434
6061,4001,0.5804220173960197,0.5382973335245892,0.5101110569504347,0.48740360437421193,0.476760668757863,0.46989072787759767
6063,4001,0.4746612018259283,0.41714744259630565,0.3756568274110146,0.38302066373432725,0.44666234108066855,0.5141323026888407
6065,4001,0.700190394346865,0.6521924240056517,0.6106554133329078,0.5777287401750848,0.5628579536845293,0.5587002272318433
6067,4001,0.5759437896017933,0.5334255707455393,0.5059121050695019,0.483542080847296,0.47501142220004333,0.4708922661243557
6069,4001,0.5802996086637254,0.5393466350855053,0.5286817081149244,0.5415114570401717,0.5567353309079255,0.5624935528737961
6071,4001,0.6331459128412885,0.5937866866351927,0.5654868009390549,0.5383850540713366,0.5239876305276031,0.51295720000547
6073,4001,0.550247564152415,0.5106726903464364,0.48194864102660984,0.45256332597138893,0.43494951311022306,0.42310609400888716
6075,4001,0.47215015534642896,0.42461579350882084,0.3828100516965954,0.3457042269650281,0.326922166743271,0.31419210254214996
6077,4001,0.6919366192293002,0.6331404943276137,0.6252478387583639,0.6376162774892897,0.6499851408011457,0.6388723162942975
6079,4001,0.6201138618980438,0.5600275806870612,0.52324578592892,0.509051393257612,0.5179918812072841,0.5162843635251827
6081,4001,0.3789823526012886,0.33425132553167675,0.2984751606032119,0.2642118538948293,0.24445651011358127,0.23234533548423847
6083,4001,0.601236693184465,0.5479255214149988,0.5087694105620147,0.49745565631530453,0.5229525592368676,0.5386524792396445
6085,4001,0.37531940791491364,0.33567489431693914,0.3041879829142387,0.2713284640590356,0.24948571390697874,0.23433970301378212
6087,4001,0.571100918182258,0.5065630058646298,0.4641543957381674,0.4714172009885461,0.5298204063751908,0.5733582771764847
6089,4001,0.6891808225597276,0.6319530863818641,0.5942634423289439,0.5829515363571471,0.6032373088710871,0.6231181607074882
6091,4001,0.49509620979599106,0.4376226298775097,0.3965371588314975,0.39621128651417126,0.4565504691312056,0.5147481281720002
6093,4001,0.6786859590131195,0.6119376313729796,0.5667589053296139,0.5790755080894637,0.6430268376517255,0.6856976953452978
6095,4001,0.6235392676710388,0.5817521638366465,0.5528878827822922,0.5311564455131386,0.5310758216121063,0.5357827101876915
6097,4001,0.5063254676201668,0.45237282457780775,0.414011713072147,0.39248148001996574,0.3912880597658896,0.39191144353936447
6099,4001,0.7127388300971335,0.6671318975540429,0.672686841638466,0.6834558431206393,0.6766516274932488,0.6616563042667356
6101,4001,0.6188242990028436,0.5758250685475649,0.5885001887752961,0.6144243542839092,0.6290463694726158,0.6142139774004969
6103,4001,0.7083915570819552,0.6311548452718592,0.5847041775963655,0.5831533195112847,0.6143978330104678,0.6310663445048994
6105,4001,0.5607735073422911,0.4977116997784228,0.45773333248860626,0.4672065577757439,0.5224389265378616,0.5693705767919404
6107,4001,0.6966133745769023,0.6424937575948788,0.6251512450364689,0.6394790712342364,0.6664136373404567,0.68175430575325
6109,4001,0.6904893893832577,0.642071316823086,0.6105844552589115,0.5933111235276335,0.6079646695085085,0.6318605811053514
6111,4001,0.6916968924474025,0.6451703031220083,0.604068389186387,0.5842475581021122,0.5930730005936721,0.5824543702882442
6113,4001,0.5238086321216365,0.46353414299407636,0.44125534701318114,0.4565591911151094,0.48586419354913196,0.49566270295311793
6115,4001,0.7258447339717733,0.6615099787788434,0.6288148767353198,0.6215230298181856,0.6498642512588922,0.6752197807675812
32001,4001,0.6728465049706923,0.6314579823357589,0.606864633621581,0.5936135924281518,0.6219316077985687,0.6518024555112308
32003,4001,0.3620132955603424,0.3278000705266114,0.30491494889138826,0.277208150600414,0.2617042906325812,0.2483672565537009
32005,4001,0.547597383423612,0.5129467191459004,0.4971155033963897,0.48802124330468055,0.4871117147730073,0.47816033256032936
32007,4001,0.6299772704015618,0.5571647646008143,0.5216135032747806,0.5062369681395633,0.5390929642887521,0.5754991924760754
32009,4001,0.43121638462779194,0.4159411841003033,0.4124000844777083,0.39312446804696716,0.39353704133347406,0.4023887066201675
32011,4001,0.600071702309599,0.5595754371340623,0.5399202074360946,0.5261385016989392,0.5619782262919086,0.6089917973893323
32013,4001,0.532561536143109,0.47530121028733885,0.43929559493274967,0.4248674522612547,0.4583545927904775,0.492038440297764
32015,4001,0.7110665731922401,0.6773916359513539,0.6647695717880704,0.6616965964439869,0.6898191680314356,0.7156805206643756
32017,4001,0.7722825316454097,0.7357312113512902,0.7301601598206144,0.7264909123824635,0.7403486527513082,0.744299884996395
32019,4001,0.597368507448522,0.5530547438310502,0.5258702489040495,0.5091526549786571,0.5264904700790752,0.5483617317315829
32021,4001,0.5511340647293086,0.5343978773230028,0.529457745714234,0.5238049151337473,0.5347184695636914,0.5418061207097505
32023,4001,0.3145739073965766,0.2866657617780103,0.26953220635318126,0.2514849559277127,0.245925318566164,0.23966280803292825
32027,4001,0.4792863118955166,0.4388700081006825,0.4224562654589728,0.4104817227391277,0.42482752738709206,0.43098934985074905
32029,4001,0.42699214144171294,0.39897902918401074,0.3827062683176454,0.36960342396682644,0.37179129615799744,0.3828099228614494
32031,4001,0.4911458638548767,0.45010710658659553,0.4220586350747382,0.39724940495079897,0.3965946011672502,0.40298110447521757
32033,4001,0.6738364415719652,0.6248238823015045,0.598558291687301,0.5869521395108444,0.6037636131084088,0.6167178534591474
32510,4001,0.6364054644455345,0.5889108831451153,0.5585308258712552,0.5348607216429682,0.5445347305734745,0.5598420497132499
4001,4003,0.8517691683285639,0.820116921667219,0.815397145081858,0.8294547564381892,0.854944635222222,0.839699092178709
4005,4003,0.8259826151806992,0.77014765320008,0.7434901278228668,0.7396483976503955,0.7505409772903445,0.736654326732025
4007,4003,0.8271889309246766,0.7875646139289345,0.7573513132860915,0.7330906137466234,0.7251733036076479,0.7088961829537079
4009,4003,0.7322423256625574,0.7016724440309665,0.6755136033810043,0.6567084017429774,0.6488813563176173,0.6326762084545567
4011,4003,0.5924833679335071,0.5745578666381955,0.5557924521196982,0.5363891767592533,0.5230765388276353,0.5068023428113929
4012,4003,0.8065800262551214,0.7686574757408652,0.738916344803343,0.7227908695673981,0.7227030303656086,0.7189873766187567
4013,4003,0.48469162286251966,0.4463493097429955,0.4143446413514854,0.38449970735190614,0.3657595044253267,0.3418237832539952
4015,4003,0.7337248035441134,0.6844544961675675,0.6498699783871387,0.6229844421164042,0.6062144113629101,0.5880440825193274
4017,4003,0.8549614550100944,0.8198297915090021,0.8010370469468906,0.7964486554673196,0.8079201084384243,0.7935757276915255
4019,4003,0.3586852635110125,0.3198408419388026,0.29099010874531395,0.2670396070760318,0.2542774030626437,0.23391755287210708
4021,4003,0.5221796532697696,0.4778979640652922,0.44279872891598093,0.4158489395144627,0.40447020560106484,0.3801629374751572
4023,4003,0.6883130205391316,0.6852010037954133,0.6910948143400751,0.7059211701441255,0.7371657059353696,0.7603558258443458
4025,4003,0.5815506805496872,0.5329820614318377,0.4957437050194894,0.46470751200209254,0.44654643739868255,0.42472108037349426
4027,4003,0.6398713446829506,0.665573178437308,0.6984783396703931,0.7162096385623526,0.714517731111834,0.7021852096709221
6001,4003,0.5195935750439453,0.48799059758766566,0.46154818011532484,0.4378455613125675,0.42079051570569703,0.39801434040044614
6003,4003,0.39618071162217183,0.4165781074886847,0.45815061851175015,0.49598330107866795,0.47377967075101896,0.4209634019430225
6005,4003,0.6804338989195494,0.6412646647864667,0.6068295377631805,0.5786125541867029,0.5616026098731086,0.5466214189360286
6007,4003,0.7778456634783327,0.7333621787742203,0.7013790028131847,0.6806068331746173,0.6723574560632126,0.6486451406747451
6009,4003,0.7913868261538117,0.7560417647957474,0.7241974563690626,0.7000686204529933,0.6831784470874402,0.665925953429647
6011,4003,0.5038599416936359,0.4371050469908993,0.3817128521087907,0.3731769319029122,0.39572461964648353,0.4013949972330746
6013,4003,0.5483533467971472,0.5161570190830025,0.48923619818158653,0.4666741266164326,0.451434894035505,0.4299575741960393
6015,4003,0.8128360537407398,0.7765539864014871,0.7432518907301074,0.7244606640326366,0.713233565187232,0.6957499022042195
6017,4003,0.6923298290530528,0.6532109988851519,0.6191340027741499,0.5927090622873271,0.5690181712802824,0.5456772378909253
6019,4003,0.7570375515794914,0.7183108267708229,0.6815351186386764,0.6581559512084029,0.6428833275359055,0.6265530531403262
6021,4003,0.7854989382184581,0.7409883721057858,0.7063659546813971,0.6979965196699555,0.7046664806759665,0.6868808128872965
6023,4003,0.7100801123370963,0.6611463803004227,0.6175905758103175,0.5863203083789723,0.5708429362445757,0.5520833161250684
6025,4003,0.7362115826063328,0.7289343692000766,0.728747402195361,0.7257307420108808,0.7386743215600761,0.7594534781157697
6027,4003,0.8393663714879275,0.7962562603990379,0.7632351311495906,0.7397165933386951,0.7291907075324362,0.7149370890814862
6029,4003,0.8133505965951395,0.7757999513749794,0.734227734533787,0.7086697015993644,0.701289522724084,0.6895389978862911
6031,4003,0.742716604151646,0.6938983720630696,0.6486838561623289,0.6246860154207046,0.6197959392814875,0.6123253714843236
6033,4003,0.7464803182481196,0.7078064602850697,0.6775379542512514,0.6503374029029997,0.629887106758295,0.6062338781336059
6035,4003,0.6935163386991945,0.6417890767225426,0.5864072206747201,0.5473405501857779,0.5363279634594278,0.5296395608358094
6037,4003,0.6948004997509591,0.6624343040746128,0.6367572161716458,0.6132518256738856,0.5893181899395327,0.5739240267904983
6039,4003,0.8045844033061378,0.7746325516226084,0.745694793442152,0.7278271703416612,0.7099215990511166,0.6826787894842594
6041,4003,0.4751541972358583,0.43861659925251406,0.40687978246719364,0.38097156133727467,0.36399389419642064,0.340190791884956
6043,4003,0.6447673511797263,0.5836846649734578,0.5342218584225091,0.5134545868464714,0.5106081929147593,0.5137535228658711
6045,4003,0.754862663175565,0.7037637012251319,0.6560412298904824,0.6226088381216699,0.6086175048740847,0.5902566354127605
6047,4003,0.7705104038032069,0.7231891006632882,0.6834705101956151,0.65923282918724,0.6500877429762478,0.6320220487883087
6049,4003,0.7057177371967621,0.6577591142561605,0.6083201077622561,0.5790088835578663,0.5752767967399505,0.5783572459296601
6051,4003,0.620674635937334,0.6232076344364207,0.6384993240611389,0.6615544777592266,0.6212468630311414,0.5691586173983989
6053,4003,0.5521420238404816,0.4794431512430055,0.41648172011421347,0.3924834944853952,0.4074482206366791,0.42118618245174694
6055,4003,0.6707592249058094,0.6235755619101694,0.5911579268231064,0.5749856490903358,0.5721098683265455,0.5578148521915767
6057,4003,0.7384948664240736,0.7022837389629171,0.6714166465744668,0.6458848028123282,0.6237659227107984,0.5996363837356868
6059,4003,0.5662899555007054,0.5323971288693939,0.5046436387822764,0.48040028289295844,0.4617931728237598,0.43866479073523607
6061,4003,0.678662646715717,0.6420001062963847,0.6101985335308713,0.5833449910691374,0.5604684337118805,0.5347892809065793
6063,4003,0.6171293605150633,0.5640054649822319,0.505062954402105,0.46391817310344124,0.4553470500453247,0.4585436957876652
6065,4003,0.7506729026168693,0.7156760650777513,0.6906682119489332,0.6751680856509378,0.6683942871797512,0.659451086320417
6067,4003,0.6471226528106311,0.6148060164695964,0.5890811430398326,0.56876700671339,0.5543905747895732,0.5338232059224323
6069,4003,0.7312864819660468,0.6910218657250314,0.6525828463829884,0.6201235716803745,0.5939466978551025,0.5665934555054172
6071,4003,0.6975066057023817,0.6699645503958526,0.6485010730582497,0.6297724010812141,0.6152455815336025,0.5932949969149434
6073,4003,0.6388980786391116,0.6046869753789498,0.5788205533207056,0.5569443233746546,0.5410600859616905,0.5206218465827102
6075,4003,0.5203306909765791,0.4877713430514363,0.4591175101197246,0.4344093420327025,0.41661468915207805,0.3910177970479573
6077,4003,0.7923654640210063,0.7500159593465041,0.7196876107756168,0.6959953559612536,0.6814972538632754,0.6546179954827599
6079,4003,0.712743426119102,0.6662744454239389,0.631527646889256,0.6104149884686406,0.600171376447738,0.5822575533197893
6081,4003,0.43149657686573406,0.3980487106744329,0.3683416168284355,0.3420257877332219,0.32132018678938745,0.29488848523910766
6083,4003,0.7151413130941233,0.6625926392541908,0.6178797004027152,0.5955262676429298,0.596064175490686,0.5915009484870057
6085,4003,0.42485086667767663,0.3906785687398028,0.3606492070695924,0.3323142010809123,0.30943540554215654,0.2827276878590507
6087,4003,0.6926841856253609,0.6337627903609317,0.5786881483380878,0.542959461364862,0.5400888338329201,0.5405544471354503
6089,4003,0.7746716483195107,0.7314906726346811,0.6927840548756503,0.6646489959359697,0.6507968843201457,0.635147347518562
6091,4003,0.5675515778826811,0.5182540574204714,0.46124539417924343,0.41033222350559206,0.3925714418054757,0.3895385567971324
6093,4003,0.7595883109547847,0.7101501556391171,0.6621461303889637,0.6389176748012358,0.6410976843733093,0.6412888265988935
6095,4003,0.6888181026655454,0.6574388264638413,0.6328304466915827,0.6139572501593066,0.6038386407212204,0.588342556405201
6097,4003,0.5857903743738276,0.5440758889525026,0.5100916654251189,0.484547927307885,0.4695559870318811,0.4483894076202689
6099,4003,0.8310268541390567,0.8001275095475409,0.7772263187580899,0.7532258697721606,0.7272353651988409,0.6948877594466903
6101,4003,0.7561615308600375,0.7213031315227102,0.6884323511562989,0.6561727320514853,0.6291524651305016,0.5970463988226038
6103,4003,0.7923699701420471,0.7485594669528101,0.7088571094801754,0.6866421479286632,0.6784883481746916,0.6624009106949794
6105,4003,0.6305659646360157,0.5795948454782753,0.5274890719443533,0.4909782048520969,0.47934526933175103,0.47269940606123684
6107,4003,0.7696238694904796,0.7285545181777587,0.6865403373558374,0.6695226942397354,0.6733935816544783,0.6766335209913098
6109,4003,0.7976182761553717,0.7535834538162772,0.7156297401459044,0.6849109809824878,0.6674111838247205,0.6536500484233749
6111,4003,0.732574044376613,0.6930741291401542,0.6653836398623681,0.6556252013809186,0.6606832847035659,0.6571379065914787
6113,4003,0.6268334170470775,0.574325359264392,0.5287220438663138,0.5030050806276352,0.4923910930760638,0.4749068815410319
6115,4003,0.8022620309609872,0.7612451677536085,0.727104350550984,0.7016782075224145,0.6898834010766678,0.6733044702903335
32001,4003,0.7315449989772804,0.6914269007573463,0.6624444921727052,0.63912235602515,0.6308061816768438,0.6249395262923656
32003,4003,0.44260506955758655,0.4066922482263422,0.38354833481039435,0.3573961629195356,0.3395518516248882,0.3180957996122512
32005,4003,0.6274478775507878,0.5873010336401804,0.5609088553742527,0.5348613771184505,0.5148525445413542,0.4929748420316579
32007,4003,0.7357944531281658,0.6665737640323488,0.62841650469031,0.597356119659059,0.5858409932588124,0.5730112181952006
32009,4003,0.4307066691769126,0.4236387232724499,0.4265206818396644,0.4240147027274042,0.4171330746029635,0.4058266700946397
32011,4003,0.7315998582566743,0.7027874507030617,0.6813485839795795,0.6558398751822397,0.6436775902768692,0.6343575492475865
32013,4003,0.5719942035318561,0.5245464295265921,0.4905011388575581,0.46416243743676183,0.4588979010820521,0.4446945852108892
32015,4003,0.7755044952633231,0.7537694330250794,0.7430023613745977,0.7345219654161932,0.7365360712978305,0.7351324058670647
32017,4003,0.8564357490168472,0.8333568301999548,0.8251597909166739,0.8160126346113674,0.8125290006849375,0.8088386146553384
32019,4003,0.6615767936359196,0.6207738760480235,0.5911642830826263,0.5635998333226856,0.5505626036055923,0.5392042567981017
32021,4003,0.5758968394710506,0.5549892817956912,0.5425565885212437,0.5325566992810371,0.5295713834959828,0.5238876297568826
32023,4003,0.3561385667865944,0.3273328351118009,0.3081100492515991,0.28763516243499787,0.2726756255669278,0.25482471389740086
32027,4003,0.5618331653668186,0.5279281511851057,0.5075053276586861,0.4820064964382659,0.46232151443505853,0.4379482474767774
32029,4003,0.4723339476247978,0.43870134733267013,0.4174431969148084,0.39942593124851733,0.38887101368879845,0.3818322643543045
32031,4003,0.5579407175090904,0.5152109024376991,0.4851809629598483,0.45598590005016865,0.4377430691135661,0.4202147220715293
32033,4003,0.8056326010191143,0.7747119300232692,0.7483432563235901,0.7261677188205349,0.7118683873351316,0.694940954136271
32510,4003,0.7425971943648256,0.6984749295765352,0.6660206429588342,0.634305126786723,0.6174337137669181,0.6019872046483177
4001,4005,0.7824524916074372,0.6923709322630882,0.6512150494565717,0.6741108712704859,0.736781089969582,0.7355833384281544
4003,4005,0.8332457515935883,0.7749668292469496,0.7268527134948697,0.6974605271920779,0.7040810821241092,0.709745368126239
4007,4005,0.8045143983231908,0.7410104456580829,0.6891960588432501,0.6520418766689071,0.6516710610627243,0.6448240553818025
4009,4005,0.7111685899261524,0.6579768684688037,0.6109092954471268,0.579582325455355,0.5800649315432553,0.5707289266865476
4011,4005,0.6070593848834479,0.5836568101578238,0.554425761203549,0.5209545470849485,0.506893639929155,0.48962543186755825
4012,4005,0.7041719243158403,0.650033084803562,0.6002995298358946,0.5777667569892483,0.5958529376635094,0.6098969361856608
4013,4005,0.5669930763936162,0.5123582829013442,0.46523685667202047,0.42195154566005805,0.4039801408204983,0.383255377095121
4015,4005,0.7233698601744407,0.6476812705302013,0.5970955248732992,0.5594357971064975,0.5472000444669636,0.5378985447778414
4017,4005,0.8142172561445477,0.7260839383356074,0.670682302239144,0.6640129184151389,0.7023611966298985,0.7037645041908497
4019,4005,0.4660813648536541,0.4075084018104594,0.36316879404965674,0.32647159371043577,0.31577053643270625,0.2980293821534628
4021,4005,0.5859998608601827,0.5147754061430901,0.4535690807053006,0.41268019925249283,0.4098068711776919,0.395592682702788
4023,4005,0.6096442263296284,0.6002066133217465,0.5879545487178504,0.5815470457809684,0.6114078328865703,0.6454365828998415
4025,4005,0.6219893750422794,0.5500943990714496,0.49333877217862376,0.44840523688156536,0.43515845181770907,0.4243250851045986
4027,4005,0.5346891255814217,0.5597834844444458,0.5919631057164063,0.608539399939395,0.6095061751288648,0.5876578884195419
6001,4005,0.6070517237613173,0.5576583669130353,0.5146441037560935,0.47653700057457093,0.4571072324187777,0.436524534200935
6003,4005,0.38833804104608893,0.4075984297716159,0.4792442781339907,0.5391715608424713,0.49708031252984475,0.41012264064042503
6005,4005,0.7037313948466246,0.6406831840962067,0.5899174284632969,0.5513725529820728,0.5426030071175508,0.5392280854192668
6007,4005,0.7868881995642376,0.7055487100679014,0.650292628598299,0.6260767955510713,0.6358629648904139,0.6239997752481622
6009,4005,0.7613759578160442,0.7036563643821176,0.6558876122902477,0.6248410933392458,0.6172784700222598,0.6106259497073863
6011,4005,0.49010329306364314,0.36988100812580965,0.2762643671779449,0.27164413129060133,0.3253514828394899,0.34333704857982583
6013,4005,0.6275637255930493,0.5771986636285827,0.5341464516776199,0.499054037368794,0.48372423930126407,0.4662553445063082
6015,4005,0.779124134988958,0.7158176049746877,0.6665155394127806,0.6477407749664783,0.6476947852413365,0.6311539695256088
6017,4005,0.7112086044879184,0.6508817260790485,0.6050353977365116,0.5725484663015613,0.5491752039719681,0.5281416542588565
6019,4005,0.74633645267504,0.6859126768277786,0.6392204286935398,0.6121702714611199,0.5924020802114985,0.5697962271282927
6021,4005,0.7407138008031664,0.648199872450502,0.5770340350463125,0.5712078981229238,0.6111586514497501,0.6144608310305525
6023,4005,0.7599629268299398,0.6772383422167775,0.6080126654227738,0.5660089384803676,0.561530235804251,0.5528785076606557
6025,4005,0.6819375508428633,0.6634267992464342,0.6474446475077056,0.6239103536351677,0.6362460301855849,0.6663239212780817
6027,4005,0.8143859096768189,0.743191876687611,0.6940884755135774,0.6649680991630977,0.6640078116119694,0.6590972109065465
6029,4005,0.8196694548351278,0.7615223641313174,0.7018263992971198,0.6634384050895963,0.649872445714506,0.6284847597746215
6031,4005,0.7327144956384529,0.6519288610182862,0.584143270291598,0.5485145202339853,0.5484565733119547,0.553955904671136
6033,4005,0.7236348711360908,0.6599968254340695,0.6202001773010362,0.5872342208031742,0.5687386292602333,0.5466383647299318
6035,4005,0.6636758250644211,0.5831037787613949,0.4906735748222878,0.4347154497881891,0.44489300198636017,0.46727969207861403
6037,4005,0.7826184995144846,0.7312681560875098,0.6886959529207188,0.6482047939285651,0.6167650133338617,0.6078283779271595
6039,4005,0.7655131068134841,0.7124119894478645,0.673866638225159,0.6656026539719793,0.652065972522419,0.6069234518889091
6041,4005,0.5566749389199244,0.5002120713986122,0.4505901591675816,0.4092166012096341,0.39045395120282567,0.3715256145312622
6043,4005,0.6841947332307012,0.5793870587723978,0.49205621462168087,0.46041864937614013,0.4721437939977513,0.4945688231899667
6045,4005,0.7773276864393728,0.6923432994816839,0.6196942783159122,0.5795993451084565,0.5842149012875247,0.5783666747915887
6047,4005,0.7385788012785506,0.6555640728225379,0.5981602918749505,0.5730831948079594,0.5753101511932623,0.5565502101838805
6049,4005,0.6711684394610719,0.5926198629313806,0.5069200924851491,0.4606314342692711,0.4734421372939325,0.49934134024048177
6051,4005,0.60344474208217,0.5935056127091751,0.6382050940506078,0.6929706247925995,0.6256535395712143,0.5277246891780756
6053,4005,0.5865149097867723,0.4590786907863024,0.34130534765087683,0.3015466931410785,0.3516076017306672,0.3983143099100609
6055,4005,0.736058634841406,0.6544632898117109,0.6005139065563688,0.582092774738504,0.5899635585679227,0.574523421769067
6057,4005,0.7527587302307285,0.6933089674992041,0.6476664493371094,0.6134846103332157,0.5943525607814594,0.5755611577877255
6059,4005,0.6570915215816229,0.606168967436539,0.5650443615539916,0.5281932753202231,0.5065727238810575,0.484777158366749
6061,4005,0.6933811030555403,0.6400085979988517,0.5979909071436652,0.563759135770034,0.543207751601818,0.5238924041831678
6063,4005,0.6169013429698418,0.5352640845059549,0.43713711291331003,0.37294825170210455,0.37527193618100135,0.4020021552448463
6065,4005,0.7690970861639603,0.7158789410237894,0.6733307349973366,0.6456910612536989,0.6433638072427874,0.6465341815648626
6067,4005,0.6990790478357701,0.6473088445726778,0.6081331917219888,0.5786068588634066,0.5664171432948841,0.5514142668716442
6069,4005,0.7000233491665725,0.6421367270640281,0.5946359109945201,0.5625948805140012,0.5413693939443954,0.5122137169649265
6071,4005,0.7248734062643789,0.6838060670694013,0.6535882091014579,0.6276465049828033,0.6157692017896711,0.5987766389654637
6073,4005,0.6981197504779529,0.645227492737266,0.6068135435598953,0.5733808603452242,0.5559271262279932,0.5388448157058163
6075,4005,0.6011291749201927,0.5489943603949677,0.4997368712981654,0.4587133348431182,0.4392539560091014,0.4151340269037864
6077,4005,0.7877325553551717,0.7152189457463596,0.6751836468283511,0.6540083661172751,0.6490859807298489,0.6193208967476639
6079,4005,0.7470589669367701,0.6727816487386055,0.6195227016718009,0.592411788300912,0.5931266255866513,0.5855554649705536
6081,4005,0.5196958903503783,0.4684856955792977,0.42302819528714697,0.3841871572115018,0.3613636038517672,0.33742662650684224
6083,4005,0.7595987201124387,0.675361142821774,0.600447375538848,0.5613355230322001,0.572297456372088,0.5834996100608382
6085,4005,0.4775627045015873,0.4307622675419163,0.39017244782341504,0.35216513776270275,0.3286163588503156,0.3052884935576714
6087,4005,0.7165014771137158,0.6220122429633683,0.5296097439250342,0.4739435301112974,0.4831880072940408,0.500695074049177
6089,4005,0.7549661827602299,0.688202283288741,0.6291625339183825,0.5918758524459119,0.5893670927785284,0.589204216145771
6091,4005,0.5795757989823621,0.5041659598407483,0.4112177549032438,0.33658065178066326,0.3285706931072548,0.3425218704011112
6093,4005,0.743336092241701,0.6577818690989536,0.5721644867883114,0.5358798327616635,0.560074862426578,0.5834855566623244
6095,4005,0.7330789966421011,0.681929474370246,0.6412747028988734,0.609946057723389,0.6013264268174676,0.5926821248088441
6097,4005,0.6538230394204584,0.5886465352539588,0.5355973732548746,0.4994992250312346,0.4884421612798754,0.4758607842844325
6099,4005,0.7735754984149659,0.7200347327128064,0.69831298065664,0.6794900122274822,0.6528405495280416,0.6099211060840292
6101,4005,0.7004266363933919,0.646256702945886,0.6135173490798819,0.5849196555577779,0.5586909983492944,0.5130478037868766
6103,4005,0.7741616748204713,0.7018547736586409,0.6403688166114611,0.6143345849864974,0.624011561555549,0.6215208587981244
6105,4005,0.6088067052595567,0.5269777145416321,0.44413026578174136,0.39771903023223043,0.4040572341704633,0.4189372607951568
6107,4005,0.7535818170039887,0.6835315231820219,0.6165549436721469,0.5904802097327624,0.600229375398335,0.6097005290446535
6109,4005,0.8028610013922759,0.7330280050477737,0.6745837009314666,0.627492198591907,0.6138140729255145,0.6133532288051231
6111,4005,0.7731233233133586,0.7090814806098893,0.6570430560971299,0.6329640265274193,0.6490733711106779,0.6553525452315397
6113,4005,0.6544378286239488,0.5705378623403555,0.5043163352176846,0.4770585417342808,0.4806505364064553,0.47313970301194586
6115,4005,0.7725220872498875,0.7021951279994411,0.6456564720991118,0.6121956870734193,0.6149810181504437,0.6133309469440187
32001,4005,0.6881779248383466,0.6272977891497733,0.5806679945221408,0.5468126047668338,0.5520799948492725,0.5622019185885403
32003,4005,0.5715338431225534,0.5092853415256595,0.4700917863048487,0.4277516571585561,0.40094938496979077,0.37383092503059534
32005,4005,0.6344439931449596,0.5672720760043047,0.5291103442420396,0.49634097820803186,0.4758242449452988,0.4495118733161216
32007,4005,0.7307609073150083,0.606294083815342,0.5417210737530527,0.4968017719625712,0.49455432967911866,0.49794140652859575
32009,4005,0.43540744439078877,0.4247324248626255,0.43169479745418865,0.41577139825890386,0.4118336943958568,0.4037018551914228
32011,4005,0.5867338270362324,0.5432978866841954,0.5057750871196074,0.4615980089352698,0.4556570135007246,0.4559156762119689
32013,4005,0.598805928538693,0.5164918932056584,0.4544271864785991,0.4111519759701897,0.4133488617736289,0.4136438178686812
32015,4005,0.6833537227813701,0.6411468790681867,0.609781133181411,0.5886598538117672,0.6019730753228514,0.613433923611603
32017,4005,0.6962207670460347,0.657224316695882,0.6461185876388772,0.6370063070010165,0.6488482720466563,0.6515945718917496
32019,4005,0.6420158345419248,0.5784850328781822,0.5308698445166395,0.4920150482095104,0.48613417287606076,0.48636998435542217
32021,4005,0.4751705577629993,0.44889835244494614,0.4316478370342862,0.4165086479409508,0.4194141371522102,0.4191453742013051
32023,4005,0.37926683641860803,0.3365139364338745,0.3116509615402334,0.2845254283002002,0.27110550782676546,0.2567291118295172
32027,4005,0.48871435665123186,0.4354961117972867,0.4025239429904314,0.37293699956997234,0.36483663789278853,0.34526473776855626
32029,4005,0.49288090532767415,0.4433400892879552,0.40816277766115994,0.3778875761300954,0.36824396414383836,0.3666221500001325
32031,4005,0.5883909001359979,0.5212336164556512,0.4752542216994854,0.43258958602537245,0.41443218744311827,0.40290582619514104
32033,4005,0.6982350787710443,0.6488502891207973,0.6095980017000527,0.5870615784357113,0.5909372741724376,0.5889636552756086
32510,4005,0.7163869965133302,0.6445822619284951,0.5923555351971267,0.5469298423982161,0.5355133762412593,0.530192981753806
4001,4007,0.7656485579279547,0.7406312175966717,0.7468832428182172,0.7665210084208133,0.7862851452142368,0.7663553036219466
4003,4007,0.8353844119553985,0.8072806757726733,0.7872366670181379,0.7692833938633122,0.7650999658156886,0.754079589889534
4005,4007,0.8041301595752811,0.7540390922973174,0.7347831749810482,0.7283704211842333,0.735182832488923,0.7110865040727353
4009,4007,0.8561200118922243,0.8242354811580359,0.7979330205840899,0.7717853105807341,0.7572403654412404,0.730633490330553
4011,4007,0.7974159177021735,0.7809271747719849,0.761877449602826,0.7354824661837039,0.715071334175286,0.689821104847482
4012,4007,0.7049580008354989,0.6735788052721737,0.6504222648384328,0.6372071649910657,0.6391949591103011,0.6354285644695004
4013,4007,0.733046082640509,0.7000229480496555,0.6728593109251495,0.6444885274919434,0.6285293307114427,0.6021165332323057
4015,4007,0.821584674063289,0.7787059839268758,0.7483672042752608,0.7214655307406572,0.7088711884391155,0.6914025556250164
4017,4007,0.8043530650700358,0.7695022085321481,0.7568222123857882,0.7511438166872499,0.7536595837088714,0.7285657424482282
4019,4007,0.6296450852905664,0.5948073420173144,0.5714140111268258,0.548060121174476,0.5370374601299405,0.5135954243143258
4021,4007,0.7894042736713133,0.7472175324735228,0.7129692027228632,0.6846391755289951,0.6699804243794711,0.6383644897370967
4023,4007,0.5276355103911025,0.5166565562092134,0.5210063851251369,0.5371207112039319,0.5694499487061634,0.5961691827160549
4025,4007,0.796873867210741,0.7527297203679851,0.7189318330641312,0.6865046881006619,0.66836340647892,0.6418242628561193
4027,4007,0.5137436979260381,0.5395281083413164,0.5736779562039703,0.6010836852662435,0.6119423008425775,0.6076090592789806
6001,4007,0.718648504852195,0.691993760380973,0.672014900474623,0.6518099399306002,0.6400698600032741,0.6164364291797537
6003,4007,0.40596132709434457,0.4381702992832868,0.49100596237096383,0.5191647061681759,0.5047806806231719,0.46265970425554404
6005,4007,0.8178950702139898,0.7869676649461634,0.7599726192342756,0.735364968461213,0.7223655548741028,0.7054630435657446
6007,4007,0.8704734737621569,0.8345729396418559,0.8124130636857051,0.794714692795563,0.7878886403013512,0.7582361418586469
6009,4007,0.8703644341730373,0.8404333095913035,0.8123178736816212,0.7876642323010871,0.7713668655835623,0.7493996055566999
6011,4007,0.5073431708255058,0.44243695132506067,0.38541229578680264,0.36486213321281585,0.368762692810472,0.35205809703312724
6013,4007,0.7230699518474767,0.6974431191477772,0.6786536900866238,0.6607409878042529,0.6524056637908332,0.6318897964534886
6015,4007,0.843926147051491,0.8094401789488435,0.7827454033806402,0.765883498680438,0.7529966815642694,0.7241855096392479
6017,4007,0.8301621827978217,0.7993885858648027,0.7716489052425806,0.7473602104416012,0.7286117500331755,0.705274047127198
6019,4007,0.8265283655530145,0.7902235429546483,0.7587847605536104,0.7320882572350186,0.7064257330417455,0.679621523926069
6021,4007,0.7589095332427324,0.7223409211128834,0.6963434424569772,0.6900076603752996,0.6927671801373102,0.6634021880635399
6023,4007,0.811639573010641,0.7662248669003241,0.7267720360772475,0.6950081834861449,0.6790501966548868,0.6513642198853651
6025,4007,0.6656206868556392,0.6484033388139581,0.6516553139457384,0.6588502692758174,0.6815167938984439,0.7036613081024181
6027,4007,0.8013877312221717,0.7624169937947171,0.7366744062972098,0.7152222622156101,0.7072064931020243,0.6887686473028622
6029,4007,0.8293989850479386,0.7956407603722483,0.761210180717304,0.7359699747863305,0.7222862948743077,0.7003455270695593
6031,4007,0.7950501085391126,0.7550345265512426,0.7165765161215094,0.6878868490770715,0.6704808310153428,0.65225332001606
6033,4007,0.822795062373118,0.7877089569452544,0.7611923543096585,0.7304242838445257,0.7069028121374071,0.6786199625331043
6035,4007,0.7537255185262325,0.7084507230997205,0.6579285496326011,0.619391497204521,0.6071448064516887,0.5889875371656893
6037,4007,0.7768549001973477,0.7489404354357441,0.7309657801629574,0.7127686174390288,0.6944922863550789,0.6806588941023268
6039,4007,0.8107569596161426,0.7800820085699821,0.7565825354033103,0.7397894883488144,0.7155248419739896,0.6759618780881763
6041,4007,0.6652601221298101,0.635233897981611,0.6119898515423918,0.5904624457581715,0.5795482833452702,0.5557117539701896
6043,4007,0.7050186258951364,0.6485722375017859,0.5973963771040671,0.5681102289687081,0.5594882699586353,0.5519965497229257
6045,4007,0.8046098587583714,0.7575513411715421,0.7138628906296615,0.6786510660484609,0.6631876506673821,0.6354243019593889
6047,4007,0.7747123124785218,0.7314897754786369,0.6976352225679912,0.6691029635403696,0.648817242012594,0.6147251320170385
6049,4007,0.730875912062281,0.687664078011141,0.642267379778171,0.6092531616199046,0.5995175051381255,0.5905086421997222
6051,4007,0.53319217215645,0.5416591165922595,0.5624360630221847,0.5846394972851674,0.5501012222673525,0.510286026884607
6053,4007,0.5696645715325813,0.5021675923935293,0.4348157408218556,0.39952845666271636,0.40254439405648673,0.39749117119536603
6055,4007,0.7661607489246922,0.723294699948368,0.6954228986429765,0.6823746759639552,0.6832344909628336,0.6649851598449863
6057,4007,0.8476648303309802,0.8180282935013673,0.7936195528155372,0.7698022671579525,0.75111563765915,0.72451117665031
6059,4007,0.7175449238543723,0.6914900600654595,0.6730350045986094,0.6551327209885995,0.6450490891613649,0.6247807271317317
6061,4007,0.828036833485785,0.8000255215368735,0.7759646854630649,0.7527004993192583,0.7348466582191162,0.7101940547333488
6063,4007,0.68746752166525,0.6400381525532547,0.5817897796989656,0.5350149517360405,0.5182095349388568,0.5063760077020896
6065,4007,0.8226937011377939,0.7906092743898417,0.7741615257392962,0.7664808874319781,0.768071588380708,0.7616309458140363
6067,4007,0.7976017783316925,0.7718074474262671,0.754272583280037,0.7381385473202198,0.7291153646478782,0.7100814832054786
6069,4007,0.7523273366657289,0.7221148652735521,0.6879299335285711,0.6533059793553614,0.6225826914562802,0.5888201659463408
6071,4007,0.8174377395202956,0.7967720074989841,0.7841817028923289,0.7714139037931864,0.7638759283958005,0.7447930736995575
6073,4007,0.751807297610347,0.7257678793283484,0.7098827462773257,0.6951896227203048,0.6887065399916602,0.6725223485582359
6075,4007,0.6825693485758972,0.6545787456030915,0.6325371115438263,0.6111777672083267,0.5994338882905915,0.572879981386134
6077,4007,0.8729451342710899,0.8359015022964461,0.8123004407421699,0.7886626568460311,0.7704835259381065,0.7390803494494583
6079,4007,0.8067910721092643,0.7687297262582752,0.7435678102630103,0.7283242904758755,0.7254385069056271,0.7075605898578102
6081,4007,0.6503905856709312,0.6229983939835374,0.6004750324376791,0.5779356913483525,0.5627388845377762,0.5359139412590571
6083,4007,0.8084061777901165,0.762126830980951,0.7244926887201325,0.7032023444762224,0.7070356533735427,0.6984383241523332
6085,4007,0.6730441782632652,0.6445615987728619,0.6205421056759648,0.5947737932314502,0.5758197545028337,0.5484116909214519
6087,4007,0.7862816781642991,0.7323097440132358,0.6787299218557294,0.6394773227420523,0.6312769225326047,0.6186945202010816
6089,4007,0.86720269221792,0.8302910168390935,0.7974946170393671,0.7706909791001536,0.7572646746825686,0.7364865229960699
6091,4007,0.6902145399422379,0.6433265809021347,0.5852134704269483,0.5273295245222273,0.5009654901269703,0.47967580397826254
6093,4007,0.8004141813292694,0.7543449538924341,0.7090527880093699,0.6831089521862125,0.6819075583772924,0.6695105478918013
6095,4007,0.7939880156764654,0.770841516356006,0.7546456302660566,0.73937199612974,0.7346221735087104,0.7200781496950522
6097,4007,0.7627455557311597,0.7290391100484893,0.7027346129187897,0.681394267293816,0.6708984809375313,0.6485660051545273
6099,4007,0.8335429984065197,0.8093906591360133,0.7936765033605347,0.7689865705580031,0.7373818697722418,0.7007685682046254
6101,4007,0.7712327877700175,0.7404126826142856,0.7123169311049339,0.6749559243881776,0.6390547839101874,0.5946726546382832
6103,4007,0.8557696813528939,0.8208298522087505,0.7935159118353361,0.778127534654393,0.7730763709059255,0.7520090040920828
6105,4007,0.6963393454997369,0.6463327027118683,0.594329134569969,0.5526245620571472,0.533887828567826,0.5132934548867653
6107,4007,0.7517536049985099,0.7072163475160698,0.67021544806485,0.6519132396951176,0.6484283508482129,0.641869696551358
6109,4007,0.858367589335352,0.8232534513384089,0.791648895053681,0.762011272531393,0.746951317805792,0.7317241711045663
6111,4007,0.8124760504730034,0.7743743184650043,0.7524415237881587,0.7466120605923843,0.7613645590852613,0.7570180247240191
6113,4007,0.8016904981982786,0.7539361077062968,0.713131142230874,0.6878037879402977,0.6731942663196884,0.6486841557261412
6115,4007,0.8401605266237925,0.8049159104597275,0.7762836540273892,0.7494116422989042,0.7351616344404772,0.7113049393506431
32001,4007,0.833224499234406,0.8033527561437509,0.7832686750767919,0.7627006779393637,0.7581599973499138,0.752634335858065
32003,4007,0.5891664943409646,0.5579730431281579,0.5389297639226229,0.5156032320279927,0.5043824926946974,0.48380101442267365
32005,4007,0.7708582397701749,0.7357310639920637,0.7103044370909712,0.6841538371019967,0.6663721453971696,0.6432961937584484
32007,4007,0.7954025359503863,0.7334376925267225,0.7018639750559632,0.6691060265354606,0.6592284014258298,0.6397157272753152
32009,4007,0.5186602981006976,0.5208800187190535,0.530311928340331,0.5248491516475653,0.5189310149006425,0.5101011841858751
32011,4007,0.6327648685798953,0.614352207617325,0.6021739884658522,0.5729703287637055,0.5633105288866391,0.5533312613472495
32013,4007,0.7766856510847736,0.7340920569294656,0.7028510619708501,0.6706991690571729,0.6582741154641835,0.6357169286173002
32015,4007,0.7039300666358909,0.6900823765855153,0.6833851711564136,0.6728868177061692,0.6780130100323359,0.6773279158561945
32017,4007,0.7614176195897686,0.7426678704373767,0.7400438841941597,0.7320680406376038,0.7363176594750517,0.7329580484961202
32019,4007,0.811093258159759,0.7760172247289349,0.7499102820202129,0.7216317348607325,0.7094808311737634,0.6937967306913471
32021,4007,0.6465514572980318,0.6403098534314559,0.6418044310853203,0.6401985572842747,0.6450556083613103,0.6468799142448572
32023,4007,0.5945619306850572,0.5729000911311691,0.5600260537323362,0.5453233865355541,0.5372378042765997,0.5237346957144748
32027,4007,0.7170022935325232,0.690536682582938,0.6758043505525707,0.6524558094178882,0.6344870531277162,0.6081872313600942
32029,4007,0.6609287836936797,0.6329034806982384,0.6152071620240454,0.597595235719571,0.5904084307636064,0.5853987007420729
32031,4007,0.7493874889803893,0.7129779438394837,0.6875989188048154,0.6593435871445449,0.6443757982676912,0.6251530390753941
32033,4007,0.7409144303573516,0.7206261844965548,0.7084036431595746,0.6962684046152272,0.6936534758331354,0.6832438849935124
32510,4007,0.8426189417148459,0.8053587656484427,0.7785551377193,0.7489195412920707,0.7364844804723396,0.71911556462643
4001,4009,0.7240354528762172,0.6879968939585676,0.6835852426444599,0.7023309569388793,0.7306844860774305,0.7202580857448746
4003,4009,0.7383295143797931,0.7148411318893476,0.6983291356905551,0.6905396555444119,0.6939044816876118,0.6931281218408907
4005,4009,0.7104282978178665,0.6681909621119028,0.6559600343300779,0.6665079084157914,0.686862120225972,0.6791053377709615
4007,4009,0.8692350738043778,0.8434937830063831,0.8231728813712186,0.8085270281168868,0.8073326163033384,0.7967357515266421
4011,4009,0.9201849770274656,0.9029830483611735,0.882557597130124,0.8590024267655391,0.8380362135456378,0.810666124141919
4012,4009,0.7241614057493692,0.6947722015216413,0.6718478048672788,0.6622603427266567,0.6684721405388065,0.6692005012094525
4013,4009,0.5979948274248317,0.5739979307439362,0.5527487245557988,0.5332311677319741,0.5227665833864429,0.5073385588150103
4015,4009,0.6627917481298481,0.6358452649115015,0.6169914853027334,0.6042818806614485,0.5993798212833297,0.5929082499335707
4017,4009,0.8129844406739394,0.7741123305792165,0.7575137023030684,0.7579461167780238,0.7723059557594526,0.7586776902608556
4019,4009,0.4980569090582311,0.4720167185326359,0.4527838808091977,0.438060252660813,0.43193532205979757,0.41967314751083384
4021,4009,0.7283831368525893,0.6909696458373479,0.6595416551021664,0.6365595990160203,0.6264176172405012,0.6048558278932714
4023,4009,0.6258485741808596,0.6139083631199903,0.6026034894546796,0.5943990275229033,0.603688948898744,0.6107472934875859
4025,4009,0.6658940229114163,0.6356027215370333,0.6124695472946685,0.5950456190567998,0.5868331102906026,0.5756282295070857
4027,4009,0.5895080190906663,0.5951528004224123,0.6028421051157841,0.601148139233668,0.5930639668429685,0.5845065666826655
6001,4009,0.6480309563530368,0.6269378335330823,0.6099731816825507,0.5956818393392641,0.5862276219463666,0.5733164082065795
6003,4009,0.4427670404120985,0.4551236574210819,0.47912764755440834,0.49559187213153444,0.4568214153331546,0.40052142804878504
6005,4009,0.6754309164292707,0.6576661071784793,0.6440163275794683,0.6378022347559423,0.6404124981449346,0.6429396368142012
6007,4009,0.786140115739789,0.755077751318752,0.7383434800727893,0.7359903995766057,0.7461187787901927,0.7388455737578102
6009,4009,0.8293520001694029,0.8079747221075714,0.7916770908559457,0.7833212273165648,0.7791350954707001,0.7732916876606175
6011,4009,0.3976819392204199,0.36185986176122636,0.3405008632865126,0.36541693592509,0.40824487098222,0.41819584123686937
6013,4009,0.619383467560851,0.600624293980783,0.5866962575843102,0.5765032897988585,0.5716160436695122,0.5627673664037177
6015,4009,0.73558269724827,0.7115374828213176,0.6901773917806551,0.6908744037870757,0.6963066830222981,0.6863651246189054
6017,4009,0.7182618881948433,0.6986968412185182,0.6827440603717311,0.6738325149698754,0.6655383861587679,0.6571762905127061
6019,4009,0.7786981819887557,0.7578739124777998,0.7442461178464075,0.7457128317772999,0.7467386077213066,0.7390336441056363
6021,4009,0.7328509469094863,0.6943142705589469,0.6691757325440377,0.6773162953916971,0.6987954217602145,0.6929929189103669
6023,4009,0.7576889542875145,0.7213301648958067,0.6934257917262469,0.6786674390614604,0.6768134160657632,0.6671466246114888
6025,4009,0.6735163595032865,0.6564951279817178,0.643450216672085,0.6255578008275423,0.6236841293025585,0.6342276274465181
6027,4009,0.7330733791340955,0.7034413760321394,0.6854332158726981,0.6761011776436728,0.6768466947249664,0.6710967624409634
6029,4009,0.7787096350179286,0.755476200762983,0.7314067932716296,0.7259062963164035,0.7327534498007109,0.7289061208572307
6031,4009,0.7306169791703697,0.701849627365925,0.685833343358515,0.6890720105031729,0.7023108296998669,0.7060242864746584
6033,4009,0.799359115405524,0.7754472908676234,0.7633248109165898,0.7540091953054638,0.7466018966633328,0.7320963313102293
6035,4009,0.6888211054301345,0.65795441585619,0.6280518335972068,0.6189143224090141,0.6343319411704954,0.6467422046354115
6037,4009,0.6800378015588746,0.6544871085464178,0.6342313916724887,0.6203467354798684,0.6099026789823125,0.6026025932805062
6039,4009,0.7381153309132835,0.72459887301091,0.7122646632094786,0.7175154047791881,0.7214019217559275,0.7086701297227044
6041,4009,0.5819749112378466,0.5583971007698031,0.5394047747278874,0.5239995356672033,0.5144701826847234,0.5014312468660957
6043,4009,0.5686952904966,0.5430336357091,0.5262063381934985,0.5344082726513554,0.5548551803170345,0.5730475906788202
6045,4009,0.7129433316085638,0.6827941522507094,0.6583560036970852,0.6487501538202474,0.6533354043002598,0.6473145371936494
6047,4009,0.7236974668753718,0.6890152597203918,0.6701719418148862,0.6707146039091693,0.682337405592533,0.6755009089782811
6049,4009,0.6185235954797742,0.5926420435398038,0.5698577151464225,0.572531617694277,0.5963321616477899,0.6186017282108526
6051,4009,0.49682489446453504,0.5042968200080359,0.5245699560053251,0.5416483875503948,0.503816538796582,0.4585848143737921
6053,4009,0.48451169417194884,0.44374681390284304,0.41214482118168927,0.41721223217454534,0.4561740234673014,0.47869031139011703
6055,4009,0.6488388523967199,0.6265448582703749,0.6141104249537568,0.6169269277128104,0.6297025919570801,0.6262363104909467
6057,4009,0.7536705841958297,0.7320788957121837,0.7166303358225513,0.7076219327543781,0.7003357302835694,0.6910362800362408
6059,4009,0.5993748453905663,0.5795608742303239,0.5645084723302332,0.5516687438124064,0.5428645558299511,0.5322652495151069
6061,4009,0.7207599735521151,0.7010997805012925,0.6850330982848706,0.673237206707473,0.6637206221362293,0.6525152764452521
6063,4009,0.5613054717866061,0.5359441324224414,0.5096393494033196,0.502900168296145,0.5227138682356839,0.5435631373764731
6065,4009,0.7650797364988805,0.7398477000723831,0.7211387468706859,0.7104733419941448,0.7075260324102236,0.7040653962662561
6067,4009,0.6846116591564817,0.6664889908487016,0.6545477525710577,0.6481353089058357,0.6455480951550864,0.6385314235353615
6069,4009,0.6788027071178017,0.6565379664502395,0.6392975949900034,0.6311532587685025,0.6250513761662088,0.6115672792973686
6071,4009,0.7358091915743711,0.7175571594128649,0.7050029529128913,0.6954166397059962,0.688922382318982,0.6777934385967018
6073,4009,0.6299092799641205,0.6108849239197728,0.5982633413431648,0.5890538120926816,0.5843833335253237,0.5771211245865833
6075,4009,0.6554386185766592,0.6315794472367278,0.6106684455644357,0.5934353386538926,0.5813944785604398,0.5649492616406558
6077,4009,0.7951220994728945,0.7679720989490202,0.7562772839421339,0.7524729897795143,0.7528285615131813,0.7367774027700063
6079,4009,0.7173604321751145,0.6913417240462848,0.6743072031127146,0.6677192260358115,0.6690909782151335,0.6634277621657346
6081,4009,0.5885738484720893,0.5658817177207891,0.5472176922153767,0.5306638399775153,0.5175811798068933,0.5011915884397073
6083,4009,0.677258594687003,0.6505264161714006,0.6287599245641472,0.6255135397367486,0.6405626955238714,0.6472489254074872
6085,4009,0.6316092264283574,0.6101452806026908,0.5912941470732351,0.572287754536519,0.5564745835588876,0.5381484359540953
6087,4009,0.6472420995642104,0.6183601081352962,0.594498648071816,0.5891639877709527,0.6093745484639711,0.6243961032772387
6089,4009,0.7835784017638717,0.7580124659246824,0.737900538364157,0.7304127706489635,0.7341126359108296,0.7335874955434519
6091,4009,0.61020958450936,0.5832890093452553,0.553566387214562,0.5323317574762899,0.5382189015269117,0.5482890993244294
6093,4009,0.7145436405271895,0.6861459507485747,0.6609481554851525,0.6633970335798673,0.6869346810934231,0.6989590397499262
6095,4009,0.6882480754662338,0.673430767927802,0.6649003802476042,0.6616978562664263,0.665231064280449,0.6648672763785611
6097,4009,0.6420420005960308,0.6185267214423829,0.6013728002721217,0.5921346857558087,0.590624308273308,0.5841452224314815
6099,4009,0.7894034505368354,0.7685693988581971,0.7617487191810213,0.7576017012177038,0.7475516755905142,0.7274756771557678
6101,4009,0.7018632264455894,0.6829220090689743,0.6730010024781663,0.6672182920350949,0.6649099614644834,0.6471677859691275
6103,4009,0.7689754429643063,0.7397157604904355,0.717349278962054,0.7159789474788244,0.7271218522903604,0.7274463218664358
6105,4009,0.685448036096466,0.6550624587517847,0.6266027189093275,0.6159903722104406,0.6235549871446245,0.627263533568536
6107,4009,0.7067336722060563,0.6804485685408269,0.6556226014786075,0.659308760996939,0.677242334160487,0.6865911023111908
6109,4009,0.7592877395128341,0.7375861237039139,0.7227836901000828,0.7148377183035766,0.7166095116800573,0.7200482803649425
6111,4009,0.7459801653825238,0.7227819047630994,0.7036915918154681,0.6984047713094077,0.7060707090327216,0.7045849964849153
6113,4009,0.6710012657626268,0.6413411480588042,0.6214397755886755,0.621959816667066,0.6306388110459606,0.6270786227255489
6115,4009,0.8157979965373788,0.7855609241145999,0.7654135337622651,0.7577991084690716,0.7609287882739928,0.754456801431469
32001,4009,0.7193941441298056,0.7038130765454444,0.6984031572848662,0.6985533384963434,0.7111143028186514,0.7224772359478397
32003,4009,0.43221015168784427,0.4144641189049191,0.40495760353610566,0.3916622931709306,0.38463901155687635,0.37578247977824214
32005,4009,0.6430537070120836,0.6267069442208397,0.6195595575045397,0.6118012488363441,0.6072570027733264,0.5999851149216694
32007,4009,0.6865197472636503,0.6476437892295258,0.6315544243323573,0.6230307858773445,0.628038593265213,0.63019677418825
32009,4009,0.6007621989578117,0.5931756286917248,0.6003790291212752,0.5996479470993887,0.6048215161104474,0.6119563427594538
32011,4009,0.6378996098211597,0.6160799327074421,0.6164412206077707,0.6092450101331587,0.6103741059666,0.6109924948753486
32013,4009,0.6967564722367464,0.6647165839288098,0.6464618578815802,0.6365855803028004,0.6412322059061936,0.6374296052531085
32015,4009,0.6996247474181798,0.6920462056592558,0.6945700524631,0.6996582052042583,0.716174749104839,0.7266319510101708
32017,4009,0.7189776750562922,0.7098509381255892,0.7148602192437299,0.7138600721685824,0.719285777279652,0.7242952197351723
32019,4009,0.7074018364007055,0.6854045077609173,0.6731500289199844,0.6634543754736316,0.664691005005209,0.6655033641935684
32021,4009,0.5369546319732486,0.5437807587125504,0.5537946899638942,0.5666676187284829,0.5856541234511826,0.5997697208838905
32023,4009,0.4685385398018924,0.4589423530972699,0.4547861325413641,0.44967971429932896,0.44897308199943703,0.4464128893396668
32027,4009,0.5911534085766326,0.5727687100571893,0.5678568803832574,0.5619562710684154,0.5629860810158105,0.5555072292274417
32029,4009,0.5109523474872142,0.5002129102997454,0.4975519419510313,0.49517617825612814,0.5012185835080935,0.5115509746745249
32031,4009,0.6004850797230881,0.5786041866783034,0.5655596256021428,0.5534627096687085,0.5496620811566388,0.5461653570629486
32033,4009,0.6747901339618992,0.6605169522148993,0.6515820115800872,0.6494952852185792,0.6539594365124252,0.6498196029434209
32510,4009,0.6963151647887293,0.6727620277997153,0.6589346045640475,0.6476978622656226,0.6457755788384917,0.6437464918060015
4001,4011,0.5639057500441008,0.5461547393453426,0.5458763456373718,0.558051532786257,0.5713543807501924,0.5619115554575322
4003,4011,0.5985300765999273,0.5868774241020394,0.582882847144176,0.5870560438919916,0.5909436900868308,0.5904119978513098
4005,4011,0.6041693046083199,0.585073239155176,0.5827964037188539,0.5923178342733959,0.6002830485364242,0.590449686207876
4007,4011,0.8028579329233807,0.7869681879639314,0.7743434767349098,0.7677551996167243,0.7635808697014219,0.7501374277257162
4009,4011,0.9023594970328522,0.8736689855943899,0.8462026019213603,0.8210497549683422,0.7952516984758873,0.7623167411440376
4012,4011,0.5938767725804684,0.5780337600282275,0.5660550736769887,0.562229904991702,0.5626322539478527,0.5559808925036749
4013,4011,0.6467935492339582,0.6309363460732518,0.6166433995216727,0.6048960681484299,0.5947283465775259,0.5781138695312635
4015,4011,0.6421583774936727,0.6272120750248185,0.6187107415663639,0.6149201839167072,0.6128642113052599,0.6065897611459466
4017,4011,0.6519825319501219,0.6293998175042038,0.6192045589255285,0.6172642469099474,0.6193862912176523,0.6044149671559245
4019,4011,0.5592270328309107,0.5432605068327578,0.5306033293514733,0.5212015026606801,0.5140470488722627,0.4991089759219658
4021,4011,0.7418195452912013,0.7144494240920016,0.688637247098124,0.6666660351579242,0.6482759275805529,0.6205864092548563
4023,4011,0.46253300228401795,0.4545560613769083,0.4492390998198545,0.4473162241608209,0.4524714234629026,0.45200744566365997
4025,4011,0.6755610284288837,0.6569273012731816,0.64217072006602,0.6327184203280766,0.6257931125481173,0.6127719694335294
4027,4011,0.45964066221638056,0.46496208959564783,0.4692731903047048,0.4651460192627497,0.4567442829883795,0.45291814546991144
6001,4011,0.6612696308861449,0.6466535843611818,0.6331874737196583,0.6224991917991047,0.613216404167578,0.5990665909608583
6003,4011,0.41704838758554275,0.4098711308133297,0.41205594553498787,0.4076612283072421,0.3751915794321085,0.3348320000230553
6005,4011,0.6586172222801642,0.6499873215385547,0.6436205011048999,0.6444640700387346,0.6491857335176481,0.6511460416297943
6007,4011,0.7242250922253664,0.7062954596409452,0.6954698849082203,0.6942271722111008,0.6974717736038367,0.6890868407516691
6009,4011,0.7545219933850901,0.7408286421217776,0.7282190763239268,0.7220174020781815,0.7172580630688548,0.7089389740932329
6011,4011,0.33104100005324666,0.31420810697918367,0.30506469639753747,0.32127651022130327,0.34822045808333685,0.35205103050266784
6013,4011,0.6339988095766232,0.623111953191695,0.6136265430449297,0.6074963194484182,0.6032127595236928,0.5931671488987983
6015,4011,0.640689679853174,0.6265030683131392,0.6109445894961084,0.6098096076416649,0.6125152972884546,0.6039531049408897
6017,4011,0.6993543543993344,0.6876913685986042,0.6763907303012614,0.6706647137656754,0.665524748099287,0.6581568801760637
6019,4011,0.6955987851400447,0.6809740222729058,0.6685971019419186,0.6697817497317897,0.6717507512553686,0.6651117202166155
6021,4011,0.6108793783484,0.5891668317118123,0.574441140001277,0.5767923946158954,0.5857193495744829,0.5780255264084949
6023,4011,0.6858535886201882,0.6617528968833846,0.639960249142336,0.626177478872625,0.6197170489333801,0.6077512745324091
6025,4011,0.572972643952952,0.5603772592762539,0.5504242288166428,0.5357999785323824,0.5304710566847886,0.5345145282305044
6027,4011,0.6261862429557153,0.6080834442367139,0.5954419907256371,0.5903389529391854,0.5900194290960793,0.5832201093075733
6029,4011,0.707425248766786,0.6922638469311289,0.6743527235950542,0.6712324195969528,0.6735842567139393,0.6673628355010908
6031,4011,0.6469992626516281,0.629207666543121,0.6185590919610764,0.6240295987500081,0.6320456749776284,0.6307289116325666
6033,4011,0.7169705123366623,0.7013418615171126,0.6911128217387507,0.6831705628102268,0.6762213122209431,0.663661442309014
6035,4011,0.6033189390404264,0.587459845093627,0.5720260220203951,0.5688979614606997,0.5777068534480495,0.5826226281120878
6037,4011,0.6406517734197991,0.6235165256114182,0.6091173741132516,0.6004636033499222,0.5922160788999152,0.5825476064276986
6039,4011,0.6527116999292443,0.6454053501818878,0.6326558053222896,0.6347967006218136,0.6428592210211026,0.6385710083379786
6041,4011,0.6049165857549234,0.5901854124403517,0.5759811316483571,0.5663506262678416,0.5591041507654779,0.5459132112223886
6043,4011,0.4976016076815123,0.4870569613441287,0.4819401686714838,0.49364914924512465,0.5091223435747284,0.5220295765087829
6045,4011,0.6305308258941845,0.6126515864917159,0.5969887032937312,0.5899301625622211,0.5921063218259841,0.5864373005125156
6047,4011,0.6209009745862667,0.599687366239291,0.5848907448608666,0.5828258805301327,0.5894422376245574,0.5819447036705799
6049,4011,0.5220059665067321,0.5103613383737973,0.5032306256937081,0.5106154759222206,0.5300838094251289,0.5454601625067603
6051,4011,0.4205233380158705,0.4209517553670815,0.4219553457755164,0.43158846945592494,0.40531089299874795,0.3782068600532058
6053,4011,0.41136533419761,0.3908015231313287,0.3776999447940585,0.38314720050612217,0.40612069214484914,0.4154892846804071
6055,4011,0.6191858365239239,0.611616680773781,0.6043531943018622,0.6069648613105036,0.6185204340733047,0.6168658960730928
6057,4011,0.7126757187237841,0.6987059958844015,0.6876792754288171,0.6824858989159777,0.6766187391965276,0.6685819872241421
6059,4011,0.6199496558462879,0.6071430405049186,0.595968636702949,0.5880698181347404,0.5817709306585931,0.571302354615422
6061,4011,0.7117934975974296,0.6991705143549706,0.6877305304342749,0.6802736165974061,0.6730663816795537,0.662144984776968
6063,4011,0.5193454351108759,0.5053273508719792,0.49202727948428454,0.49288475898775086,0.5079961144489458,0.5210622915503218
6065,4011,0.7249923677483135,0.7085676284790385,0.694238839808458,0.68628368005998,0.6807721889141861,0.6709845017170577
6067,4011,0.681117461219593,0.670245033070793,0.6623130188045415,0.6592141455355395,0.6567586236211644,0.6489440963414999
6069,4011,0.5867251081117806,0.5749998258132472,0.5640753010566744,0.5608051459385835,0.5578387378786789,0.54614297934791
6071,4011,0.721736174704294,0.7090297926482857,0.698175659037595,0.6905163503724313,0.682978873274823,0.6700693345199406
6073,4011,0.6284910734273127,0.6173370138565146,0.6091696553401938,0.6053271366655606,0.6030481988383223,0.596184898682836
6075,4011,0.6467391014202465,0.6292952181017587,0.6121364024576279,0.598692297274072,0.5867026695255985,0.5699010780329224
6077,4011,0.7288079128752714,0.712715630112799,0.7029658225663828,0.698482315307212,0.6969876141460575,0.684360668541587
6079,4011,0.6866909593141417,0.6739741893923302,0.6636440984162179,0.6601156103629027,0.6609618420472507,0.6544423101573347
6081,4011,0.6160615454783146,0.6006231843051798,0.58586224638514,0.5740188135611226,0.5624289697349723,0.5460266070485025
6083,4011,0.6520493860282713,0.639414488062206,0.6293101997379704,0.6322252724287944,0.6444131740774947,0.6455702730568933
6085,4011,0.6679234582140106,0.6532892133214372,0.637749969211862,0.6233799412206453,0.6093019902470517,0.5898979105605984
6087,4011,0.6018825773467044,0.5883892348770643,0.577708260910955,0.5779247019815423,0.5931005705811804,0.6031449231730971
6089,4011,0.7229843773131164,0.7078750243336659,0.6955430030772923,0.6930674755005778,0.6958858279975932,0.693492911055855
6091,4011,0.5411759361079171,0.522230495365922,0.503611390880891,0.49125645838101006,0.4949738773140131,0.4984002870364388
6093,4011,0.6194977789121621,0.6052253060788135,0.5926436715706808,0.596062296340682,0.6105374703780054,0.6158058295487137
6095,4011,0.6580165426999585,0.6510721780224624,0.6480016810452016,0.6500875504819716,0.6540185111065487,0.6523115874211087
6097,4011,0.647670349079919,0.6349411618729964,0.6240423957704946,0.6203161551606158,0.6199799247264457,0.613092215928736
6099,4011,0.6912513707771579,0.6764163860423521,0.6687494706996459,0.6652155057462755,0.6585435873354317,0.6443777684874511
6101,4011,0.60696740641183,0.592922933054947,0.5823592938767587,0.5773832697871497,0.5776000711239965,0.5660572377034029
6103,4011,0.7048841329350047,0.6902132045551109,0.6760739725993717,0.6751009584345858,0.6810010004830355,0.6784823620580376
6105,4011,0.5813060072864975,0.5618910505476663,0.5439527067872378,0.536544236478686,0.5391898923529038,0.5384045948442036
6107,4011,0.6102966889441441,0.5947169136359671,0.5790758239690146,0.5829464308214407,0.5935689390304076,0.5953985788517643
6109,4011,0.691198851775077,0.6802764617599879,0.6737127575446819,0.6728651291280221,0.6768909973372949,0.67975692589421
6111,4011,0.701338115425948,0.6891500237338053,0.6770322484661984,0.6724740985522453,0.6755850744436208,0.6686492511891854
6113,4011,0.6611577916830397,0.6463485692950658,0.6339568327966427,0.6356135203001697,0.6401393122712713,0.6336979211063537
6115,4011,0.7202943980819744,0.7005034087218396,0.6861857121498184,0.6788839540109054,0.6750947254702993,0.6635334433287771
32001,4011,0.6844905579595288,0.6789993925000747,0.6841074050072801,0.6925878881119762,0.7030051636331005,0.7093582660802038
32003,4011,0.4689015137406743,0.45822211269432844,0.4518091790002448,0.4447699370351871,0.44119247450917165,0.43460407324284134
32005,4011,0.6387494292144406,0.6314364938193506,0.6269598922045574,0.6231007301483759,0.6214524829442178,0.6172378339201197
32007,4011,0.6324640383110248,0.611271509074912,0.6006814860212706,0.59645369581458,0.598989855619709,0.5973499346785387
32009,4011,0.5843157115617946,0.5758510612538834,0.5791484082368352,0.5796517144521965,0.5851957714459612,0.5887387503727524
32011,4011,0.5481094773463144,0.5462285285035281,0.5519876710547433,0.5519582852719552,0.5524981785291233,0.5525252312679034
32013,4011,0.7057470183807707,0.6847436599290593,0.6706317542518662,0.6626230468744316,0.6593128796466676,0.6478412106339333
32015,4011,0.615182670602263,0.6134912405707384,0.6185130532686579,0.6267055311814003,0.637645832531717,0.6439361768384257
32017,4011,0.6030229564893358,0.6049582184682979,0.6112303470005513,0.6108331700218411,0.6134228787630807,0.613612320998354
32019,4011,0.6979952739486617,0.6837982613462191,0.6762930880778317,0.6722726241684613,0.671501916020168,0.6688512956932272
32021,4011,0.5407164915900141,0.5523047525844721,0.5669999605516445,0.5853281760623179,0.605010606024902,0.6215376878978626
32023,4011,0.5365875384404561,0.5335068766731944,0.5333910636622531,0.5340083745971306,0.5352278774126279,0.5329889301219009
32027,4011,0.6047592653682254,0.5947124924165974,0.593719391457243,0.5930674087195693,0.5912842465267699,0.58257138577526
32029,4011,0.5523316851879397,0.5487001850052441,0.551608158683874,0.5552652359658322,0.5605650462164026,0.568452116636809
32031,4011,0.6159075114571351,0.6032222841508089,0.5956486926563166,0.5902384084877492,0.5872119475998058,0.5821554690809644
32033,4011,0.6004559632098788,0.5927346486794496,0.5909432159388058,0.5948112391588264,0.59785297054703,0.5932633065436088
32510,4011,0.6617111262264442,0.6486296234356974,0.6424586061072387,0.6389032045015183,0.6379573517910148,0.6338109471731512
4001,4012,0.7121181681505032,0.6754933595173401,0.6756074678250736,0.7079327655370188,0.7524260857125635,0.7523641563053568
4003,4012,0.8245496905630255,0.8016322889163203,0.7850196950098594,0.7756901954185703,0.775805249540383,0.7659401578229216
4005,4012,0.7045796841962556,0.6570253156812018,0.6402246057896974,0.6503777234857537,0.6726837065466839,0.6583842605038955
4007,4012,0.7219454063674259,0.6956184741543663,0.6714938870071158,0.651771502198835,0.6430608610170587,0.6239265621575337
4009,4012,0.7363753832906645,0.7109514181456132,0.6912657420645457,0.6811037637382376,0.6832913557017909,0.6706284923242243
4011,4012,0.6056376930993306,0.5965170722774953,0.5868530717906423,0.5760487382194104,0.5728606761644248,0.5647819687699681
4013,4012,0.32008375497732866,0.2891125321045366,0.2635472535031347,0.24351960524040514,0.23215663443563844,0.21451445909903233
4015,4012,0.5633818143507806,0.5303917332267603,0.5042154629609397,0.4838376065140374,0.46893835262677064,0.4495469138993596
4017,4012,0.7846781517952327,0.7486202930049352,0.7349322386588805,0.7447517593473809,0.7709336691539336,0.7649412950378107
4019,4012,0.1508654694945286,0.12100586576189418,0.09895852165569792,0.08375446642371494,0.07875574022396063,0.06555643604384044
4021,4012,0.42081896071436276,0.379194953045147,0.3472832964067482,0.33052235371555455,0.3268152495787969,0.3082618196779648
4023,4012,0.6678440732680138,0.6470556054102651,0.630968789402431,0.6302827334455897,0.6590491866447126,0.6951663929759987
4025,4012,0.40733054909065736,0.37319103080988764,0.3458306428679671,0.32568095213598597,0.3133710061090725,0.2942410365707719
4027,4012,0.5914714761719708,0.59821226580631,0.6216615956086636,0.644372901837874,0.6597853793274175,0.6707107289031634
6001,4012,0.40070937339159574,0.38064318534668323,0.3653547624689687,0.3568883041024861,0.35550146186040815,0.3470408977655834
6003,4012,0.40475261786284644,0.42179826510751134,0.4734156893762859,0.5211522682102857,0.5224355299551117,0.4890515406214675
6005,4012,0.5210486908222048,0.5035476821925073,0.487116072906021,0.47439476333099617,0.4676493783529402,0.4541666535326692
6007,4012,0.6979838520627428,0.6717750713868622,0.6569068416748447,0.6544619703760505,0.6590233024508625,0.6400707897948575
6009,4012,0.7437633673036216,0.7276666906699919,0.7130677116150089,0.703766273324211,0.6972865996996764,0.6800875354119271
6011,4012,0.4841704409851757,0.44278659473488174,0.403515891583005,0.38881248528666945,0.39156659887535267,0.3653439093110429
6013,4012,0.3968150614481356,0.3766316520179528,0.3612093809133941,0.353579032190227,0.3524450908871945,0.3435658087428554
6015,4012,0.7695802838791651,0.7511694997381823,0.734070821654541,0.7232305448725389,0.7153739981056085,0.6932384686826588
6017,4012,0.5618772940702532,0.54427942406097,0.52732185357289,0.5139853241012607,0.4984677070626888,0.4753195274428815
6019,4012,0.7310575173286332,0.7167133757826619,0.6967731582337408,0.6792909287526091,0.6635334949682947,0.6403592443229141
6021,4012,0.7954278695060364,0.7617098715035483,0.7462971212848247,0.7560976687407316,0.7762141896261221,0.7610566753164056
6023,4012,0.6873001599859612,0.661438763382215,0.6391301856160306,0.6260440654566107,0.6207099154254762,0.5992790336110585
6025,4012,0.6457997998009547,0.6224153990230649,0.6087473944259032,0.60330603763045,0.6186329955853471,0.6476856637891196
6027,4012,0.824555321818508,0.7978451791201687,0.7763991559421487,0.7629216483449285,0.7565516510358797,0.7399931142495921
6029,4012,0.796859056753994,0.7797499162173768,0.7505298319169617,0.7283900365425805,0.7217992580534209,0.7075638066194957
6031,4012,0.7103285369041403,0.6822508622759818,0.6554292687266193,0.6441674867627564,0.6438048687649454,0.6288756629284076
6033,4012,0.7239953141447752,0.7105756851242873,0.6996744217311426,0.6860755972769179,0.6712218087565157,0.6461315498207785
6035,4012,0.6556261903097746,0.6358623030537974,0.6078264310087053,0.5867798490734444,0.5830829026214784,0.5698596879241312
6037,4012,0.5699594598164347,0.5455937011122698,0.5291222338588796,0.5201837771297805,0.5124762651326087,0.5035040797674601
6039,4012,0.7572269287142918,0.7554565111329964,0.7496909820150195,0.7393904211602907,0.7212118756461668,0.6879675670890838
6041,4012,0.3717972549788014,0.34819316870661404,0.32972955051068714,0.3204027624389596,0.31948116657337844,0.3101955399310543
6043,4012,0.5322381416168569,0.5066812997970855,0.4779959417622965,0.46335553483565883,0.4561553227217121,0.44045355242387163
6045,4012,0.7410415712198899,0.713332697969244,0.6860559701597387,0.6656042027879636,0.6562926518648338,0.6285776532515328
6047,4012,0.7231858529955557,0.7029529189501447,0.6872582034707846,0.6781344651205915,0.6714849663188707,0.6438299354825189
6049,4012,0.62658852971646,0.6060730188859933,0.5790113225927369,0.5618891169396688,0.5587040845039781,0.548630570519128
6051,4012,0.49587953151209957,0.5125030234648122,0.5445334318279125,0.5763783901330651,0.5468433529917786,0.5041271278583147
6053,4012,0.5451105154644559,0.5015569090339363,0.4611354745426691,0.4460530491305351,0.45400113715734186,0.4448960108435367
6055,4012,0.5634763328864991,0.5342582426995399,0.5149672581182451,0.5049488320217593,0.502188350344033,0.48702279792389724
6057,4012,0.612826271863425,0.5958956383630943,0.5817723149181383,0.5724431900870508,0.5642170960585391,0.5457932580169688
6059,4012,0.4368629041762419,0.4145427646419409,0.3969128394646201,0.38607643588625123,0.3805999314004731,0.36977999004866635
6061,4012,0.5619080025391326,0.5416884773871286,0.5235313926527714,0.5103878972132198,0.49904416568150833,0.47935476163809304
6063,4012,0.5450242021586792,0.5267171034819771,0.49446295910530025,0.46645540159024784,0.45592199361753255,0.44076189023470913
6065,4012,0.6779173562796829,0.646658531933327,0.6230027362468582,0.6150758165864103,0.6202757325815617,0.6235986432170856
6067,4012,0.4947979492667874,0.4750948452338386,0.4602669211845955,0.45260873482226666,0.44984288517522675,0.4382405085285569
6069,4012,0.7340323671599134,0.7215380988090239,0.705233140368835,0.6853217915254254,0.6598625961139154,0.621865611466413
6071,4012,0.5673827002098024,0.5478755154027443,0.5345981882447257,0.5287328031940547,0.527080811353291,0.516528873580452
6073,4012,0.4886938060863896,0.46750954638682085,0.45259370153020245,0.4445758630460375,0.4421510510788602,0.43423382734728194
6075,4012,0.5092109801141581,0.4871246856328458,0.46914964729484626,0.45998163552981014,0.45970263633554415,0.45052610858951897
6077,4012,0.7128161610587758,0.6930187315647228,0.6810103491757792,0.6703231917320904,0.6598707781713253,0.6307177114361057
6079,4012,0.6259027560153847,0.5945708016235343,0.5733069291574994,0.5659981245563814,0.5669383343834489,0.5551650125958794
6081,4012,0.34912003374257733,0.3295261204200465,0.3131508922479446,0.30308937869747365,0.2991123374348447,0.2872033060275924
6083,4012,0.5953919033809496,0.5608726565131968,0.5308141820582682,0.5180890151677537,0.5234951696079155,0.5197975887547656
6085,4012,0.39032903108655775,0.3701812471818747,0.35303925944369396,0.3394984424838098,0.3303747218523102,0.3155021028124282
6087,4012,0.5809905074611351,0.5498550936785765,0.5163421275545435,0.4930680482557164,0.48844476311072116,0.4774644119238015
6089,4012,0.6885317230570734,0.6659637013822377,0.6444200139627321,0.6309958372868281,0.6268651487776385,0.6126379604983696
6091,4012,0.4820473011706679,0.47156294435992413,0.44764073732947596,0.4159254361375108,0.39835146090046053,0.3747866650690932
6093,4012,0.7130805784992951,0.685015895108688,0.6548588448263615,0.6413008579573625,0.6449227050313099,0.6334856822219035
6095,4012,0.5091727663147187,0.494021349387928,0.4834390630981676,0.4791090377160824,0.4813452705461913,0.4749404593066644
6097,4012,0.4522753244228544,0.42756468543935905,0.40822548964838823,0.3982934105025326,0.3965818075397184,0.38408952658403417
6099,4012,0.7887847437594505,0.7839448678856591,0.7834292161858354,0.7760616232791684,0.7569895323064713,0.7224206457075933
6101,4012,0.735302350932902,0.7320213847256072,0.7236643075638831,0.7032689470191008,0.673921988553272,0.6287875195620279
6103,4012,0.6904665128019636,0.6658552231467084,0.6465484112025092,0.6399363416944371,0.6452474744805963,0.6320940301090054
6105,4012,0.6886582412319608,0.6671319945505586,0.6374805983040845,0.6137411879737977,0.6024386487041797,0.5798969263618193
6107,4012,0.7464771536820227,0.7188880338438419,0.6840648404983388,0.6659730151349925,0.668595268574854,0.6668396001909672
6109,4012,0.6896305189793676,0.6711300816297763,0.6526718768520126,0.6369912265911274,0.6294429918866046,0.6163587562375074
6111,4012,0.6491655583400384,0.6105826092078925,0.5841200714302547,0.5771461559787284,0.5882932439691305,0.5898069268544789
6113,4012,0.4856124411012455,0.4570443226937507,0.4297279972774597,0.4135564134612715,0.4030113499210995,0.3787015834203834
6115,4012,0.7960988117311787,0.7756002366778726,0.7596647925534756,0.7490539505949442,0.7474666105821995,0.7303021547520249
32001,4012,0.5940925985132752,0.5715525207793298,0.5569509888920516,0.5469906970806642,0.5463730839746471,0.5379114250808477
32003,4012,0.22467048623289398,0.20499738766710732,0.19335385747664877,0.1801835012834799,0.17140995822527852,0.15926234011776996
32005,4012,0.4229639189858965,0.4058852216181628,0.3956113126432658,0.38302021092540345,0.3686143705743817,0.34625162809614546
32007,4012,0.6158263752202333,0.5811427693302975,0.5650015492684524,0.5545061900867696,0.5514563706274636,0.5328153333223652
32009,4012,0.5538620700375235,0.5635990426284511,0.5854639096988695,0.5938689427317153,0.5987996111798181,0.5929236147405248
32011,4012,0.6943642332920495,0.6891318355694969,0.6939265094204389,0.6893768477553414,0.6890721445371003,0.6770963977753132
32013,4012,0.4383758471729561,0.41018260835519604,0.38800808866475595,0.3771726917256034,0.380624677328809,0.3634066653694684
32015,4012,0.7844255950235022,0.7784739535291852,0.7811719583286734,0.7858172774652527,0.7950243295517609,0.7908471385344736
32017,4012,0.7957125319347013,0.7792768759294864,0.77612941867447,0.7700472080484809,0.7695228708449212,0.7651640573927917
32019,4012,0.4927424838165161,0.46987569802756984,0.4549535671680459,0.44423380839803117,0.43874802630523113,0.4243176024565411
32021,4012,0.36914736263739983,0.3661613612990532,0.3707442938353205,0.37795788249998674,0.3887245794052502,0.39278953493868973
32023,4012,0.149105940939263,0.1335469299093786,0.12319733861911096,0.11255646430795085,0.10704131403910684,0.09733038379352844
32027,4012,0.3877490280351054,0.37465120169513705,0.36735986662117587,0.35505970912849905,0.3441715607231847,0.3227144910617884
32029,4012,0.22225769002541904,0.2059436323111611,0.19654744767194468,0.18923038651007984,0.18048908726509888,0.17456172681177803
32031,4012,0.3369649058538766,0.3132459464878536,0.2974268325358383,0.2837129955352138,0.27515256748093014,0.2609618600445212
32033,4012,0.8212982550469947,0.8021504040769635,0.7864759001039643,0.773736521327621,0.7684963609764233,0.7488130703036091
32510,4012,0.5773246713623592,0.550266524924364,0.5298504719049744,0.509559379570703,0.4980763673865184,0.47915924681615885
4001,4013,0.4167761357905106,0.39811219816625354,0.39271717605348855,0.3992323032185719,0.4170973379944765,0.4117089780618106
4003,4013,0.5006468559741502,0.48376536775256984,0.47556170861761793,0.47180504914515964,0.47824526612655904,0.47650223722467244
4005,4013,0.5717186183739212,0.5308866026974965,0.5135215377910143,0.5091478518468707,0.5172568567320468,0.5058387677988343
4007,4013,0.7448081235911101,0.7260608840958178,0.71374425247223,0.7005307092036129,0.6974189035956075,0.6815617990606843
4009,4013,0.5972358707281303,0.5740502952054988,0.5505859306398402,0.528836055901993,0.5167390949091797,0.49461546809187523
4011,4013,0.6505712552436612,0.6391624818409911,0.6228652188899333,0.6018357604464252,0.5850231891379849,0.5626237639531929
4012,4013,0.33131223418074396,0.31827246870356685,0.3091086858237815,0.30270237873096595,0.3020850942504938,0.29298442256623886
4015,4013,0.8438347265048928,0.8032900356091428,0.7813506121401057,0.7637083645753782,0.7532207605185012,0.7366083328904761
4017,4013,0.40056575850690407,0.37640381003408113,0.36400661147339086,0.3612069640746247,0.3696989467978897,0.3600651715788846
4019,4013,0.9292959606259243,0.88963078267201,0.8574102788888441,0.8255712552449154,0.8086437357994636,0.784226187575215
4021,4013,0.8941010243074119,0.8539546087533733,0.8187760354459631,0.7853009479971041,0.7659446646478181,0.7357888252827518
4023,4013,0.18127610016234252,0.16636214635499574,0.14852115603553587,0.1302820515343773,0.12414680750643561,0.12235870022218076
4025,4013,0.9161024325547877,0.8755904103015167,0.8473950489386101,0.821224870028612,0.8064526777097829,0.784974464587022
4027,4013,0.17567879988125693,0.16224090336180275,0.1519088369966233,0.13707200552882484,0.12269699958373637,0.1180893365612397
6001,4013,0.8863453167895389,0.8511417054623056,0.8203616025109342,0.7927005638071172,0.776422156706555,0.7538267945690065
6003,4013,0.33419375723125666,0.3047892046398417,0.2864924247104401,0.2771313384243455,0.2516051447017761,0.22387362800407545
6005,4013,0.8351879328534343,0.8092709283900416,0.7965892010460898,0.7878813299008177,0.789837421254946,0.7846888673307595
6007,4013,0.7143668386958628,0.6844596319257631,0.671932194318761,0.6692521355162205,0.6779353456061542,0.6694279903377028
6009,4013,0.659330348986769,0.6394216401825931,0.6280316838393633,0.6229065301110497,0.6242293466962813,0.617279479211546
6011,4013,0.22605087408853597,0.21969557221282887,0.22579795837925565,0.25458428456236915,0.29318950041688424,0.2974183269568626
6013,4013,0.898879747207158,0.8670180791590507,0.8409486402397022,0.8186941346809776,0.8077001750563485,0.7895540727598722
6015,4013,0.569628522209246,0.5547312286000613,0.5475107350372023,0.5487073322501341,0.5563596783996609,0.5484001813313215
6017,4013,0.8439694284451789,0.8101729453782367,0.7878135649801903,0.7746085288273323,0.7679649826722748,0.7558861009735973
6019,4013,0.505731879390919,0.49058667272779377,0.4830102156159831,0.4840056604116407,0.4888543636601394,0.4796436058173539
6021,4013,0.38006724846141604,0.35553899295465713,0.34414791359791536,0.35186939301608045,0.37294306977488767,0.37402352647561976
6023,4013,0.6575649217256984,0.622658266352313,0.5984909666395241,0.5833329757199545,0.5803421186202176,0.5672286375664756
6025,4013,0.41228151417465253,0.3888308209767453,0.36771848485636055,0.3409261638967616,0.3308632868405695,0.33318645623000354
6027,4013,0.5284559021071529,0.5003598182064009,0.4866559577672482,0.48062842086125135,0.4856332155637056,0.4798772221396039
6029,4013,0.5488654870402707,0.530619416374209,0.5147481571401767,0.5084380917141387,0.5166606611305994,0.5113082091021135
6031,4013,0.475872900987198,0.4589143590864441,0.45390169010606624,0.46279760854440805,0.47914940871331385,0.4771130839561573
6033,4013,0.6269481084507267,0.6041340475561973,0.5940731773428944,0.5877089170476192,0.5870430722175553,0.5746194560294237
6035,4013,0.4868666242802373,0.4723637679401497,0.4676156816403254,0.4739600312269899,0.4955037374933478,0.5017656607886385
6037,4013,0.8293570666390037,0.7953917380611966,0.7671166362639049,0.7352109142256158,0.7042147210240564,0.6910003226640202
6039,4013,0.46351759866175873,0.45440484033143635,0.4511189762678411,0.4568699104168697,0.46591178903335534,0.45909980664621264
6041,4013,0.8795396086824498,0.8403961160032706,0.8070390492735321,0.7792290400339557,0.7645503109517312,0.743275539981402
6043,4013,0.5519251058048091,0.5274121505988842,0.5214023763719345,0.5342936426999705,0.5532782506179376,0.5580884499420766
6045,4013,0.5751536380307952,0.5511393274923074,0.5360712367033703,0.5283483525064949,0.5331518406658748,0.5233183939078203
6047,4013,0.4288280590941376,0.410648311801343,0.406365084746997,0.41415692223217615,0.4332012151483003,0.4321939936679594
6049,4013,0.4340351036586499,0.4260878554590928,0.42922922524902457,0.4468085124255425,0.4768444674736352,0.4935218881845183
6051,4013,0.40362881308240023,0.36417598939289275,0.33882057191324777,0.333145822966249,0.30964617324721266,0.2856546835182564
6053,4013,0.3099856051769717,0.2916036638287309,0.28741952269550036,0.3053442988034967,0.33807189895583534,0.3491569195324593
6055,4013,0.7871640639965489,0.7533949673007507,0.7342583882438897,0.7245619047444295,0.7273999332631411,0.7157575318200016
6057,4013,0.7985198463962084,0.7687261594366678,0.7504460144532922,0.7379436882159122,0.7328062514336121,0.7209475919092861
6059,4013,0.8992271305272463,0.8614710030041437,0.8306487900608809,0.8027825569962536,0.7856261794904581,0.7638514750451282
6061,4013,0.8649605597771437,0.8340988106025382,0.8122214894063594,0.7953127679292454,0.7853864912263048,0.7699205877887928
6063,4013,0.4855588666722344,0.4803011675063814,0.48339677672025044,0.4971517674106136,0.5251725860300568,0.5401022280278427
6065,4013,0.783914032041807,0.7491353429737126,0.7227555030722408,0.701791616867377,0.6914712560592492,0.678755520481554
6067,4013,0.8828781345935868,0.8543143319884955,0.8340489909160894,0.8179154907764343,0.8104811351871899,0.7953811866146787
6069,4013,0.4749104448913768,0.461052227202794,0.45639863720865453,0.4583467615151616,0.46328380509719874,0.4565405316611198
6071,4013,0.8557548300369257,0.8289340096928894,0.8089907525606451,0.7911060434291349,0.781238992266228,0.7651542646443059
6073,4013,0.876900303381247,0.8398335853287436,0.8134633271796482,0.790939102471808,0.7790525894191087,0.7632221737443845
6075,4013,0.7855273028144087,0.7471673736264972,0.7116724735029695,0.6805061522458099,0.6615642273974343,0.6346778310554492
6077,4013,0.69681207146308,0.6747524826792065,0.6646238617519193,0.6576427756142765,0.659499898698784,0.6450229034105949
6079,4013,0.8108376134518868,0.771816253586764,0.745992244966247,0.7294267991667799,0.7245824197903711,0.7111950599016483
6081,4013,0.8716145764739098,0.8349789054390412,0.8022752360197513,0.7744624155571398,0.7566119980681585,0.7320767953205826
6083,4013,0.8036855682189072,0.7694811119660178,0.7470922932964501,0.7377341142375505,0.7443536891899422,0.7382388505546693
6085,4013,0.8458502609559444,0.8127965746999526,0.7835155757184895,0.7567995791762943,0.7385239125666383,0.7144450213854815
6087,4013,0.6535892986785664,0.6330720817982709,0.623969481996101,0.6256141287185767,0.6434633513836403,0.6477312002321188
6089,4013,0.7001743870268166,0.6782285805353899,0.6678259736715512,0.6651412151204826,0.6720192101933551,0.6685655362475997
6091,4013,0.4553083856161145,0.44540747896112787,0.44297054479895287,0.44434115267561,0.45874404803361046,0.46483472734979847
6093,4013,0.4941487764540952,0.4835074805511978,0.48122862056509874,0.4921320127994447,0.5150883589013387,0.5212597512049683
6095,4013,0.8272307467539958,0.8014966918541152,0.7858902028361738,0.7753952003349114,0.7750433053041459,0.7662221509124817
6097,4013,0.884282231904412,0.8477401990958412,0.8223268208100623,0.8053971188200024,0.799889725187131,0.7867341642685831
6099,4013,0.5279555836464487,0.5104187000478996,0.5064696791888812,0.5057740862147908,0.5073779334631111,0.49678252214051394
6101,4013,0.4115491626462192,0.4036689320203863,0.40798953579341707,0.4137094751749512,0.42280636050887976,0.4150652261490513
6103,4013,0.6758290832186629,0.6521132314571304,0.6396373211223385,0.6405363904708996,0.6542314903007133,0.6547831525506792
6105,4013,0.3651261478436695,0.3522087327225975,0.34753204519036435,0.35062713898479825,0.36225405799310156,0.36147530432536085
6107,4013,0.38924883646385483,0.37172409131903345,0.35778051593397386,0.35854177940469595,0.3712897295911637,0.37241739253908807
6109,4013,0.7078561022150902,0.6800935261495754,0.6674026143404889,0.6616144505221031,0.665267003466612,0.6630853950564976
6111,4013,0.785694296703866,0.7498660474927593,0.7217209869711818,0.6996211468780826,0.6925996016970821,0.6771564559863368
6113,4013,0.8023476022452056,0.7816604925955646,0.767520645908103,0.7639041087328146,0.7679240667231345,0.7547138604750019
6115,4013,0.535099384122846,0.5146773273107113,0.5075772396783146,0.5069492478074704,0.5158966861492327,0.5115733177622617
32001,4013,0.6562809377616565,0.6369511142467003,0.6329408757872463,0.6301445517455692,0.6353706331733827,0.6335467323933764
32003,4013,0.8343893186658149,0.7838677240094881,0.750733190401763,0.7169510494715283,0.6968648801345952,0.6745674636656508
32005,4013,0.8157692225368348,0.7782427322909936,0.7614323493757725,0.7456230107505942,0.7359347660958058,0.7199580568904099
32007,4013,0.6073436484544995,0.5398649333539399,0.5278621689353735,0.5214167427789619,0.5286285856826253,0.5265954551483153
32009,4013,0.21648108615195374,0.2055498780769449,0.20902801937845458,0.20722490189012535,0.2072474483103113,0.2007414120443468
32011,4013,0.33137057699681305,0.3275514921852418,0.33788571786892396,0.3411289085149301,0.3509432994308779,0.3567872160820419
32013,4013,0.6750974514301921,0.6364860569583697,0.6203707978163692,0.6072037193171534,0.6059343551615605,0.5929096481364289
32015,4013,0.25706881235476775,0.2548132752552527,0.2660612198476742,0.27690599340838745,0.2949747591888273,0.3024748211474808
32017,4013,0.4315558857297256,0.42904739336925907,0.43709482230841207,0.4420955196558962,0.450840994520449,0.4531903369005273
32019,4013,0.7750613151906578,0.7490362310801081,0.739032882797004,0.7290229546373421,0.7272054782291534,0.7190030019255659
32021,4013,0.5942634961849202,0.5851388172943657,0.5876988707556797,0.5908190761585997,0.5994531147441906,0.6035290804589432
32023,4013,0.8331092961319824,0.805756915475364,0.7927909744231599,0.776905965052595,0.76794220467224,0.755515808289467
32027,4013,0.745950592341519,0.7314040137059162,0.733253254889828,0.7309551411570954,0.7312581878608483,0.7210873907938058
32029,4013,0.7989344341749997,0.7751505794702724,0.7667098430300878,0.7573017317707242,0.7538355319767861,0.7502531296936789
32031,4013,0.864247823511253,0.8239461595909033,0.8039466990327638,0.7843562934577443,0.7753539933166298,0.763004701290575
32033,4013,0.4450955264518727,0.4375349770998965,0.4387331530002771,0.44348991301275636,0.4534747745010153,0.4556440738090799
32510,4013,0.7938277820638842,0.7629015426293908,0.750696076258962,0.7387365018209392,0.7384786836848437,0.7319001146452994
4001,4015,0.6240396689883788,0.6062206066508538,0.6039108158680383,0.6165152744589895,0.6451334973371102,0.6312760464097386
4003,4015,0.7498964093280837,0.7248831720197682,0.7068574577575905,0.6920119262260631,0.6906190591350219,0.6812076905054995
4005,4015,0.7325312056427437,0.6823767689926682,0.65892193740179,0.6491727439487515,0.654949528962961,0.6363409554387265
4007,4015,0.829408089997114,0.7999469049458067,0.7765177727087571,0.7520913052552212,0.7432720584947042,0.7221586282071655
4009,4015,0.6664620314945762,0.6440757147088512,0.6217245343378325,0.6004470132447264,0.5918589324659755,0.5723889860129304
4011,4015,0.6506095564231426,0.6404391005165232,0.6259222769935081,0.6089226415093978,0.5966489596156165,0.5783414570293656
4012,4015,0.5540640830821225,0.5239458795407174,0.501271231319044,0.48274599708442467,0.47867135716864834,0.46847814521779646
4013,4015,0.8398556317004975,0.8017555000393285,0.7701915734908987,0.7396549860503723,0.7233119461008001,0.699740440069007
4017,4015,0.610651973470439,0.5835843273792571,0.5689675058252904,0.5642303080165028,0.5747166060742713,0.5566349689931
4019,4015,0.7748077653154248,0.7363443048771962,0.7063558763873216,0.6796509848647826,0.6697268619784708,0.6504943593072741
4021,4015,0.7852461384726672,0.7448693810822266,0.7108613457341587,0.6815154932964212,0.6688020925170597,0.6425327094278355
4023,4015,0.3616968700600784,0.35009882729496333,0.3464880234088881,0.356814882824064,0.38533988772651795,0.41007419575730525
4025,4015,0.8789560094481994,0.8323428389508655,0.7970406001648219,0.76387923349717,0.7459463085063333,0.7220846445475968
4027,4015,0.341834022030962,0.357513083681455,0.386102695264174,0.40303697517437953,0.40883101015820944,0.41366110587309624
6001,4015,0.7998855590713503,0.7668654399477147,0.7389656439484806,0.7136871114502501,0.6986962147942631,0.6753679387792484
6003,4015,0.33175664358449913,0.32650727147111197,0.3509902546744996,0.38589779948072817,0.3805282590410398,0.35045245719406265
6005,4015,0.9003786913685513,0.8639795122282338,0.8359477941298387,0.8073053788842679,0.7909715694381911,0.7733700747394117
6007,4015,0.81642379097481,0.7816701040787618,0.757242363416658,0.7386588357787874,0.7315346409396127,0.7059618102753212
6009,4015,0.7882552495585174,0.7598538302219061,0.7337376838507211,0.7104288669866642,0.6951615948321676,0.6752146924448567
6011,4015,0.42850551884204335,0.38065379228489243,0.3307365488987747,0.3090978075034318,0.30835229099753025,0.29422498900179034
6013,4015,0.8437066050295812,0.8113638098080207,0.7842912975990215,0.761364089593513,0.7489032532738695,0.7278545532377265
6015,4015,0.7193213010006678,0.6914637448615999,0.6666429698716418,0.6492487409205905,0.6400253912663022,0.6233116231390966
6017,4015,0.898703542366442,0.856128912551455,0.8225298406456734,0.7962023804854205,0.773964064984029,0.7492551730818994
6019,4015,0.6578988522491994,0.6275870474928854,0.5959809315518988,0.5696633403088223,0.553098504722959,0.5279112657318656
6021,4015,0.5681089692118733,0.5399592059120666,0.5174750573166389,0.5084152122063924,0.50990632300733,0.4901540789711399
6023,4015,0.7368498853133116,0.6950135578403843,0.6557205753372153,0.6218835326720856,0.6032439180872303,0.5773939152412598
6025,4015,0.5844359044923332,0.568179812396397,0.5642086861676394,0.5571728346080311,0.5707384505927241,0.5961089875037643
6027,4015,0.7155130561636557,0.6748986118205139,0.6469248557452638,0.6238343638229755,0.6132705438943014,0.5962207727542207
6029,4015,0.7239039693203847,0.6943744059356285,0.6576037531411507,0.6292370554808498,0.6218758731095668,0.6020808366935576
6031,4015,0.6390854923217251,0.6026694043770193,0.5703561185659124,0.5457379964908445,0.5362368319787318,0.5149609748709484
6033,4015,0.7455450714328693,0.7110462846502796,0.6825896965043874,0.6553902375176,0.6358005525159953,0.6093815098312655
6035,4015,0.6463259452486267,0.6160546701606748,0.5798560422229417,0.5455676601143349,0.5315999235721341,0.5134890177640474
6037,4015,0.8619160161760813,0.8318766071332552,0.8069295193389433,0.773070292594225,0.7414841827447377,0.7278418060425543
6039,4015,0.6431832843363071,0.6252603085677715,0.6024373296518737,0.5834026927296143,0.5708826222166186,0.5468397829446328
6041,4015,0.7912734235564646,0.7525034805382846,0.7183673805479728,0.6905786550548212,0.6748794723159373,0.6513745584752489
6043,4015,0.7157600533171705,0.6614550089142947,0.6211300393103742,0.5957556138715967,0.5831306057216964,0.5686582359199825
6045,4015,0.7121566042044302,0.6704873487102077,0.6291751979379816,0.5921973567854306,0.5716525503131696,0.5445667125188439
6047,4015,0.6358023824248437,0.6041834601091065,0.5749274364707964,0.5500475303191098,0.538505903039638,0.5130629296323339
6049,4015,0.6304529253186149,0.6012025983594347,0.5672233488886104,0.5388919052491489,0.5294399939794308,0.5201318657051175
6051,4015,0.5349225702608037,0.4995686795430334,0.49141756587162544,0.5057017662964242,0.481709734816403,0.4465054348070675
6053,4015,0.4849588576776519,0.432995301856579,0.3806809012246321,0.3496440810071153,0.34608290548402015,0.3372665938818217
6055,4015,0.8464991515574012,0.7963465736782541,0.7604967384993137,0.7356148711862768,0.7279033975943558,0.7127684096035839
6057,4015,0.875326882188657,0.8405937081643108,0.8118058275593353,0.7868539929453594,0.7671698188606878,0.7414239305338373
6059,4015,0.8640470790075895,0.8267271947478639,0.796528561183298,0.7698393775220939,0.7527821922632127,0.728937377113797
6061,4015,0.8942690440048522,0.8575966941190617,0.8274287673574772,0.8008076387312871,0.7804385049606488,0.7546174646077363
6063,4015,0.6541365672787202,0.623255921332343,0.5814677114561161,0.5413653082198884,0.5247053855776239,0.5108364611727774
6065,4015,0.8451252310380556,0.807966258392399,0.782952873331575,0.7664440751534644,0.7616000130802142,0.753716763182981
6067,4015,0.8971908898304594,0.8647826477108019,0.8398204982475642,0.8188563975567139,0.806140835656121,0.7845563161442972
6069,4015,0.61375681142635,0.5837987234169343,0.5534001013512999,0.5241036448235322,0.49887494300022583,0.46747309073717236
6071,4015,0.8861137941045168,0.8597868342466768,0.840883121087748,0.8231578109271341,0.8129348041950754,0.7931918327185525
6073,4015,0.8823831277925737,0.8441829672193674,0.8172387650130624,0.7946906367640507,0.7821997388744084,0.76335144225614
6075,4015,0.6978627202045274,0.6630684828401281,0.6318673680677483,0.6046533434951357,0.5888779341104821,0.5612382973181959
6077,4015,0.8164345092851204,0.7823349176897054,0.7553232115971013,0.729512947043996,0.7142387206345008,0.6858946078017417
6079,4015,0.8690322630863685,0.8218078214131754,0.7874768862867659,0.7627971707688176,0.7513814469709281,0.7331629182339167
6081,4015,0.7447009104695789,0.7098080953272919,0.678668394955561,0.6525267623477122,0.6345391635555234,0.6075613827371652
6083,4015,0.8818980367585073,0.8312865594638852,0.789128473180743,0.7634255750713889,0.7591696769940757,0.7476841278443903
6085,4015,0.6925739170948793,0.6592737303078194,0.6298927716168219,0.6027544308023854,0.5836015164288765,0.5579502967954828
6087,4015,0.7730557680771475,0.7290656023325685,0.6849406110748129,0.6480387164044684,0.635779900259977,0.622237323269562
6089,4015,0.8206445642825634,0.7883446650519472,0.7591586128108726,0.7344578798587069,0.7212344262800063,0.7025742718775119
6091,4015,0.5737614644492409,0.5485329647623514,0.5106231441383908,0.4654317637299447,0.4373671016154845,0.4166015155691302
6093,4015,0.6728546764127122,0.6403879727294817,0.6047474662576735,0.5795836760177372,0.5726675940655878,0.561982874698221
6095,4015,0.876300266386439,0.8468590884004522,0.8247726907615781,0.8065630400744737,0.7985263314297635,0.7817976783199521
6097,4015,0.8576993471702968,0.8164713014867849,0.7836754246108141,0.7583269810234617,0.7443578294334167,0.7226982501889055
6099,4015,0.7084088345887647,0.685611479948912,0.6682059926563537,0.6478855386356753,0.6273372185414723,0.5944857059617128
6101,4015,0.6140196467759357,0.591491181852473,0.5657347428097319,0.5366120949477107,0.5093576755817448,0.47282929596239637
6103,4015,0.8027794003827238,0.7727169367779148,0.7447393352769413,0.7267694356072454,0.720491470530633,0.7038184649511764
6105,4015,0.521792144632121,0.4873977758549865,0.44554517772676183,0.40861491015556506,0.3873184687369417,0.36590102405616737
6107,4015,0.5890939475044243,0.556131699632119,0.5155150521751501,0.4917330562872297,0.48937432230016376,0.4792538382848196
6109,4015,0.8469571196485998,0.8079850025370205,0.776144684140433,0.7473342289524371,0.7297390501470838,0.7123679919987592
6111,4015,0.8336398925228775,0.7881005654863749,0.756647678600317,0.737913552437378,0.7391581792600195,0.734656386415319
6113,4015,0.8363180982457012,0.7973489998643875,0.7567377497169455,0.7272259094828222,0.7118173894447604,0.686708857243702
6115,4015,0.7036143979885754,0.673650603330984,0.6485830691236608,0.6258289649319362,0.6145157556725026,0.591366224215077
32001,4015,0.8011035209142521,0.7687303405894229,0.7477739936988852,0.7258813104740138,0.7157620566406869,0.703641765040409
32003,4015,0.8025798890432447,0.754082914867986,0.7221492464459809,0.6909361951204077,0.6710662432632098,0.6469645234630466
32005,4015,0.8776533207916057,0.8308330639252388,0.8037650391420659,0.7756831314428974,0.7535471139034428,0.7298324076714333
32007,4015,0.751986507048312,0.6737879452717402,0.6459411840682344,0.6184564621677557,0.6051173112529942,0.5874047577587692
32009,4015,0.3227935173664933,0.32527115833798487,0.32967720526272454,0.3268715237189669,0.31894941252543724,0.30293390973596335
32011,4015,0.53847399330501,0.5317136076807033,0.5298596444228834,0.515347539377002,0.5073871467535515,0.5059456213151585
32013,4015,0.7141489264655495,0.670090749256973,0.6440909251925575,0.6173225818597687,0.6073527534185544,0.5857999320601327
32015,4015,0.5178744384531829,0.5075677775642621,0.5069523093756502,0.5010104368263626,0.5044565516815962,0.5004911236288851
32017,4015,0.6636481687405287,0.6484701187799249,0.6461068178944201,0.6385061851910664,0.6367168785153051,0.6373927238338096
32019,4015,0.8702577508149141,0.8338428231559935,0.8115383385380699,0.784079773637444,0.7670275315954921,0.7495639088479424
32021,4015,0.7133670955184486,0.701238219450457,0.6975742704655109,0.6917272100872123,0.6919493137473061,0.6883471713474406
32023,4015,0.7714625990663737,0.7407144354980821,0.7235159757541196,0.7037066956905209,0.692390105767985,0.6769095966170415
32027,4015,0.8034532031949411,0.782874415899949,0.7707839317224309,0.7491038574327881,0.7338378169277787,0.7083656713806107
32029,4015,0.8191063451812525,0.7860226831775702,0.76949898442537,0.7494533338795957,0.737148232356722,0.7261102617170098
32031,4015,0.8679669437100297,0.8221165322931279,0.7942203972121219,0.764992253035169,0.746137978282492,0.7261953049398673
32033,4015,0.6507134855048063,0.6325328853614298,0.6178356358152864,0.6060770396866153,0.5982309976390424,0.5826782758380844
32510,4015,0.8925542008110106,0.8504598144438815,0.8235221637111018,0.7934440620728452,0.7769618983938961,0.7585920583143142
4001,4017,0.8623001786274452,0.7799092161362845,0.7627639134804061,0.7932694246049478,0.8339190597811588,0.8285328997925665
4003,4017,0.8431293741750626,0.7982065602639168,0.7704562741526797,0.7563175348795116,0.7686315881515496,0.7809661986947634
4005,4017,0.7847800723089982,0.6976153166471079,0.6681351374191677,0.6817185547768314,0.7209618474430889,0.7306290129451088
4007,4017,0.7978455459746702,0.7524406239179167,0.7259078859049911,0.7112836338078697,0.7196961478727627,0.7238808671902182
4009,4017,0.808044938150599,0.7689862668893996,0.7433072194359768,0.7264599474656831,0.7310406240548866,0.7304081833744523
4011,4017,0.6562498798766463,0.6448749500795692,0.6323836612379979,0.6129261683257702,0.6056589037021908,0.5977520850809702
4012,4017,0.771306218097156,0.724230078565912,0.6911234139385103,0.6858466266567688,0.7112183156793277,0.7310496550150724
4013,4017,0.399369027361712,0.3689896101431758,0.3431184259319872,0.3184519124470292,0.3101582744921556,0.29954547762434536
4015,4017,0.5967726505121093,0.5544930901727425,0.5294892653804318,0.5107757381073111,0.5109387684960506,0.5145886408427356
4019,4017,0.28295569363922335,0.25099942091552596,0.2310346922544024,0.2136993506830096,0.21008163060300913,0.2023403726138546
4021,4017,0.5248657420959205,0.47679929798370774,0.44094137257545796,0.4213426500902276,0.4264432955873951,0.42094179130184617
4023,4017,0.7668243393741332,0.7686478676770021,0.7661114024211538,0.7570271250899342,0.7659369326529901,0.7750971337325239
4025,4017,0.5128831638987918,0.46781362362417434,0.4347570609806654,0.4113869163582386,0.4101399569170853,0.4087404261806649
4027,4017,0.7244525069478365,0.7415892353343547,0.7513914726034577,0.7465947605830162,0.7284959111071988,0.6929117028841307
6001,4017,0.49132129754436604,0.4604053214267858,0.4369116584666292,0.41473682961199904,0.401747070350077,0.38911675678253976
6003,4017,0.4542257897798323,0.49818654346570773,0.5603725670212456,0.5729531117401535,0.5018260970923198,0.4071644604275531
6005,4017,0.6081689278473539,0.5649797349801983,0.5348713713355661,0.5183998473777677,0.5220902501787988,0.5290192626724086
6007,4017,0.7612162664942568,0.6973851594738613,0.664635119284332,0.6565221973970898,0.6712057919552478,0.669327816465298
6009,4017,0.8018909405345962,0.7565585472878008,0.7257518351261648,0.7099853667539772,0.7096281344380795,0.7104892768745075
6011,4017,0.4448881821485099,0.3546845491630072,0.3118444247132932,0.3490230192697395,0.4212422562749822,0.44709865458539966
6013,4017,0.4868142650706438,0.45531951337276005,0.4322515902129952,0.41292463682325764,0.4047509751187766,0.39546556083939616
6015,4017,0.7832435883517149,0.7297566394713115,0.7052692596402289,0.7104299345599175,0.7158331741765045,0.7000169274439452
6017,4017,0.6269190493857001,0.5920118586485271,0.5689080638352508,0.552555407299149,0.5410781398594174,0.5320710019969406
6019,4017,0.780069928936806,0.7324742022051604,0.7165548122585371,0.7161515884445632,0.7086927936638636,0.7051031952459992
6021,4017,0.8232136455419259,0.7376579544579583,0.6882527506111548,0.697546392564217,0.7354325419373099,0.7361810847680574
6023,4017,0.730875371166823,0.6670968652248955,0.6251523954730385,0.6092872569100488,0.6185483755017941,0.6202371890495301
6025,4017,0.7676821092846755,0.7536198985512144,0.7438531575470309,0.7302535660377545,0.7364206934263293,0.7430880627589642
6027,4017,0.8006839475410331,0.7462070342278323,0.7176960910727526,0.7071745532011285,0.7132572877177603,0.7127529173881103
6029,4017,0.7830627640063197,0.739084579407006,0.7116698778150147,0.700579233398526,0.6981377940599263,0.6920304977705086
6031,4017,0.7458628453175222,0.6825657492299875,0.6480378689254653,0.6411105586793273,0.6580222826989359,0.6844121955910786
6033,4017,0.7533401096452349,0.7069006786171137,0.6885450948862675,0.67144011591378,0.6619718341816005,0.653554201908183
6035,4017,0.691592749084058,0.6153539928554265,0.5503258297886381,0.5290063238838455,0.5616631252622042,0.5979364362742983
6037,4017,0.639225766297067,0.6054286348198046,0.5831613016913848,0.5669789146765457,0.5554741814970505,0.5499462742490716
6039,4017,0.7834601568424646,0.7310036692224138,0.7187544897384976,0.7363490942039954,0.727214748992776,0.6923893924320689
6041,4017,0.4143835484454814,0.37958151298981296,0.35227437884136187,0.3284931944698555,0.3174584116247625,0.30619064370907895
6043,4017,0.5869482336247223,0.5143497796733362,0.4698965820663489,0.47288646192779504,0.5079696348773853,0.5456808529345072
6045,4017,0.7354762331918652,0.6669953409675614,0.6237619108814237,0.6132265512699189,0.6338553973768204,0.638782868991635
6047,4017,0.7728619179823883,0.7008696093278497,0.6696874450893018,0.6720240479518995,0.6844476930320718,0.6807089585633646
6049,4017,0.6841521472265079,0.6128049342405905,0.5527977114941012,0.538039390769029,0.5679352352382085,0.6063804147797885
6051,4017,0.5850447090019033,0.6165254806965087,0.6734274676862113,0.7036031146104056,0.6249422753736659,0.5338841129987117
6053,4017,0.5213769773281886,0.42318402673298244,0.3523818398186744,0.3589899198588225,0.4339149829468518,0.488096005663765
6055,4017,0.5948405975150733,0.5415599197586006,0.5185126990652217,0.5302144542005947,0.5459912662330108,0.5314689337901062
6057,4017,0.6950785834793695,0.6537442263824604,0.6267304499413614,0.6087168217961121,0.6004061458879217,0.5937915222880953
6059,4017,0.4813987664418235,0.4537648079473758,0.4340266683106515,0.4140814942531694,0.40158652073504564,0.3898238884688786
6061,4017,0.6172937035281596,0.5837080673623504,0.5597988406131383,0.5397788563615714,0.527905512295394,0.5180675538295363
6063,4017,0.5545512010834353,0.4805232243712197,0.41455498291523235,0.3915162424548547,0.4224260362789557,0.46641831257176974
6065,4017,0.7256101853955255,0.6890747035002665,0.6639319611577774,0.6494181253031621,0.6465464699432163,0.6448883126657552
6067,4017,0.5900702351597804,0.5575820949867758,0.5378947062102007,0.5223228504694396,0.5158272396500058,0.5094162705901725
6069,4017,0.6990669174764297,0.6527954135940004,0.624122158072734,0.611616573287762,0.603805009209421,0.5958883573110489
6071,4017,0.6528242191436989,0.626293396493406,0.6095324989890232,0.5932348236553308,0.5837544574282819,0.5727466410617995
6073,4017,0.5490003049116808,0.520308964015037,0.5017259773639292,0.4829789283442229,0.471970095608119,0.4617100918181488
6075,4017,0.511167581449926,0.47753063571349175,0.448853579931263,0.42393300875698664,0.4104645961933226,0.3952458509271912
6077,4017,0.7642133110135925,0.7107122040402929,0.6962477520081825,0.6952922283132686,0.6948543232395139,0.6783404571220433
6079,4017,0.6487274174810006,0.5995311761443242,0.5713139739850773,0.5627667815802989,0.5708120077628964,0.5667349567389399
6081,4017,0.3937968182808109,0.36133746892011165,0.33575243132959853,0.3112144984776914,0.2957657748221978,0.28168952051709495
6083,4017,0.6225597568804798,0.5692043706488124,0.5295653245281885,0.518641858547031,0.5410969007208999,0.5556812324843753
6085,4017,0.4005652278229274,0.37042381739876296,0.34646025285782295,0.3211478555613043,0.3035535827531001,0.287741925362111
6087,4017,0.6217882542364228,0.5479120836536984,0.49219503631898465,0.48003405988868253,0.5149404235837836,0.5447529033052027
6089,4017,0.7575780583276415,0.7035116178257049,0.6632262782394299,0.6451352855626103,0.6528841377477198,0.660717088120014
6091,4017,0.5841952311785104,0.513265618639702,0.4493489175533395,0.41838570488406707,0.4436620710383317,0.478172456168924
6093,4017,0.7595484572464204,0.6879953354139907,0.6328576192884652,0.6289467876369954,0.6687824180381263,0.6963100501455624
6095,4017,0.6318063285296845,0.5995635339262514,0.5779410589056304,0.561694589505757,0.5615265567142065,0.5630741528097031
6097,4017,0.5279081642237653,0.48404652050794417,0.4527021689133635,0.43456408263359964,0.4315617393306905,0.4265260183829548
6099,4017,0.8122583830731249,0.7717881662195764,0.7660295272906972,0.758316095840555,0.73608139132099,0.7123403683181835
6101,4017,0.7428837120740406,0.6958545129190804,0.6822958579483476,0.6750878011069603,0.6654043305260304,0.6417008397315864
6103,4017,0.7674723725152233,0.7030975185699296,0.660945158211744,0.654790145109692,0.6709457991007072,0.6727658684356871
6105,4017,0.6904691384231362,0.6178207534051854,0.56090181734564,0.5469254654969922,0.5748554198697517,0.6033287692739162
6107,4017,0.7850153988005952,0.727234812460687,0.6987944698946034,0.7015116389297965,0.719431624207901,0.7334852383645963
6109,4017,0.7514896136670285,0.7039235678317186,0.668428452282847,0.6450421969344418,0.6488892935009967,0.6627260074481905
6111,4017,0.7031911796713053,0.6661624790622342,0.6402510528290649,0.6382023855443348,0.6573605580563765,0.654688433776929
6113,4017,0.5660552664473243,0.5040350425654596,0.47249063905570177,0.47384619804126643,0.48973606148950777,0.4947033697746796
6115,4017,0.8260627600275398,0.7655682338325274,0.7293304946106226,0.7131394774481957,0.7238393072276145,0.7325860000054143
32001,4017,0.6990120727498986,0.6580762979419705,0.635081235409858,0.6233862046734111,0.6431675057645948,0.6663027951177523
32003,4017,0.3454424416828045,0.3183767794064372,0.3023915684963777,0.2807869607501935,0.2693277008949592,0.2560263131444707
32005,4017,0.5525865195988872,0.5186863030847737,0.5007014799492476,0.4862192718239892,0.48044070786887344,0.4698173729439484
32007,4017,0.6756732562586955,0.6018669190974603,0.5648555049142926,0.543228659869972,0.560562446594664,0.5782544827248253
32009,4017,0.5442725320311623,0.5477221075728547,0.5564694909997919,0.544490793025708,0.5449850736459247,0.5500118264183647
32011,4017,0.6439647164918173,0.6035041385764957,0.5735475108484746,0.549488850801516,0.5625721238933931,0.5851233870680824
32013,4017,0.5721883567237654,0.5154628332008864,0.47945453514676484,0.46227904797949015,0.48292903435573786,0.5007411379474821
32015,4017,0.7575546967938493,0.7260849411455546,0.714709075138797,0.7111317960404315,0.7315299762264572,0.7498678547808721
32017,4017,0.7987478979063135,0.7700759363851637,0.7692116987755847,0.76816460985016,0.7804955526118429,0.783849464753027
32019,4017,0.6194306875248211,0.5758655629535375,0.5486066845816643,0.5300653239075942,0.5381731764248885,0.5506002484814497
32021,4017,0.49217431538727796,0.4809305084356205,0.47926366479437227,0.47868466233896717,0.4902341077114474,0.4980363541315494
32023,4017,0.2798089541065433,0.2590656313900832,0.24827594813578996,0.23558671934654093,0.23320993671788923,0.229431620629514
32027,4017,0.47159088912649566,0.4318492527787879,0.41009123301626216,0.39281757897021397,0.39494879518048914,0.3917534544089088
32029,4017,0.39164888611305854,0.36591310028500174,0.3526612515940822,0.3432102332103933,0.34576160762344726,0.35566638344163454
32031,4017,0.4891176579748923,0.4507819137322343,0.4254891912890754,0.40257924809468665,0.3988306183509257,0.39996282092184515
32033,4017,0.7102691309189437,0.6680085171094059,0.6462427325819673,0.6371826552243004,0.6459744103416845,0.6499506367228207
32510,4017,0.6430667570600874,0.5969172517298361,0.5674028234313044,0.544402436724041,0.5477326553062206,0.5559643701218462
4001,4019,0.31499411217670403,0.28916008820750494,0.281678208692153,0.2851859913258402,0.3013573298842662,0.29661957542675926
4003,4019,0.3717960349705139,0.3514544649495525,0.3396289759629646,0.33132057155951117,0.33512381560205173,0.3339783997774758
4005,4019,0.4715337320611758,0.4248881154470504,0.4042900516962904,0.3969765410681379,0.40435947844520703,0.3940402705411333
4007,4019,0.6404620154432299,0.6191160918071258,0.6045693956849236,0.5884271781064068,0.5836576270111108,0.5694704165457332
4009,4019,0.49527653213438133,0.46833758547780063,0.4420434622279516,0.41758924251283297,0.40438362549957585,0.38355915722470596
4011,4019,0.5614230240181896,0.5483134115115177,0.5298945673652335,0.5073175939002296,0.4906231001066899,0.4708936542471069
4012,4019,0.15863078361475416,0.14277579971315152,0.13000543738090836,0.11737713903366628,0.11376544288662921,0.10533779681858654
4013,4019,0.9310477479464858,0.8929204956925119,0.8596486685748934,0.8249071709179099,0.8058100268570886,0.7839591849916839
4015,4019,0.7793709811206005,0.7371652161764708,0.713341313823265,0.6925065164375451,0.6813365957398048,0.6668191914005019
4017,4019,0.28174497662849,0.25270720152634507,0.23880448976517563,0.23319756862618599,0.2393630440873972,0.22927952880268573
4021,4019,0.852296007161819,0.8089982250388168,0.7711439717349908,0.7346751790382774,0.71472848035234,0.6874418314220134
4023,4019,0.08173639012746227,0.05954103321721139,0.03409334167803084,0.007873280991503438,-0.0040054408548849734,-0.006407745768774778
4025,4019,0.8844966801485699,0.8427585382152698,0.8133928491828958,0.7853722791842626,0.7706596431653133,0.7521480157065034
4027,4019,0.07531580078700852,0.052053521323833105,0.03315354448162777,0.013961181007508601,-0.002698735973499701,-0.006642887759416962
6001,4019,0.8487120970687876,0.8121075595803836,0.7804898895716881,0.7521051420453938,0.7362728606600732,0.716240652127017
6003,4019,0.22407149419634506,0.1912489426857654,0.17268763313179925,0.1613177491081327,0.13782528828022722,0.11533327210750684
6005,4019,0.7794380496647854,0.7542043650665053,0.7417221331348075,0.7330719448094246,0.7350726622691052,0.7310689629359387
6007,4019,0.607486571780031,0.5759764759102485,0.5639126086797155,0.5625997953703933,0.5734927888633032,0.5675019894199934
6009,4019,0.5458286554390217,0.5258860755869503,0.5146184291714531,0.5097521555502519,0.5112809563459503,0.5052388856383054
6011,4019,0.15097797381791783,0.14544029394358005,0.15461665575644254,0.18990608147798868,0.23146097457439602,0.23452526428270837
6013,4019,0.8655720856470999,0.8322315711992538,0.8050601949532133,0.781446008798719,0.7705040978466366,0.7542662376874457
6015,4019,0.4351020944689956,0.41672008711995673,0.40865235523611276,0.41237800952277986,0.4190542964276893,0.4110150770035533
6017,4019,0.7756337449348508,0.7415692460744094,0.7191315230352904,0.7062256578433084,0.7004846172655437,0.6905593532152531
6019,4019,0.38548970382140724,0.36984906394652006,0.36601525511449523,0.36953520664723444,0.3728873666442663,0.3625525416777952
6021,4019,0.2254995432289379,0.19825580422324413,0.18660123620911875,0.19800745103555348,0.2227107648049138,0.2270972854765397
6023,4019,0.5503319440564253,0.5143659588840225,0.4903688300299287,0.47638819262020615,0.4747039366033824,0.46339999820367606
6025,4019,0.31360726266669714,0.2842329451380005,0.25743802945833694,0.22689770814801954,0.21391138648143856,0.21499821191759608
6027,4019,0.37837381360917277,0.35020521714890235,0.3374616446412467,0.3329327367096593,0.3382644580758747,0.3335841598661788
6029,4019,0.4127242061785282,0.3917947604773484,0.3765083504589194,0.3713265924131513,0.3788622221697727,0.37295060943123315
6031,4019,0.3604161894993765,0.34452264307802993,0.3428235690582207,0.35223962407085857,0.3678563020357946,0.3664212034890914
6033,4019,0.5182194430128239,0.49535082566963534,0.48764538781911165,0.48357194593921576,0.4833957821274267,0.47058050438732246
6035,4019,0.39096592329029717,0.37883591179339066,0.37565918957497035,0.3845090058875883,0.40897238456744495,0.41629504338635476
6037,4019,0.7603707560329358,0.7241267410681016,0.6936613688898785,0.6596011074786429,0.6272854297041381,0.6156137417182982
6039,4019,0.3236575551038895,0.31091865620103587,0.3105056396989894,0.3210887501276687,0.331166160375215,0.32248505044776066
6041,4019,0.8462479535902508,0.8058085232404302,0.771551246824189,0.7422053328339263,0.7273263759587179,0.7081962604801141
6043,4019,0.5010623763516171,0.47721986496942265,0.4711419595422895,0.48430105104278,0.5021626333908932,0.5057952777162263
6045,4019,0.4443640914639892,0.4213259086026802,0.407651028908542,0.40299538034738913,0.4095909155204779,0.40063159988769464
6047,4019,0.3089756553328251,0.2892726676126749,0.2877835917013081,0.2997985820241039,0.32065673642871667,0.3202395465550747
6049,4019,0.33623500745421814,0.33104651457191536,0.3368791965277069,0.35752512389446045,0.39087375107731376,0.40900687874824554
6051,4019,0.30942495497893885,0.2680138131699186,0.24453747826333888,0.24018725358357096,0.2148880018370356,0.1933966031927992
6053,4019,0.22518713078298286,0.20911032551949038,0.20561793793074812,0.22575426738712043,0.26247292787225324,0.27528384084308966
6055,4019,0.7206379186854347,0.6835549174340968,0.6628729454606558,0.6544900077571774,0.658065862131157,0.6465166413245023
6057,4019,0.7206779574791977,0.6905487370576665,0.672631143616589,0.6602016917653373,0.6552953620903559,0.6447877566105232
6059,4019,0.8500344570434595,0.8109016496382486,0.7791483265858323,0.7501242868162202,0.732930191104396,0.713267178357765
6061,4019,0.7890704236518649,0.7582784541838865,0.7367374870405864,0.7196931105397018,0.7104297416254002,0.6975045956484759
6063,4019,0.40848298572189207,0.4067689916081094,0.4127107216484701,0.43001465672641076,0.460469317392973,0.4761148906656941
6065,4019,0.6781240125117824,0.6413923005978662,0.6137262254045766,0.5915466829904715,0.580984706701806,0.57058385565651
6067,4019,0.830560196973769,0.8010747007483668,0.7803541184403235,0.7633108418719442,0.7557387130671511,0.7424698044586114
6069,4019,0.32925032877596183,0.31858485257385616,0.31786179584983254,0.32326075692904377,0.33083020840067967,0.32561283084746384
6071,4019,0.7817359204147074,0.753617230826881,0.733270314709913,0.7146705167237855,0.7053339384189273,0.691857003298661
6073,4019,0.8190752499990035,0.7803264286793334,0.7529198722990526,0.7291146672314006,0.7170392553314675,0.7033580912341663
6075,4019,0.7105806181892713,0.6707089059199862,0.6342058915185411,0.6018661193893207,0.5832758523578657,0.5585897621432506
6077,4019,0.5879047650833956,0.5645990328049287,0.5559408943993225,0.5508931909505238,0.553006583551599,0.5391579825625051
6079,4019,0.7273939658137875,0.6863576250786942,0.6591302045435885,0.6413611318718117,0.63650786902792,0.6251348386318221
6081,4019,0.8392707519273376,0.8015935127310431,0.7684306722138003,0.73981874599913,0.7225808746091212,0.7004288780823041
6083,4019,0.7276233306590854,0.6923258326795236,0.6688847926056325,0.6579836738418023,0.6644567362852172,0.6603150793632732
6085,4019,0.7877890094614167,0.7543809716300494,0.7254197860991555,0.6988953249577134,0.6820260573768299,0.6614011087165549
6087,4019,0.5758451233234543,0.5562388694501199,0.5484563700521743,0.5522316243035484,0.572487721762719,0.5776855456310016
6089,4019,0.5972363434138084,0.5756109713866652,0.5663164656262252,0.5647826728815909,0.5726287615688163,0.5710185232927288
6091,4019,0.39384022657408474,0.3879676952241218,0.38808633903292733,0.39428185858706094,0.4125697542950392,0.41932865464190827
6093,4019,0.3812047654042519,0.37170022465077723,0.3700180353608367,0.38331978354945145,0.4086345972008378,0.4153430520392028
6095,4019,0.7829985639696014,0.7556805633898931,0.7388541885938769,0.7268284662526304,0.7259524685415187,0.7182751431088436
6097,4019,0.8346457617663975,0.7969517546622146,0.7711567799835555,0.7539830081965188,0.7491426481170306,0.738345278587963
6099,4019,0.38816428865419317,0.3698202406148426,0.36879218887623993,0.37058018881745136,0.3725321865198305,0.3630105233759265
6101,4019,0.2775708775891812,0.2704857732681647,0.27942779795183986,0.2900094032346697,0.30019754142554506,0.29117015994772444
6103,4019,0.5676600089448864,0.5435891589181366,0.5323468632862014,0.535436898957749,0.5520759789789761,0.555348492576756
6105,4019,0.2516164025282823,0.24158995520254503,0.23941958871204314,0.24578646462337156,0.25924754653649956,0.2582016525039616
6107,4019,0.24648216779388427,0.2290808047608952,0.21801302892889007,0.22162102950500806,0.2344041853243383,0.23607203071201946
6109,4019,0.6158798124144239,0.5875803940048973,0.5747344372429026,0.5681688178393054,0.5714865176571118,0.5696935019117876
6111,4019,0.6936770662385606,0.6552737130475593,0.6241320912291708,0.5998528151682815,0.5925394988074087,0.5790244229110609
6113,4019,0.7482805198807229,0.7278467242227884,0.7157923349475018,0.7149316320429158,0.7206189892244775,0.7090663387869278
6115,4019,0.40139706534214514,0.3808144330556487,0.37463568949223247,0.3751969242389786,0.38469509472517016,0.3820983418130982
32001,4019,0.5771903963129933,0.5573461069632942,0.5525816830426652,0.5482130501532637,0.5531988788463682,0.5533607496111325
32003,4019,0.8369909688973449,0.784926643579633,0.7505872554185503,0.7154417274038931,0.6955464401546823,0.6746396306170989
32005,4019,0.7864102647446547,0.7479812228748796,0.731117532923162,0.7147671401152569,0.7056702125068823,0.6910235462295486
32007,4019,0.524813080671276,0.4550677875269716,0.44192430005784944,0.4331084574514408,0.44067090382812585,0.44191075055416745
32009,4019,0.11338265937951798,0.09813726898354493,0.10194504009267195,0.09992561015476999,0.10349040139371464,0.09917350553665599
32011,4019,0.22644648865277936,0.218637362998319,0.22740589706953,0.22539307297250827,0.23495261677997742,0.23889057555064516
32013,4019,0.6258156453014742,0.5869137950937313,0.5719007806633059,0.5576626196349358,0.558479836012943,0.5498266788142712
32015,4019,0.12403186380829397,0.11893777526513392,0.12795077531083346,0.13615246636534337,0.1512999226301484,0.15996581941567525
32017,4019,0.30308545474757786,0.2966762897815381,0.303396904053034,0.305947592319558,0.31253957579286207,0.31469759093296845
32019,4019,0.7288997486924047,0.7028303057752054,0.6927731969519114,0.6818451306645866,0.6809474172435013,0.6751117609394991
32021,4019,0.5712922323497417,0.5595929190268668,0.5598847646281258,0.5606598281488538,0.5671498235899963,0.5711022221933498
32023,4019,0.8625445952420201,0.834142977727052,0.8202332201021643,0.8034785940502398,0.7946299096331225,0.7832408172820546
32027,4019,0.7165258370539943,0.7014623247414055,0.7042610021091188,0.7022541881997186,0.7042909275640608,0.695846289339885
32029,4019,0.8157541625250385,0.7899222957417229,0.7808418738687632,0.7699868855750464,0.7669772275671571,0.7656223979411771
32031,4019,0.847971278305959,0.8075682082653807,0.7875766230402651,0.7672431642400979,0.7593130166236668,0.7496968704348294
32033,4019,0.2858934842257577,0.27956064680401205,0.2829859058220877,0.2889682795454496,0.2999585532900065,0.30344627552336406
32510,4019,0.7259609517903062,0.6950618016832172,0.6829070338280597,0.6696810097032841,0.6697768919887518,0.6655135102958337
4001,4021,0.5005398564228439,0.46495847591186334,0.4605155863221842,0.4844498293946604,0.5163904045892281,0.5090409720122772
4003,4021,0.539999418507387,0.518743486596872,0.5106655265662441,0.5127578842872733,0.5276987864034471,0.5319591247743151
4005,4021,0.5891034310659228,0.5394225564587883,0.5267231150951879,0.5428665498163605,0.569221163320932,0.5601772300036069
4007,4021,0.8095523281070368,0.7886293704621692,0.7766361811035934,0.7682432747450669,0.7731873434949301,0.7654421384334568
4009,4021,0.7385133260537664,0.7112300701881765,0.6871161443493948,0.6724090481000214,0.6667035581771898,0.6485686940691063
4011,4021,0.7598912790789224,0.7489064788559437,0.7340404775698183,0.7173525230197554,0.7064746029607492,0.6890138051023128
4012,4021,0.43287444909513106,0.4094675683935586,0.3952151736598967,0.3954077909399605,0.40992674165865955,0.4144716300960535
4013,4021,0.9079941421293415,0.879218311222576,0.8549776247919217,0.8309438403134042,0.8215887978007075,0.8046148222444318
4015,4021,0.797126496984197,0.7630665286727144,0.7454015262611922,0.7362837301864095,0.73819868038391,0.7325722802467701
4017,4021,0.5268277701855271,0.4857829171819831,0.46880278245240053,0.47609390089072906,0.49494216616525294,0.48464048979459845
4019,4021,0.864606438688485,0.8317066536297805,0.8070637874284775,0.7843825194335032,0.7764378833797748,0.7586043008581017
4023,4021,0.3007425264142739,0.2791232980090395,0.25267569513745974,0.23256686813895577,0.22837528181845956,0.22979055539204685
4025,4021,0.8943385748962557,0.85768551815679,0.834246041884294,0.8168415522961833,0.8144509641808181,0.802739805827369
4027,4021,0.27811399306730406,0.26430062824315614,0.25345046376563746,0.23882194443753335,0.2213629161234012,0.21161765512915257
6001,4021,0.8568439638776308,0.829357675330943,0.8064881690041076,0.7883963640171823,0.782791498290566,0.769154529155483
6003,4021,0.3842110151353752,0.3807724555441013,0.39311304358967397,0.39821727480447516,0.3640447377015588,0.3146210467755705
6005,4021,0.8075179263250151,0.7864264037391312,0.7779594014201449,0.7773608809860612,0.790828222720028,0.7959061096975176
6007,4021,0.7624369539629369,0.7300999911371633,0.7207151485289686,0.7280441493038283,0.7484416108269774,0.7464145966035572
6009,4021,0.7359187282754974,0.7154457050075949,0.7055297664383908,0.7059043586894866,0.713629393687905,0.7109795687091167
6011,4021,0.2573241434335404,0.23539530813727538,0.23874444674491035,0.28143178938062074,0.33406749753459497,0.3446608500283882
6013,4021,0.8490997032382744,0.8249727319296405,0.8072381416167025,0.794819003182926,0.7948162190707474,0.7857049653852086
6015,4021,0.6458450919763173,0.6261188313608099,0.6189222186598275,0.6246507502630382,0.6390867907566038,0.6366431996038879
6017,4021,0.8339125020829713,0.8089739536462348,0.7947931140490616,0.7892234494636369,0.790643326708495,0.7856742575049939
6019,4021,0.595359649104107,0.5802809367682017,0.5751974195336697,0.5819499120091318,0.5901331726854803,0.5853409656036245
6021,4021,0.508155038235497,0.46942662407649066,0.4544113400876499,0.4733242045879613,0.5057826926750951,0.5076576321873717
6023,4021,0.7265465320735872,0.6881936366674425,0.6652879995645425,0.6586306377328578,0.6673317429762157,0.6614049415046291
6025,4021,0.48855851788806687,0.46623857144433734,0.4438293550822963,0.4185262288670545,0.4116712215855462,0.41781944517866665
6027,4021,0.5903309652989294,0.563615954420162,0.5527340731297151,0.5524023297856953,0.5650345840036258,0.5644748825809915
6029,4021,0.5974893107740223,0.5798265835333964,0.5671562699401832,0.5693093529594943,0.5823976707243382,0.5833465340671464
6031,4021,0.5541378619235544,0.5282224841859382,0.5214200962120397,0.5373746519827978,0.5632450667035982,0.57011590164754
6033,4021,0.7102837165585676,0.6895557318436574,0.6849317099899165,0.684932149190055,0.6883626957758069,0.6783205133325826
6035,4021,0.5757991019384517,0.5515527862058957,0.5389300270427583,0.5488715276636764,0.5831600201847512,0.6025057595148503
6037,4021,0.7926959526899651,0.7646515623354059,0.7432335946546706,0.7234749198696163,0.7071058778756086,0.7007587076221969
6039,4021,0.5415067222845245,0.5330749993189887,0.5342257569918605,0.547788253323959,0.5569331468815569,0.54661708215013
6041,4021,0.8298241536317993,0.8002165540684202,0.7768197005224765,0.759699116334629,0.7568939562560113,0.7455105973009646
6043,4021,0.5414223901595719,0.5163746613329898,0.5123926506014295,0.5336138720416906,0.5649983796638515,0.5801005871554333
6045,4021,0.6319831701894297,0.6036186627323168,0.5895640123235387,0.5916031074329643,0.6093172233353569,0.6079211203283751
6047,4021,0.5175276293498549,0.49198415541328244,0.4883566964611788,0.5025944195582781,0.5249627345863507,0.5240167685313754
6049,4021,0.49157312480007676,0.476529856920116,0.4732414968497739,0.49317045314650293,0.5343004360507175,0.5626455345856698
6051,4021,0.40604741815271705,0.3943854080246252,0.3981680761223262,0.3995519568969743,0.3634105557619937,0.3202293369166425
6053,4021,0.3529410531467928,0.3205958049032634,0.3093844795311964,0.3375820502328057,0.38838687080530093,0.41022781906886197
6055,4021,0.7439606253866513,0.7195313677139251,0.7096581384486832,0.7149983702457177,0.7327895346461061,0.7295179760600746
6057,4021,0.8070160018191997,0.7821591754401811,0.7691708356451571,0.7635966044809225,0.7669963970504682,0.7623544744250812
6059,4021,0.8312186580905557,0.8047583896363003,0.7849086156426266,0.7689160694199698,0.7639424157696767,0.752385312464463
6061,4021,0.8599443705792312,0.8362579104522059,0.8214335961492467,0.8124756491091889,0.8111420204360636,0.8032013473510956
6063,4021,0.5104115073285519,0.494548667346838,0.4880855356488572,0.5024121572295959,0.5405312370590171,0.5681388180921689
6065,4021,0.8040173188861691,0.775078177747562,0.7538317597311383,0.7420556610596972,0.7440288933750041,0.7417348943844282
6067,4021,0.8502085870495277,0.8278349546960725,0.8142402493255035,0.8071763375893475,0.8099104604246582,0.8038006454674135
6069,4021,0.5619710192558246,0.5468076340861414,0.5430778419264307,0.5489458453271406,0.5572881200700414,0.5526680829598052
6071,4021,0.8487743891842198,0.8280117235054849,0.8146395520850584,0.8055533122130978,0.8045656593979961,0.7954254862160006
6073,4021,0.8198280157631834,0.7935213828773403,0.7773362900675437,0.7657490326609361,0.7652827115482371,0.7586712693288814
6075,4021,0.7886871725694719,0.75782311769965,0.7307251442616975,0.7094360529151797,0.7016577431682326,0.683644475765053
6077,4021,0.7429139907771937,0.7204691643610348,0.7165297762313456,0.720678183834062,0.7291081585492968,0.7170306858879957
6079,4021,0.7981040862999818,0.7650693253441376,0.7474595454580552,0.7445651993697394,0.754961366943506,0.7521928954825765
6081,4021,0.8399589727076122,0.8121351454563455,0.7884829303194644,0.7700299866603386,0.7630100088592096,0.747071615148799
6083,4021,0.7686514282156761,0.7391339367931481,0.7220209768712139,0.7241976064150407,0.7471712529776925,0.7542427060163959
6085,4021,0.8528071893693139,0.8269318848373352,0.8046599772791998,0.7850456534971029,0.7750618444218773,0.7580177771020009
6087,4021,0.6596257220311352,0.6334443306416142,0.6223928492438067,0.6315819960801898,0.664412517071106,0.6812931967986163
6089,4021,0.7526672431412827,0.7286309168867947,0.7175697191035233,0.720220365793048,0.7363003209741392,0.742234998160085
6091,4021,0.5377035771315074,0.5162888378631949,0.5031757424009707,0.5041243548981049,0.5263272064119142,0.5438725818985664
6093,4021,0.5713445875152798,0.5499833431868241,0.542004544483062,0.5589905916520094,0.595035646194889,0.6105984172589909
6095,4021,0.7933253420763611,0.7739806476870104,0.7643282406398142,0.7621983885505814,0.7727775216917332,0.7735662999257215
6097,4021,0.8504376990755731,0.8205950390504123,0.8013727193450477,0.7936364301393826,0.7993273874656438,0.7955484447156743
6099,4021,0.6139050485641341,0.5984970928381373,0.5996380765998441,0.6040705960769885,0.6042178693639104,0.5915377587958606
6101,4021,0.507378915444019,0.49717684188232963,0.503800567462005,0.5116451872931543,0.5184781491686107,0.508917193800751
6103,4021,0.7317475947026112,0.7050680607603899,0.6932733761157202,0.7027546162938652,0.7266010761454678,0.7341514534688006
6105,4021,0.4985565873773441,0.4739166532089187,0.46285275723653885,0.4713547919172072,0.492606304724072,0.5015528906648469
6107,4021,0.4730557937183757,0.447367464978492,0.42932543909368154,0.4359081272311309,0.45472094265539487,0.4630983307113998
6109,4021,0.7263485358398033,0.701619019281201,0.6911268085702862,0.6914250283362292,0.7051305620867581,0.7131197128916382
6111,4021,0.7919496391862961,0.76119007567542,0.7404704884909775,0.7322068172424182,0.7418441415712476,0.7377284757665412
6113,4021,0.8070135552380676,0.7844475272882984,0.7740130855651155,0.7820511683651267,0.7995350612920896,0.7957775666310523
6115,4021,0.6410081792300336,0.6128523256696695,0.6019086388153135,0.6052928524388096,0.6204831364553532,0.6216366128704602
32001,4021,0.6855723936944358,0.6647106493666686,0.6612809282830648,0.6673198989949695,0.6864817529438662,0.6965656694776565
32003,4021,0.7195195703010604,0.682470878825327,0.6605718302973669,0.6378481557869738,0.6282691597806015,0.6143131711225484
32005,4021,0.7846143858513928,0.7563608448496988,0.7475990446565863,0.7410411604144036,0.7394968803721909,0.7293703145461671
32007,4021,0.6247008085018633,0.5636153274100316,0.5513412410075104,0.5533698906637193,0.5758836625910281,0.5852510745051922
32009,4021,0.31970783754148013,0.31640227440495466,0.3215220676159519,0.3227448213107212,0.327254938320951,0.32236709140669817
32011,4021,0.3947421054437282,0.38146983422078173,0.38535122167772007,0.39188685405068485,0.41356903061214323,0.4278514663497112
32013,4021,0.7057591286972698,0.664301652280212,0.647814328429173,0.6439168612088861,0.6611545008692508,0.663761956911464
32015,4021,0.33422480624702094,0.32762583351375285,0.33750203592543265,0.3527736327747438,0.38049929413341926,0.3959599047142978
32017,4021,0.5091580663797289,0.5024661873775634,0.5113449803312481,0.5205801397314096,0.5326381193099013,0.5345820493615572
32019,4021,0.780785947706089,0.755416065178729,0.7467362720834615,0.7443752145510246,0.7539556439340264,0.7552170040523701
32021,4021,0.5700909934392739,0.5695997036077989,0.5796092105591631,0.5934423930991733,0.6139576719951859,0.6279871310620064
32023,4021,0.7626221101980274,0.7444287107093518,0.7381078012908882,0.7309109283046077,0.7315949300267027,0.72718232140248
32027,4021,0.7409761988217368,0.7251906896928803,0.7276838417629063,0.7324755342576463,0.7412334392289167,0.7379941475043814
32029,4021,0.7271567463406902,0.7094040029054473,0.7080440783691384,0.7082614203297664,0.714772326038611,0.7194365874308026
32031,4021,0.8263724930803352,0.7931886110252839,0.7784081431665822,0.7670505633350898,0.7685979673191209,0.7646092229860979
32033,4021,0.5181474545341688,0.5087513593676862,0.5116291161933068,0.5257671282013765,0.5460387625727902,0.5525680597641085
32510,4021,0.7903145480035021,0.7623083532317139,0.7523340792004823,0.7473044569839367,0.7575969994887366,0.759637016246486
4001,4023,0.6681684697262181,0.621915752241066,0.6333660330765922,0.656608478506992,0.6664133326950485,0.6575938795865929
4003,4023,0.6659051572001196,0.662007122628348,0.6818075001621466,0.6964321994813472,0.702482861867812,0.6864259761258906
4005,4023,0.5560397704011607,0.5487712677563208,0.591015462826276,0.6273961929593723,0.6359315662378846,0.6067154358429169
4007,4023,0.5323539979530044,0.5361815061594156,0.5569464552565206,0.5689624278038181,0.567647867654168,0.5423693873320042
4009,4023,0.5917398759489018,0.5748976926427217,0.5775022886063584,0.5747319380494667,0.5702862816589376,0.5534714919886623
4011,4023,0.447897597508376,0.43651752070860844,0.43181332162262526,0.42053419650718044,0.412471843586458,0.40222130990907023
4012,4023,0.6596013068582678,0.6503665608868203,0.6523863423039885,0.6508970111681419,0.6380537369542612,0.6076113636887078
4013,4023,0.14687503590409065,0.11122731153709241,0.08911080168996238,0.06699806528090124,0.05184601613862978,0.03708926254856079
4015,4023,0.36062595638805806,0.35002775999064073,0.3577677445528169,0.35541215908261514,0.34239120811242857,0.31757224763135583
4017,4023,0.6924247659036511,0.6693380108409379,0.6963608046550662,0.7310044857385557,0.751569419091666,0.7422398145994464
4019,4023,0.052094511387357975,0.015529256428238394,-0.0043231864407369145,-0.02546990771043928,-0.04052229300333908,-0.05487462688399827
4021,4023,0.25575920485964354,0.2145850446947848,0.19263166641456633,0.17546739091340222,0.16500119048402492,0.1455686717304345
4025,4023,0.22274378733603695,0.20637448654626922,0.21126094374603527,0.21259365694920934,0.20946702091144526,0.19212750190758573
4027,4023,0.7237500975474793,0.5779719604273648,0.45036997831956854,0.3674835128200411,0.34920937345218467,0.40370164844731077
6001,4023,0.24324425199172073,0.19800113752869475,0.17484009094435538,0.1603849340435281,0.15521764464692722,0.15305603370739007
6003,4023,0.42816729833147604,0.3126224102647022,0.21282236044988065,0.127011504942856,0.08574900957361299,0.1123705870317171
6005,4023,0.28783910637848775,0.29975057945249717,0.33813783570097616,0.37472885771044734,0.39636526571232233,0.38767380369610394
6007,4023,0.41032891104222907,0.40970866308433135,0.45742436195612907,0.5105930326905438,0.548049949040302,0.545351439504144
6009,4023,0.4984165939510374,0.5112633296483947,0.550246991627752,0.5868118139807086,0.6071664060314332,0.596418927835784
6011,4023,0.2256384045965,0.39085930876263103,0.5680929793802117,0.6990820760375505,0.7308362235382561,0.6253146280042272
6013,4023,0.23300904860569877,0.1963119679094317,0.18154030560220694,0.17324228030562247,0.17101637941130354,0.16703982074413937
6015,4023,0.513398547087221,0.5367366930734279,0.5827979846315234,0.6266347790345049,0.6381722290798593,0.6036027206616654
6017,4023,0.32932012061818616,0.3281907622617499,0.34825332465280917,0.36678300428832594,0.3754023454260114,0.3671239778609938
6019,4023,0.4981894932649925,0.5644528901925926,0.6553357149048595,0.7250211861379653,0.7462891965009502,0.7170349097608677
6021,4023,0.5052828140251404,0.50927517862595,0.5709812394566701,0.6524816535390695,0.712209621546242,0.7094510036072408
6023,4023,0.4128452037551429,0.4245469573567358,0.4730253564810611,0.5200498897898134,0.5465036339959214,0.5323478224753384
6025,4023,0.7877180828333232,0.6754458637094911,0.5586910859578117,0.4574764120590869,0.3992281623727864,0.3884341296758034
6027,4023,0.5847763420654737,0.5923899504297927,0.6233022800428348,0.6478627297657633,0.65410411207899,0.6289898229100107
6029,4023,0.5341483512128032,0.5726849383037206,0.632076175416594,0.680707409357501,0.7002927533223582,0.674087236923377
6031,4023,0.4256011260979402,0.5016023385809527,0.612360323538119,0.7091890460147502,0.7547736116786311,0.7332807755407709
6033,4023,0.47088570333170404,0.5038955128338063,0.5624807308085249,0.6015197972617146,0.6118988863874176,0.584699570631581
6035,4023,0.3061657147874901,0.37868445223439834,0.49312232318912014,0.6062074174356424,0.6770576779819852,0.6655296090479053
6037,4023,0.42757079944626664,0.3870206569977961,0.36683370254459646,0.3504716865953294,0.3348750926261761,0.32525255564951877
6039,4023,0.5123115201118724,0.5642073163824894,0.6471471551440307,0.7188788856320026,0.7445495450472512,0.7202772711794619
6041,4023,0.1653858903724391,0.12153147117071372,0.10228223597071816,0.09142246077073567,0.08899160769126964,0.08619992372261653
6043,4023,0.31406446127679843,0.41784107923203595,0.5394496452226739,0.633235496821556,0.6626308270776361,0.6148343269969918
6045,4023,0.42966366643574944,0.4792477767488169,0.5601319081852817,0.6274450377899918,0.6594334434418148,0.6285117772974933
6047,4023,0.4430724690685153,0.5167222446558256,0.6314265779603631,0.736507459708614,0.789511610145112,0.7675391496408648
6049,4023,0.32745757333612224,0.4185418266752149,0.5463315765437785,0.666269813760514,0.7353062962950841,0.7141062771217132
6051,4023,0.5569040168874696,0.5243429813318881,0.48722629681538215,0.4418644096568447,0.39556585652626997,0.38982665383803805
6053,4023,0.24040671209597267,0.38282069080515563,0.548403654410102,0.6832696263042028,0.7382609014479701,0.6622487965847978
6055,4023,0.3799780828419111,0.3874727310986876,0.40904754794278503,0.42421813552689797,0.4117082083829612,0.3659160106943798
6057,4023,0.38704063253732546,0.3820472543031158,0.4071666012455052,0.43301135730733653,0.449765177060191,0.4482056223795472
6059,4023,0.2500564555425731,0.20579920023135848,0.1809024096867383,0.1624062374324599,0.1529396614571789,0.14810308106630796
6061,4023,0.3244741163343701,0.30588442099503843,0.3099750190559189,0.3165258320412602,0.32036427477146223,0.31378190614121637
6063,4023,0.17882197575114375,0.29457233523342485,0.4436699976521568,0.5757093438897908,0.6493396583792662,0.6231391719127392
6065,4023,0.5357003756521219,0.47298000326259826,0.42679915647326355,0.3926478766451543,0.37073258933899156,0.3564505094964599
6067,4023,0.3211639779216754,0.2939296331372231,0.2902804526110041,0.28966150128423424,0.2893126379998035,0.28241872883574726
6069,4023,0.3923402156295087,0.45576812418779783,0.5438388562989895,0.6212522164667464,0.6587965593936853,0.6408628274745637
6071,4023,0.40456138065135194,0.3623697746541525,0.34176406068466136,0.3284720549104181,0.32329731284647073,0.321052975630966
6073,4023,0.31884916603083396,0.2754097904066894,0.2527039859422353,0.23557593519492187,0.2263907863837772,0.22132613892899322
6075,4023,0.2873013990831018,0.23473854827167226,0.2056749239357747,0.18741087882598026,0.18035594936673668,0.17700093193342456
6077,4023,0.469351608169133,0.49830572471532003,0.554007480530119,0.5964675850294361,0.6054440683923242,0.5743755535632917
6079,4023,0.4025645399420033,0.3752247277688011,0.372343989521756,0.3737580192287559,0.3713892114778762,0.3542600653014041
6081,4023,0.14172472549483953,0.09875352463145246,0.07881628533936089,0.06758745694662707,0.06478777805393224,0.06421426197934536
6083,4023,0.3776136061312069,0.39137620156199354,0.42220777530433584,0.4433858981290673,0.44495374748305494,0.4031408753271121
6085,4023,0.150005169038404,0.11440995931714525,0.09636632527734995,0.08320700503527385,0.0757698690384458,0.06807792754287406
6087,4023,0.28704766719462466,0.3688266948235251,0.4759111651010123,0.5669803204710997,0.6085191113726839,0.5698302001988159
6089,4023,0.42215460562949486,0.4407025685086748,0.4901297076925708,0.5400426868097924,0.5700923231241232,0.5590247962451775
6091,4023,0.1775163137822756,0.2859048378144534,0.4306208472843453,0.5617647446974929,0.6429229901890907,0.6330698746455805
6093,4023,0.4454788504099295,0.518648257862277,0.6177704913373845,0.7052613248302404,0.745687320130765,0.702543144667251
6095,4023,0.37004304452857967,0.35388412639276906,0.36433498026543415,0.37782142861448625,0.3883200231741259,0.3856320256698946
6097,4023,0.2307872676230564,0.20641824014945395,0.21011502454721556,0.22205616969441086,0.23200503778552078,0.22881929215709282
6099,4023,0.5219981788956665,0.5540298547568319,0.6193597049162614,0.6730202693879593,0.696983307318993,0.6894775737058216
6101,4023,0.42067251068900546,0.5122546018894222,0.6284079176732815,0.7215515286759238,0.7672255200704732,0.7448248657875014
6103,4023,0.4202837365673593,0.4230982459245749,0.4692882376522813,0.5280878166342231,0.5714720306288555,0.5705892517481518
6105,4023,0.3649777681612574,0.45411884105680356,0.5706662159796948,0.6703041915285485,0.7201851987171838,0.6880942357164097
6107,4023,0.583005617140582,0.6293463398483046,0.6984291725565874,0.7515834129386062,0.7684223782664088,0.7293184520370853
6109,4023,0.4405334739894407,0.4620056090502703,0.5130300674895689,0.5609484531374785,0.5900979360261934,0.5838206706807159
6111,4023,0.565700801953229,0.5178273346087743,0.473877793203381,0.4306773275021499,0.3927113628629083,0.3494481006593605
6113,4023,0.24595977805628264,0.2955639318121165,0.3674431502582226,0.4217311775481868,0.43333935422833597,0.38832498345879696
6115,4023,0.50545322731123,0.5292354218847051,0.5933913199818652,0.6561478929430538,0.6962940456594893,0.6894498898356272
32001,4023,0.41204603959266856,0.4379793835347831,0.48508968314914286,0.5214458533460536,0.5380602522593232,0.522276005166957
32003,4023,0.14122277010333703,0.10795043583857301,0.09129227180750571,0.07513425449878529,0.06587299910449154,0.06256531837206769
32005,4023,0.28500639658809185,0.2980055719968966,0.32261459345065535,0.3345619438977058,0.33218198508046265,0.3130014528126006
32007,4023,0.3503362046655913,0.3655036051685321,0.4334673085350607,0.49533235129692305,0.5370314603456828,0.5410960473603472
32009,4023,0.39956810615981914,0.3971444304224597,0.4118127466116489,0.42360560890578836,0.44330604356840664,0.465352868710022
32011,4023,0.436932633195315,0.4587199623469268,0.5163273304664305,0.5615301292789642,0.589348887791033,0.5890796436429112
32013,4023,0.2260408853007149,0.2364271618910263,0.2888894379386576,0.34409054467642475,0.38258315734568304,0.38694362407682953
32015,4023,0.5718497452144486,0.6010137071081715,0.6548549227376251,0.6988895665596021,0.725732830328615,0.7210145340326863
32017,4023,0.6590286790184453,0.6653770906421914,0.6808058314730058,0.678968904170529,0.6648779440992063,0.6383472075127627
32019,4023,0.3116599448959314,0.32992914790740707,0.36825767036554713,0.39905228466282655,0.4126126242523772,0.3995803384247219
32021,4023,0.2702566349621584,0.2764874302369308,0.3024193756332912,0.3248264953500756,0.338027081571823,0.3392797302799471
32023,4023,0.027664773708432976,0.015443583983940561,0.018634766325969308,0.018604240679993417,0.017004237258910065,0.011521514997707658
32027,4023,0.15307152051305678,0.17129684846586446,0.2158309395543245,0.25084009279430913,0.2685649747190541,0.25772674107335214
32029,4023,0.13603898655253624,0.1430346774728874,0.16576410757918886,0.1803618889602339,0.1819185294120506,0.17161970102842303
32031,4023,0.18689307954161777,0.1813334635432564,0.19852417822424095,0.21278279909017567,0.22089453039972543,0.2154922747462279
32033,4023,0.48471026829264297,0.4898651734000836,0.5218856596391224,0.5522556486492448,0.5711617383497818,0.5644846228618933
32510,4023,0.3454875314699438,0.3523316488700681,0.3836142077352568,0.4085628052187671,0.4213232242609205,0.41061322874128875
4001,4025,0.5180753023935544,0.5020114283838862,0.5016797930147906,0.5159891296773667,0.543517629690326,0.535570655904432
4003,4025,0.6027466391810822,0.5807079073021032,0.5655137016648191,0.5565841457172496,0.5613853734113653,0.5578740771748891
4005,4025,0.6375176707291492,0.5904930047182543,0.5680524440560691,0.563320447587381,0.5761645487297489,0.5642266912698907
4007,4025,0.8132419137847582,0.7888122994922102,0.7698231716546052,0.751132418669003,0.7486911313277697,0.7342214560208056
4009,4025,0.6729325878574345,0.651788114060798,0.6291350140403742,0.6088214727640767,0.6006283794506279,0.5803926434498516
4011,4025,0.6877352505136994,0.6814490366284053,0.6686340660485435,0.6511121971936368,0.6377855749612107,0.618595226616867
4012,4025,0.4093281133646911,0.385695857383005,0.36644284850248604,0.35509926037036943,0.35665960987806095,0.35099322455128407
4013,4025,0.927271563100935,0.8938591725820983,0.8655425026423067,0.8372054101061708,0.8247460207280738,0.8040448969921498
4015,4025,0.8927583366169228,0.8454253435136956,0.8170220190492942,0.7959863322830645,0.7868763698713415,0.7723009363508921
4017,4025,0.5267060918808438,0.5002482277281699,0.4846648161587376,0.48057737930609773,0.49141828974297846,0.4774962340920188
4019,4025,0.8931795819065836,0.8581303654230561,0.8305627050204939,0.804529204357548,0.7962919614755728,0.777526220605139
4021,4025,0.8943796969843096,0.8566705934965003,0.8240122771924602,0.7944087563347311,0.782589562435366,0.7557299085265395
4023,4025,0.24351292185040851,0.23685089205879514,0.23647913258742304,0.24168094494651593,0.2624167057167017,0.2790433427427362
4027,4025,0.23647016828609105,0.2509111658245229,0.27514336707187026,0.28659261885067877,0.28462956367025993,0.2774406644048632
6001,4025,0.8774860640294019,0.8484898492069108,0.8226792783646707,0.7995185043742972,0.788755647301881,0.7682169079349961
6003,4025,0.31064289810859447,0.31446574868613403,0.3353629108970679,0.36193696191196206,0.35270188288628984,0.3192950532104433
6005,4025,0.9004682448612795,0.8675720353631904,0.8445440330315239,0.8246086281785521,0.8190971295930086,0.8096281621853656
6007,4025,0.7960810390569323,0.7628897729257044,0.7422992266861153,0.7308058302812858,0.7326602944931249,0.7160518734037701
6009,4025,0.7623749276950007,0.7360467113226745,0.7138281682514375,0.6970422649956545,0.6893274762047135,0.6756512274730624
6011,4025,0.341268058769147,0.29551522563950405,0.25770972651521257,0.2523242101082829,0.2718422284913222,0.27408616078749315
6013,4025,0.8975999055595568,0.8694733178848638,0.8457630689564659,0.8260201059478762,0.8192690665629597,0.8022671978367517
6015,4025,0.657138523029874,0.6334233085576177,0.6132860748853228,0.6020451668229699,0.6015033941898406,0.5914954653530072
6017,4025,0.9013045172501238,0.8650422009720148,0.836360681685139,0.8162341117104094,0.8039925724824556,0.787203283409476
6019,4025,0.612042770191885,0.5839411353008743,0.5569113111585398,0.5378332415236519,0.5296974231047493,0.5161984924625352
6021,4025,0.49422036529534535,0.46341384978716393,0.4415963423155812,0.4386216562266875,0.4498926408695346,0.4383614033758906
6023,4025,0.7302197780481701,0.6887468411741888,0.6528421429655185,0.6256948903821907,0.6156045925511762,0.5979244539225559
6025,4025,0.4732995390925915,0.4615091816090383,0.4600634854892013,0.4541542688821726,0.46541778110296833,0.48395670734413015
6027,4025,0.6088012656915756,0.5735625871624086,0.5496553297460437,0.5342300705840539,0.5339226961169445,0.5245990522575027
6029,4025,0.6316305136989501,0.6046581027074633,0.5735684166051197,0.551844054987516,0.5513820622002493,0.5425170857916805
6031,4025,0.5891940136236632,0.5542383195199065,0.5237719723354833,0.50734966190089,0.5098725785025163,0.5020176940279406
6033,4025,0.7266668525021156,0.6947526673088739,0.6704163482580114,0.6489763111673246,0.6372801847727896,0.6190209800733555
6035,4025,0.619939167374437,0.5869888732755563,0.5537132404040989,0.5315278035641581,0.532541298076003,0.5281732415479293
6037,4025,0.8390635935823557,0.8113621721344911,0.7898365353025606,0.7632587953160381,0.7356961085840628,0.7260089018182109
6039,4025,0.5614312619305166,0.5452032475932717,0.5284996645380641,0.5165728738538156,0.5093474485541991,0.4927419489338702
6041,4025,0.8647559227896734,0.8303786763104687,0.7999637737575751,0.7749668187801446,0.764490301933326,0.744219062680803
6043,4025,0.6541922202139628,0.6036484332587478,0.5651932545762826,0.5519693930956528,0.5552661737241206,0.5573592487600285
6045,4025,0.6591092789632544,0.6208527188905891,0.5854126559881678,0.5592354612900671,0.5525707791373011,0.5374704055493154
6047,4025,0.5589441239781133,0.5273518821970865,0.5018071912625803,0.4851504931465342,0.48413485030082004,0.4706624086394936
6049,4025,0.5720546818598656,0.541736233518562,0.5123031733303103,0.4978498730356785,0.5044526205748753,0.5106745734027934
6051,4025,0.44303131778370813,0.423239086417953,0.41635096325769727,0.425969687296436,0.403727921359919,0.3713347165326319
6053,4025,0.4159627349208656,0.3619711023657258,0.31501294709094935,0.29894282905554526,0.31399358489322343,0.3213813510025413
6055,4025,0.8209875894259662,0.7782125140207534,0.750536913219543,0.7356521728103366,0.7390097825529179,0.7296011728875369
6057,4025,0.8696234120300184,0.8390634002726405,0.8145693698585392,0.7949541007581742,0.7835156560962122,0.7651532348303431
6059,4025,0.8855369885225292,0.8536026527566738,0.828060856096007,0.8051856690266688,0.793953730281629,0.7747587287793303
6061,4025,0.9086264626286791,0.8778669610844885,0.8532332601316481,0.8328536208852122,0.8207451760226994,0.8018635446643286
6063,4025,0.6063177910696829,0.5736576936625184,0.536774198229444,0.5106427695521635,0.5105078015142326,0.5130812916668619
6065,4025,0.8146164538955668,0.7830495497869954,0.7620954848065722,0.7488993919094323,0.7489921830833162,0.7432762454452988
6067,4025,0.9128095459410438,0.885649663900157,0.8651206384441801,0.8490203278962102,0.8432961856722007,0.8281086491107416
6069,4025,0.5652517377276552,0.5391652574984332,0.5135434192997841,0.491477395958518,0.4762143449130656,0.4563481399456268
6071,4025,0.8869733692767411,0.8650866766959079,0.8493445082730606,0.8351918631421127,0.8296816088838772,0.814333680833688
6073,4025,0.883289098511548,0.850865262936556,0.8285351979804261,0.809896500446141,0.8030405910492725,0.7891297016932467
6075,4025,0.7671575847444762,0.7357506803192628,0.7062600356472459,0.680806691888077,0.6686692857209678,0.6436065172452778
6077,4025,0.7801652467119394,0.749953247407244,0.729156356036184,0.7107212181269599,0.7047486123484745,0.6851351229157647
6079,4025,0.8510206900366423,0.8094868411817514,0.7810733265820134,0.7630555446284478,0.7597233848843887,0.7466199729753676
6081,4025,0.8467546897384984,0.8159131076025261,0.7869350073617825,0.7624432582498533,0.7489484872441865,0.7247750127894262
6083,4025,0.8475296427580997,0.8024553000831228,0.7667064298744463,0.7491907451615831,0.7564952555297318,0.754490540782913
6085,4025,0.8118219256143044,0.7822590036881611,0.7552510841197994,0.7302307358489254,0.7149396480170018,0.6920401533688573
6087,4025,0.7410385676507641,0.6987781458727877,0.6603017455932565,0.6353903184012872,0.6386827146310425,0.6385407785707796
6089,4025,0.8000329007223621,0.7693203473361272,0.7443818290548546,0.7272793371193642,0.7238815130793647,0.7139804857959783
6091,4025,0.5826411746124004,0.5526774835368176,0.5153583934342534,0.480771555879785,0.4688549042219324,0.4625623686543882
6093,4025,0.6161859406893843,0.5842785045400137,0.5545208780185504,0.5423430010948599,0.5509886682479228,0.5523404704515337
6095,4025,0.8755244797812511,0.8499631023116384,0.8315982989785881,0.8182904456427055,0.8179098714954857,0.8080170438377238
6097,4025,0.9045664373198871,0.8680369160764668,0.8393763013541984,0.8187227103354249,0.8120882938943673,0.7964970150769434
6099,4025,0.6350156011199457,0.6141936319305926,0.6005715014209809,0.5851601295761224,0.5720115892076778,0.5490254288253724
6101,4025,0.5389177419242206,0.517465103547814,0.4987732227828602,0.47747280464960024,0.46183512404958504,0.43846447499000907
6103,4025,0.7717208441702478,0.7434570644840246,0.7206680871991784,0.7103571348605604,0.7147199320848829,0.7063735455667564
6105,4025,0.500530889255991,0.46461363030738545,0.4283406813704999,0.4024806921732915,0.39413127196060826,0.3850721732006254
6107,4025,0.4869392194125856,0.45598497865759924,0.4232776112790583,0.4087504681091123,0.4159207750300695,0.4197979888655412
6109,4025,0.804071048743243,0.7687190834080282,0.7419855248902697,0.7214751402768589,0.7151801742216254,0.7068130944904981
6111,4025,0.8077865247079515,0.7702190084279154,0.7450347114523512,0.73282875561454,0.7405354404579887,0.7375374222009268
6113,4025,0.8658598483683893,0.8301046821039766,0.7976070058029369,0.7783750491295218,0.7747932857191913,0.7601717583706872
6115,4025,0.6470842194100818,0.6186631585119448,0.5966752712093789,0.5796707442321877,0.5774138160382174,0.5644835803594989
32001,4025,0.7595979002931404,0.7307383931114341,0.7159348109658049,0.703837017788534,0.7056192004151558,0.703567817754975
32003,4025,0.8235711773827297,0.7789077800645304,0.750951692280932,0.7218868015642822,0.7079424502280199,0.6879421649938159
32005,4025,0.8852654112121202,0.8430228957620572,0.8198888429258057,0.7984018343837335,0.7850119166665279,0.7663958176553239
32007,4025,0.7050730506424594,0.6268905494626545,0.6016505493106377,0.581098870559448,0.580856302453173,0.5723425773906523
32009,4025,0.2822243229771636,0.2839397568687077,0.2966913896706183,0.29505774503058224,0.2911475075908557,0.27703795668317105
32011,4025,0.44489566359788035,0.4320921292862054,0.42642106219990406,0.4123364539937762,0.40944772576371763,0.40808096172772756
32013,4025,0.7424838799675906,0.6971479216552123,0.6715859876258046,0.649484036669072,0.6451689607932297,0.6305329588339157
32015,4025,0.3695585416586338,0.3603846972875126,0.36255355891573626,0.3639626493645771,0.37683601525344507,0.38176127555290384
32017,4025,0.5539249144981733,0.5460107298036058,0.5499040816020156,0.5504058478336649,0.5566172582853478,0.557079158216585
32019,4025,0.8666938426731523,0.8324113409897701,0.8126760576228219,0.7928177870056504,0.7862220789655042,0.7757102112446431
32021,4025,0.6809829290029933,0.6700205197441638,0.6699752267369724,0.6711129675313136,0.6786887095148872,0.6821279191617428
32023,4025,0.854349519130986,0.8272944054078655,0.8150914075158057,0.7995268371128562,0.7927626828745062,0.7818838933205737
32027,4025,0.8297936355757966,0.808118593742014,0.7988804984482747,0.784307676167982,0.7737703617018051,0.7554480035828316
32029,4025,0.8502686457600657,0.8228447746492117,0.8096461094073606,0.7975923428922924,0.7940852718067071,0.7912596415687932
32031,4025,0.91358753217659,0.8708341499207898,0.8466547821141429,0.822433128449571,0.8122433885346148,0.7986579660595251
32033,4025,0.5280569818713235,0.5136064608892086,0.5055599348633915,0.5024570764767491,0.507321058733941,0.5042208329743598
32510,4025,0.8676301391491307,0.8305081165079252,0.8093914718350025,0.7882314789831312,0.7837516964827499,0.7746894047364162
4001,4027,0.6845665000750578,0.6531537739061953,0.5805093330015918,0.5252450235154128,0.5245359522726645,0.547764420847275
4003,4027,0.6009762478078594,0.5943382087861555,0.5866138483518967,0.594077394497545,0.6143278518571412,0.6240765267278526
4005,4027,0.5003227804473503,0.4947736754534651,0.47844982449738055,0.48527654773911494,0.519106447664734,0.5470699910281243
4007,4027,0.48633423078189675,0.49529868462474463,0.4954893290557968,0.5026839470808283,0.5208840467942204,0.5249136835562072
4009,4027,0.5659606393584434,0.5509713371754867,0.5189300812839269,0.4973126450585431,0.494654078852823,0.49139569062196226
4011,4027,0.4446728953904313,0.43077109744832387,0.40843310977487446,0.3909009442783701,0.383128797172518,0.3739944400461414
4012,4027,0.597850880669636,0.6019757333169119,0.5951625637100496,0.590816434538913,0.5872866856191813,0.5724883312397778
4013,4027,0.17021805435556062,0.14515832055950398,0.10926620233984155,0.07877662320540572,0.0590216798525917,0.041580935520378774
4015,4027,0.33264269895873166,0.32740955445041053,0.3264849768003966,0.3322261117385102,0.34257600781491226,0.33678034397081075
4017,4027,0.6587595765108537,0.6417309099214821,0.6019532425206201,0.5812374318535359,0.6028292607114053,0.6313076033999006
4019,4027,0.0831767801991907,0.06314797485495902,0.02685436154948201,-0.006775494925780667,-0.02557927016491912,-0.04047621575657527
4021,4027,0.27188259101784434,0.24770980119865205,0.2065426418634862,0.16833186990227791,0.14754678575086658,0.13178736855904927
4023,4027,0.9051940787811504,0.9029412023413137,0.8096292790846169,0.6626594005406807,0.5151385841356139,0.38658235365239646
4025,4027,0.21069869696789206,0.19857993699547496,0.18822095664072197,0.18782567250288715,0.1962061340752529,0.19602064485784085
6001,4027,0.23331397830449807,0.20006113542154072,0.15783512437657268,0.1204866075417231,0.10383203468104608,0.09979105010012597
6003,4027,0.6196930317191381,0.47329591923242614,0.29071682035641466,0.13751391081234293,0.02919801985722206,-0.026899131954653294
6005,4027,0.22206925607880326,0.22331726622040024,0.24476176007888173,0.2827635369468315,0.3311999802214723,0.3687806141149718
6007,4027,0.35965815835555537,0.34263257797013363,0.33946330449143075,0.36620721734576644,0.4243837203925873,0.4807354390987726
6009,4027,0.4134890617243057,0.41074810210340224,0.427746851508341,0.4622730035224004,0.508676569974881,0.5445334019731597
6011,4027,-0.058245318786367385,0.08803029618844885,0.28587844148397984,0.4999744964154124,0.675933349951581,0.7696094769271319
6013,4027,0.21667817280503635,0.1891222403024598,0.15574750311200586,0.12927275159105842,0.12109184868397799,0.12143883591339101
6015,4027,0.40249696245627375,0.42856122124354046,0.47089107200576785,0.5072761022060613,0.5497088911986744,0.5924290015176116
6017,4027,0.27655031322698326,0.2605383562128136,0.2609337308478926,0.2810410332829937,0.31366686703240243,0.3403992927897682
6019,4027,0.3443295215944117,0.3967824039789451,0.4725231776011597,0.5612964783960848,0.663069927146955,0.7338602026181306
6021,4027,0.437002870160997,0.41474923069344943,0.4185494470633944,0.45583366127156555,0.5271485567391282,0.6086123586751749
6023,4027,0.304886176528269,0.30719883635355594,0.3306208274860876,0.36951036152589123,0.4267272901951555,0.4779337874553062
6025,4027,0.8060207795572661,0.7837161385299323,0.7037766081045265,0.5621176608558108,0.4232195480253405,0.32217676142905627
6027,4027,0.4612715934873471,0.4671519370516169,0.48695922569952516,0.5159140586792746,0.5542437255692112,0.5814346603292816
6029,4027,0.3895766446291707,0.4238248763322367,0.4669223919568695,0.5257668946632913,0.6001415576159631,0.6563388536733525
6031,4027,0.2729712148806828,0.32074023668580887,0.40032235291393165,0.518671659996299,0.6510580191439982,0.740486276305978
6033,4027,0.33464706229596936,0.35489405434320315,0.3927160992028853,0.44824043028190413,0.5142056537323518,0.554993707939778
6035,4027,0.1395432301523449,0.17553882881546898,0.268152968889144,0.39550391036523824,0.5275693200191938,0.6350837505734545
6037,4027,0.3906307743144906,0.36418053272115236,0.32889592177635857,0.2919489028509316,0.26986526826894164,0.26279105799894376
6039,4027,0.35997716147657866,0.39181556727840966,0.4586738700012695,0.5282287776226413,0.6158732277447815,0.7006096610664092
6041,4027,0.15901519432531766,0.12603080256461927,0.08645368151589923,0.05485452216188048,0.044420417864830905,0.04511269405465747
6043,4027,0.09419270871374777,0.17549461746142442,0.30501266523065956,0.4526690608111905,0.584121260839712,0.6641441929775499
6045,4027,0.27074728076655896,0.3026965434476733,0.3680348286360545,0.4503938046171177,0.5354320227517884,0.5971317470509285
6047,4027,0.27130187706548525,0.3030640444522192,0.38049492556258585,0.4923327215989865,0.6242973617705319,0.7329930674397177
6049,4027,0.1306891974668019,0.1896172695950154,0.30786763626051467,0.4570442199337471,0.6074262652099707,0.71638575891773
6051,4027,0.5618070124041193,0.4891203787059371,0.41663786624656796,0.36865668441790406,0.33618404522294054,0.32272737748821584
6053,4027,-0.035442225704358246,0.08233356014103783,0.2610245780845813,0.46903872639341376,0.6446150297875441,0.7402762512500819
6055,4027,0.261456122663748,0.2844298594365196,0.3197751574897364,0.34395481897467417,0.36100086001891823,0.3743027722644779
6057,4027,0.32660683827940923,0.305163329513608,0.300794813931221,0.3176408265275894,0.354435171908649,0.38929317549594206
6059,4027,0.2467995180594666,0.21575439131808832,0.1754116561663631,0.13915685990662943,0.12093426918159451,0.11336778986852596
6061,4027,0.2976825713227894,0.2741445219957689,0.255385028542385,0.25136532769805536,0.2636444444504025,0.27525326553474944
6063,4027,-0.048305259898855465,0.030271423390851673,0.1801590452481272,0.36384364862513074,0.5410564141498326,0.6652715747831521
6065,4027,0.511655028919534,0.48913623173727555,0.4428235447189712,0.37990682619934185,0.33105513960751937,0.2980035160460088
6067,4027,0.2983285940797328,0.2787040101762061,0.253910136968548,0.2371024501714138,0.2386124673784109,0.2423617755882452
6069,4027,0.23556050475440332,0.2516340120296366,0.31530282768974877,0.416150124290314,0.5245189597310209,0.602462378459102
6071,4027,0.3946281051065482,0.3616873448178453,0.31740452712775385,0.2798439127701871,0.2632608168329078,0.2584760404357697
6073,4027,0.30692141704640175,0.2773394565448204,0.23878099323283314,0.20527533806256323,0.18938138817161215,0.18295277706729454
6075,4027,0.2694268562463595,0.2314360288036634,0.1831737549443886,0.1407605766028072,0.11953331704394878,0.11294663665391808
6077,4027,0.36343186798635074,0.38274234043858163,0.4127942784960888,0.45618912850887045,0.5156088941277133,0.557679785692517
6079,4027,0.3566646154514964,0.34075034417408356,0.3235408575503571,0.31163927171642486,0.3129055032063032,0.31787127565771695
6081,4027,0.13858045762212648,0.10349271538988397,0.06183402126822158,0.029546905371310158,0.018762424096308388,0.01969230001666646
6083,4027,0.26634031659830015,0.3006575339285334,0.3377307400737023,0.3788045108586774,0.4144652584663962,0.42529091908632183
6085,4027,0.1512701770638882,0.12266389840725707,0.08915745548643306,0.06224598813271622,0.05123164364457131,0.04593035596695951
6087,4027,0.09096551738902987,0.15739660301368485,0.2696660638462008,0.40163533971546517,0.5220650122573046,0.6001637015281732
6089,4027,0.33075758091250235,0.3349974106882556,0.3618994307908277,0.40978096648865003,0.4707365341451444,0.5194114519927507
6091,4027,-0.027771711340674438,0.02588180242603805,0.16251553019646978,0.334081977877029,0.5025317223799992,0.630323887063651
6093,4027,0.2591474584651462,0.31841103193556797,0.4179357419014642,0.5351925307572434,0.6413004414879141,0.7124046286484533
6095,4027,0.3141433976711615,0.2991128489425583,0.28742984784520603,0.28914443981449556,0.30816137652512127,0.3263611766849733
6097,4027,0.1999254418228313,0.1765568684921357,0.1591435245852144,0.154135488346244,0.16834044980473506,0.18751967937011305
6099,4027,0.4214730141805808,0.4157885145043073,0.4355902081928159,0.48675501498657475,0.5676526325896071,0.6336611020311205
6101,4027,0.2551634765681225,0.2882430999806974,0.37140083186397727,0.4939910781039432,0.6295788600117739,0.7302369306272027
6103,4027,0.3438487457358632,0.32942363271324604,0.34076562967935176,0.3749329290706862,0.4354789836087562,0.5012079338242446
6105,4027,0.1593635235871021,0.21932742066896913,0.32989956496523565,0.4639010506743281,0.5949847531947413,0.6834360040398963
6107,4027,0.41222550999632024,0.48149307437172534,0.5497990667532079,0.61544400967142,0.6913958058059411,0.7385770688275111
6109,4027,0.3292072027278329,0.3331275936333072,0.3654582904316051,0.42218363476427356,0.49027380825616335,0.539582475790643
6111,4027,0.5031973169013936,0.5069004833501976,0.4836135121055251,0.4342947490337985,0.3763906199823284,0.3257794587412328
6113,4027,0.11627547702213746,0.1655655582049095,0.23127950829397906,0.30667909244330693,0.3826569968757672,0.42814479734907435
6115,4027,0.4031646466455464,0.4072647510746092,0.4338372617831095,0.48789672799975553,0.5646128724463594,0.6244869715955184
32001,4027,0.3846282324017855,0.4019944330251155,0.43232712643009696,0.47921025385044536,0.5299579112527879,0.5562576942157125
32003,4027,0.1441738984712876,0.11547252785319892,0.08797170778902058,0.06832698751984725,0.059201124100351256,0.05319836297772068
32005,4027,0.24186024680423113,0.23661874723134452,0.25133027421381354,0.28102370446937625,0.31124345198527475,0.32736456237203887
32007,4027,0.30944671552036573,0.2981389513396023,0.3233649295679431,0.38736004908863964,0.4705315098255636,0.5293597844465284
32009,4027,0.4309629586688615,0.41355986736065264,0.39336257867830515,0.4005262087330515,0.4309647120133735,0.4541269441254929
32011,4027,0.3757509481468642,0.37224551419349794,0.3976887203450437,0.45194217822361027,0.5180224317619103,0.565623815975447
32013,4027,0.2644393144796878,0.25940153463683624,0.2654761651900377,0.305227866119731,0.3681977527445661,0.4127060761626764
32015,4027,0.5423047844851445,0.5578825574342778,0.5881964096233053,0.6339807324772867,0.6901017903233136,0.7260292496576767
32017,4027,0.5750879185003767,0.586584928583623,0.5893225727106886,0.5970546094892039,0.6074233904667506,0.6049595500374308
32019,4027,0.2734251361615926,0.2788704948613243,0.3025087019314598,0.3434291106517695,0.38814131455836104,0.4139851417186678
32021,4027,0.31532631206460615,0.31952048910251696,0.32988200921701116,0.3489938900932853,0.3740498243506678,0.39348692133403873
32023,4027,0.0683282610876737,0.057271529031411965,0.050723838447913075,0.04973393161849003,0.054582525416826275,0.055715511722167564
32027,4027,0.1520722555703023,0.15157789999204385,0.16547590550983277,0.2036471627769256,0.2547784127562703,0.29051572322407565
32029,4027,0.1278344896176806,0.13300431992937137,0.15183535675385995,0.17505068886078173,0.19937481065633164,0.21427171568034123
32031,4027,0.17502892207431503,0.16057605830314184,0.16113489325038086,0.17812384734079165,0.20447211286939074,0.22180906960142913
32033,4027,0.43397205657966487,0.43124064893258873,0.43488540213614557,0.459013143899548,0.49852356626205235,0.5282371611435794
32510,4027,0.2867325985357124,0.28334422996917735,0.29894948861927895,0.3327018831933067,0.3733755782739609,0.39795985955484464
4001,6001,0.47489256705319915,0.45866453687762404,0.454673314386806,0.46352790189786736,0.4791537478285205,0.4727893269824027
4003,6001,0.5105311435519099,0.49303117274502695,0.48451008562713077,0.483719037737192,0.4932445301754356,0.4950465817691144
4005,6001,0.5722837068562441,0.527201842971275,0.5070505797264907,0.5048177761714278,0.512869369747462,0.5027957765798493
4007,6001,0.7051890387978365,0.6869562773140963,0.6766111522443783,0.6687852486751972,0.6705414411124985,0.6606065554775323
4009,6001,0.6353987577619536,0.6161714858049732,0.5942134903990397,0.5762430232388782,0.5663603477227377,0.5480875213999891
4011,6001,0.6605220236600782,0.6511176572370941,0.6333607275973087,0.6117507395131158,0.593641629728315,0.572287271405235
4012,6001,0.3914514103497052,0.37924210459625035,0.3717813279270439,0.3675350950958685,0.3684604159902279,0.3607783248815518
4013,6001,0.8641892186722824,0.822924084871163,0.7869917772907141,0.7529770278288724,0.7304136876748734,0.7037458391784087
4015,6001,0.7714090296267432,0.7250740103671219,0.7004435343989449,0.6837297934753765,0.6746669042128554,0.6606771345894635
4017,6001,0.47098640515715945,0.44732229327988693,0.4355692652645083,0.4368094162386654,0.4470038116556192,0.4392370632072525
4019,6001,0.8252804950134905,0.7827448324225438,0.7478653339835689,0.7162198442285286,0.697170680685887,0.6721780461119519
4021,6001,0.8250166586817509,0.7833254691711364,0.7471542724468648,0.7161315766789468,0.6976937889680854,0.6696280363351043
4023,6001,0.2884945630776846,0.2834109965961084,0.2698605490687087,0.2535970262374089,0.244785347113842,0.2347151109899716
4025,6001,0.8369805699889024,0.7928831682447365,0.7630693812414346,0.7391575628151169,0.7265807164216478,0.7087255578330289
4027,6001,0.2534183618288644,0.2425436194864566,0.22612081600194278,0.19995140517525176,0.1779694703731572,0.1669550913800901
6003,6001,0.41959930746807217,0.3853685837285155,0.35509404705892605,0.32283499266322163,0.2718408258647624,0.23233996479729557
6005,6001,0.8646294022736156,0.8268869172280144,0.8057151553108469,0.7934236118410363,0.7920056799179206,0.7859687890071464
6007,6001,0.7734044644190354,0.7333102779929135,0.7126076024119763,0.7070470400574126,0.7100732109720315,0.6985818746151572
6009,6001,0.7510445267527506,0.7228825989110248,0.7063929253293451,0.6994198844617557,0.6992528577056811,0.6932341561575462
6011,6001,0.22748237702738794,0.21322545185988917,0.22420503612572457,0.26848351884721355,0.31310563689516197,0.3271035562793179
6013,6001,0.9479286646340467,0.9042482862298697,0.8671342766082243,0.835411325557011,0.8132237151607093,0.7863381711868982
6015,6001,0.6146153577107377,0.5923009906511294,0.5833218453354055,0.587104478775948,0.5913384035154696,0.5843032563145123
6017,6001,0.8782799682559126,0.8320786333680894,0.8010764182515421,0.783074213088055,0.7712902930118317,0.7576038302312035
6019,6001,0.5849063919977094,0.5618192131469923,0.5542640336835621,0.5577675076910112,0.5626377255369714,0.5574948951815996
6021,6001,0.4684026534863705,0.43440568226309306,0.418659712831964,0.4279057522382601,0.4454751989531017,0.44652474256661595
6023,6001,0.7529089308699067,0.7066112043263336,0.6751298516050963,0.6580929436248102,0.6522668302659372,0.6375258851113653
6025,6001,0.42981814389798345,0.40991150369589563,0.38557383643009574,0.3534070594451062,0.3384527498827067,0.32662361688870745
6027,6001,0.6123504631881511,0.5735623973059184,0.5532039526997523,0.5445015712891897,0.5444637433993709,0.5358171375403175
6029,6001,0.6177318553961544,0.5878028859813182,0.5656421459818552,0.5588800503465766,0.5613183158923708,0.5518245211199475
6031,6001,0.5530096810663023,0.526330369200396,0.5206387845699283,0.5320029383366335,0.5499795783536372,0.5531657565643223
6033,6001,0.735992481755968,0.7044994983799491,0.6880190526085825,0.6816947371959782,0.6810306064903288,0.6697258837035988
6035,6001,0.5617776730780317,0.5377730586134531,0.5310890489077238,0.54357629484562,0.5700514412677576,0.583375787751347
6037,6001,0.8973863229646225,0.8537845912078634,0.8127994863715219,0.7683174760154035,0.727146109246703,0.7052849019642907
6039,6001,0.5219245714227165,0.5018976926349519,0.4969202978737231,0.5052797833875193,0.512794074812838,0.5076340689263816
6041,6001,0.936478226149523,0.8828416675495407,0.8364664585703653,0.7973279014051231,0.769656555445369,0.7385120012081693
6043,6001,0.6023863258195173,0.5645903949730442,0.5543674146367973,0.5711157177275643,0.5942270731493952,0.606200899722866
6045,6001,0.6446166646929322,0.6065126763862522,0.5832357322423724,0.5761804461681869,0.5793929849420285,0.5701927603801463
6047,6001,0.5168053263168304,0.4892643437432001,0.4825073769679719,0.494141043868298,0.5132416297206976,0.5163456245925776
6049,6001,0.47801912936816426,0.4599594870829735,0.46009695366170145,0.48215922379059567,0.5172810506178533,0.5424063864261571
6051,6001,0.5121691218303769,0.4578615721096196,0.4221380912811355,0.39844610866797686,0.3538875761431123,0.3242229391249128
6053,6001,0.35383278873636737,0.3245744182858552,0.3186814229066734,0.3480285764174916,0.3885892197236265,0.4057716531969291
6055,6001,0.8440013937132993,0.7951448643854149,0.7671663943240261,0.7540872452333303,0.7487453328501503,0.7305255732850442
6057,6001,0.8606126205105509,0.8180947719032926,0.7899644922367196,0.7714990067652384,0.7602403955006685,0.7462962450706839
6059,6001,0.927278050487317,0.8759037319284486,0.8317645215133762,0.7918799370972371,0.7614403564773103,0.7289565807069086
6061,6001,0.8913358516082982,0.849144281160552,0.8183683494568351,0.7952529506004197,0.7788339989757176,0.7598171327455718
6063,6001,0.4980428256612063,0.47984151103789136,0.47967244626027244,0.501069761236699,0.5374394375132829,0.562691364015302
6065,6001,0.8421979754007063,0.800318098778354,0.7668905222561834,0.7373982259895938,0.7166977016095586,0.693186762909533
6067,6001,0.9211508331207198,0.882499039560084,0.8532558396955406,0.8296336994054181,0.8132877414804591,0.7917090295620193
6069,6001,0.5443466400581746,0.5173933846281306,0.5067952663563055,0.50918591441264,0.5152570969794604,0.5142324850778027
6071,6001,0.9055268979251379,0.8712164780553552,0.8429251146732168,0.8170164686816098,0.7972345988761845,0.7733884889643351
6073,6001,0.9143017710951878,0.8650984853015817,0.8266143244042315,0.793281933541211,0.769372728857223,0.7438001283722809
6075,6001,0.907438418589656,0.8549251841999296,0.8049848630236587,0.7601452064931714,0.7259077688278815,0.6862688350347081
6077,6001,0.7635799008469062,0.7325621704490506,0.7170644133435696,0.7094107800046604,0.7077021892651971,0.6922128722113979
6079,6001,0.8665518202075299,0.8145673657743895,0.7789779461820955,0.755707257378705,0.7421462431148779,0.7221785525900521
6081,6001,0.942563153906851,0.8923823751599298,0.8470114299774241,0.8077885179003583,0.777396978460397,0.7430864469498891
6083,6001,0.8291932237193413,0.7831785424012686,0.7530567738969076,0.7417025676560991,0.7416366673586391,0.7305732425093214
6085,6001,0.9069505100409577,0.8634409207838215,0.8245153416436384,0.7892060568358661,0.7612055213740934,0.7296952922303206
6087,6001,0.6855655836104243,0.6515404494832855,0.6366733177959273,0.6432918676897381,0.6648408084770105,0.6707162784473707
6089,6001,0.756020556548247,0.7260659341793023,0.7115802728466406,0.7097299327712446,0.7161187072116766,0.7149056347236592
6091,6001,0.4900087261027278,0.4727565214215916,0.4700458181024399,0.48269614292807944,0.5098495159565024,0.5285774640720763
6093,6001,0.5561534617812942,0.5370803592073493,0.532839049031666,0.5493714150797475,0.5744701550470619,0.5862718306173098
6095,6001,0.9014223153467843,0.8646942933500869,0.8392457277868747,0.8214107953345793,0.8123830505546771,0.7972071563362557
6097,6001,0.9212649672129191,0.8709768734391856,0.835032266956118,0.8108271988698799,0.79686577210729,0.778052022576908
6099,6001,0.6210211512076034,0.595061511059471,0.5854102032951102,0.5814661589234329,0.5801118284197364,0.5712560195554329
6101,6001,0.4793723214844765,0.46160457854467685,0.46254509768957563,0.4730231770847594,0.48438953792971823,0.4837661433409545
6103,6001,0.7227805881450617,0.6880736380245798,0.6692928149627407,0.668007766076072,0.6767235087652855,0.6759840994239841
6105,6001,0.4593401218964802,0.43965963087462,0.43471941982470713,0.4463686364947803,0.4673546354421627,0.4758020223881184
6107,6001,0.46092372745972404,0.436941503926653,0.42258188359754806,0.42740323420780907,0.4380062613385538,0.43560799800808
6109,6001,0.7808056872553883,0.7411459122131937,0.7202585637408783,0.7120124315729218,0.7151310290637988,0.713263067889782
6111,6001,0.8489085306286297,0.8054794435400889,0.7700937452786355,0.7428267102233369,0.7244472218586412,0.6981575046894157
6113,6001,0.8020002219948229,0.7739299078851244,0.7588947313955225,0.7582800664272628,0.7626367452977292,0.7521645923606064
6115,6001,0.635897092426975,0.607457523632214,0.5938204030537217,0.5930549445760311,0.6012864531913691,0.5977761477476815
32001,6001,0.6442432671560722,0.623185492070343,0.6173185444580758,0.617069913402292,0.6273918501932197,0.6316803612810659
32003,6001,0.8100730884101395,0.7446467032338105,0.698040769377862,0.6555334344241661,0.6268677094503778,0.5967181027146667
32005,6001,0.798551598333127,0.7521789322742074,0.7289323872903958,0.7123146005475915,0.7036449467066264,0.6909266878834143
32007,6001,0.6153201885702269,0.5360297007557486,0.5143410163497717,0.5075757971949514,0.5169551588888772,0.5196060489945249
32009,6001,0.30256907783459186,0.28409773823540635,0.2769460413348026,0.2689011045073445,0.264887920363337,0.2558276037887391
32011,6001,0.43242067875140144,0.4247309927644665,0.4270732742610145,0.42851226774966644,0.443807585278714,0.455611847714659
32013,6001,0.6270355492531798,0.5837007274679977,0.5641710811366591,0.5531286270069432,0.5567022502263619,0.5519857174726633
32015,6001,0.34253090291758176,0.3362960190965742,0.34213597310491817,0.351609632485433,0.36810896907911195,0.3779705046777274
32017,6001,0.5117360117123912,0.510152976390007,0.5153933241375999,0.5193387353471061,0.5260581518119571,0.5264554583882693
32019,6001,0.7548405009952711,0.7244247191397648,0.7110197506457171,0.7020425738712512,0.7039809486801057,0.7005839774514018
32021,6001,0.6004467774763274,0.5924627301974329,0.5958499141177624,0.6002961572340649,0.6100287343833996,0.6174435626321404
32023,6001,0.7814323260758413,0.7489489645713601,0.7316659290444417,0.7137163628485476,0.7026625886424678,0.6883950041277532
32027,6001,0.6983264225598775,0.6813092570587305,0.6778909100455317,0.6751734799045045,0.6791918818096817,0.6767568832005455
32029,6001,0.7448350430234982,0.7177775849973107,0.7074085112501473,0.6988960514948431,0.6986802628203336,0.6972555000149703
32031,6001,0.8221582856176997,0.7742083002108232,0.7474386333889407,0.725958248810203,0.717058742363131,0.7066335693469634
32033,6001,0.46783243148234854,0.4543771206017675,0.44907834176164463,0.450519103405983,0.4572679890796197,0.4587175867203836
32510,6001,0.775796756620796,0.7360949333710846,0.7160746466362601,0.7024333944305398,0.7024689274994579,0.6978929566553987
4001,6003,0.5321527388040097,0.47947803057831895,0.3713215621990522,0.32498450466119755,0.3221890438906992,0.34805467268146606
4003,6003,0.4248993518111388,0.43799183295706573,0.44882895039399445,0.46809200098803966,0.481597843097362,0.5064971581554557
4005,6003,0.4732825018954893,0.45491049911611264,0.41716670649991344,0.4141566604352794,0.42660070627980073,0.47487914576967366
4007,6003,0.44037004303436655,0.45637511420423654,0.47252363386616875,0.49655137804133764,0.512174109314928,0.5165850517397521
4009,6003,0.49104863170261803,0.49676405794283046,0.4835943292161994,0.479792998105141,0.46457594456852536,0.4675436399308274
4011,6003,0.44722119362878454,0.44866981901519154,0.44852624142240577,0.44455300441766804,0.4215152207063073,0.4173803074410029
4012,6003,0.5124010707690246,0.5703788364786546,0.6039734872819488,0.6062864873979215,0.5849229970332672,0.5821543907583198
4013,6003,0.36926929319426444,0.3528646722693528,0.3276216811451409,0.2936397634275227,0.2558678378908937,0.23545160708766216
4015,6003,0.36343041320062586,0.3765288033572497,0.39502190114000874,0.41376236301190744,0.40891437539092135,0.40943650553496036
4017,6003,0.5125860597257693,0.4864519049263362,0.4283305778029399,0.42128295906030677,0.4330311641634042,0.46490684933119036
4019,6003,0.2747656340294517,0.2526181399500001,0.21882184368914695,0.1818807859834415,0.14469507350339395,0.12086103939294933
4021,6003,0.4301109071459754,0.41650196711021986,0.38148642662729804,0.33945238988505166,0.3036484901074482,0.2939111189700099
4023,6003,0.6405251534997994,0.6482078375823701,0.5806112792088146,0.4613301835011256,0.3095852349017571,0.17571600463491968
4025,6003,0.3307521393226128,0.3334713930308211,0.3336909457200704,0.33114807246899763,0.32256440594240376,0.3237993662949621
4027,6003,0.6090474872108352,0.5153125024199341,0.35514057550247824,0.1758947471583649,0.06727203961538131,0.0471594710294858
6001,6003,0.44850274452156136,0.4229521194622681,0.3815162206120646,0.34267052239885454,0.31210267906248157,0.29757617533536795
6005,6003,0.33252982117822083,0.34849264103713057,0.37524104705054717,0.412629508147494,0.45479444770284727,0.4954562839523292
6007,6003,0.4603020556463278,0.4431011305402237,0.43111437523020285,0.46039090732916677,0.506579687644276,0.5668058280241289
6009,6003,0.44387098853768325,0.4578852610046421,0.48024236843585816,0.5222544827689763,0.5688782343557981,0.6143103929757554
6011,6003,-0.05192102702557278,0.0805085411394108,0.23717102516839356,0.4271483569888543,0.5886801847919425,0.6983880693317863
6013,6003,0.4288870929456998,0.40709682016718446,0.3738131892591021,0.3446622875769507,0.32220001611073085,0.3146799623983384
6015,6003,0.4626932809999148,0.4968268071336264,0.5121361262008787,0.5658161428204487,0.6286278218142272,0.6633861647506317
6017,6003,0.40667239957918905,0.397123218788646,0.40618018545730167,0.43584923914922596,0.46550571851950406,0.49373200054658556
6019,6003,0.3368986217219022,0.3674786390094937,0.43389488973354523,0.5560193437025531,0.6594625403488289,0.6870882585627953
6021,6003,0.46447889511814305,0.4486722267165608,0.41544290180327703,0.42611366018522,0.49084401145261486,0.6001668263304409
6023,6003,0.4548175810409765,0.4702433608306565,0.47881460662299846,0.5107154822838793,0.5579324301842402,0.6061599120412577
6025,6003,0.6717825471767923,0.6947100276683394,0.5904640429556285,0.4463491356827792,0.3230401037683241,0.22739923716868216
6027,6003,0.5151444082979688,0.5322282969854613,0.5488317310986435,0.5793255588734227,0.6219783534237164,0.6473971425115305
6029,6003,0.43465266968561284,0.4507706451507976,0.48988501770857573,0.5732688319602643,0.6372735152029662,0.6467517311115515
6031,6003,0.26053329623982757,0.3023075684903647,0.39204840782868494,0.5099597689889984,0.6063635727447436,0.6656583298193969
6033,6003,0.42032122204403055,0.42715683865221354,0.4567850509244535,0.5389985337056777,0.6067898030479789,0.6446351614121181
6035,6003,0.1669080598859668,0.24025904707326187,0.3312896234297397,0.4441594529591978,0.5599071010503581,0.6710527430185036
6037,6003,0.5396628696132503,0.531085462196779,0.49391034418783325,0.45023838885473877,0.4118260871107168,0.4024316711445719
6039,6003,0.379131653652492,0.3850562431770454,0.39425483332371103,0.49475994044232124,0.6409927610690989,0.7016474155943808
6041,6003,0.41537333847587826,0.38902769231520645,0.35008373023074,0.3145272921101673,0.2866433961752685,0.27510909540334827
6043,6003,0.09431551406565467,0.17964924332932358,0.2993352253536697,0.4379892508255733,0.5597339042540015,0.6395292346494899
6045,6003,0.39083851767770944,0.4367130771385037,0.4842542021715122,0.559436683291329,0.6396959032889957,0.7085722981818562
6047,6003,0.2828516217901911,0.2994951489720502,0.3474394936456359,0.46782334289624417,0.6070588644141971,0.7038082651869062
6049,6003,0.11923834266663233,0.19874366129770632,0.303030806299016,0.4334307171943445,0.5600368273563368,0.6707870344505231
6051,6003,0.5861128569607398,0.439636805472903,0.3819737798367402,0.35245375129302015,0.35841214289054957,0.32725984415901416
6053,6003,0.01685367722256351,0.1489189571238579,0.2935882084947463,0.44723460334111137,0.583786300614672,0.701009295608115
6055,6003,0.4304055595746944,0.45890419071579064,0.4586307962750911,0.4713651845560397,0.5117536756991525,0.5264210959423777
6057,6003,0.42651760318986753,0.414115687954482,0.41494302790327453,0.4389989647257066,0.46953494344529195,0.5061029654690732
6059,6003,0.48155645653573115,0.4551200802174932,0.41564040077829156,0.3773353525967084,0.3432943139365582,0.3233912796972594
6061,6003,0.4589964747503086,0.443038220763579,0.43633414926318115,0.4417259737570229,0.4470213034778731,0.4594651321831694
6063,6003,-0.0307295179932979,0.07650820763928731,0.22526110057259063,0.39768842789710007,0.5562860206355221,0.677158665967301
6065,6003,0.6509109699685507,0.6511870620186722,0.6030717451496151,0.5354603766510143,0.4760316452984536,0.43132284076643684
6067,6003,0.45394073201525004,0.4388615109275557,0.42024825554249945,0.41048694016174003,0.40072564163134433,0.39806583471078444
6069,6003,0.3425276537612744,0.3524809342211914,0.42520592080517106,0.5432726719854306,0.6566282288782036,0.7305638769639756
6071,6003,0.5420891381803604,0.5181737718830743,0.48214591730084394,0.4514952515550208,0.42506001345597466,0.4149233379725562
6073,6003,0.4974233130428208,0.4699946568193593,0.43283909747257343,0.39929778319539216,0.36934376296216576,0.3527036084780914
6075,6003,0.5187314599482017,0.4894982387534136,0.4393140832354239,0.3892475346841645,0.3509731330209349,0.33356315468375364
6077,6003,0.4523883519461694,0.45157650014584516,0.4702955342303153,0.5355647344065259,0.6055153183544405,0.6394273826802915
6079,6003,0.5139613850120797,0.5118732649078379,0.4897365450712937,0.47328322585443,0.46881325133897495,0.4791905108650578
6081,6003,0.40576401103699256,0.3737140823084066,0.33278576689168404,0.29960945231679253,0.27471858111505926,0.26519321675929836
6083,6003,0.4016072434564655,0.4424290312496457,0.4717990857702013,0.49889257033777545,0.5074256489081199,0.5169401962665638
6085,6003,0.41036649301459827,0.38794056425692425,0.36067335106276244,0.3387790359785122,0.3188344634799232,0.30778065743426214
6087,6003,0.16906923665734333,0.25510080559181536,0.3479766148368687,0.46024920795829977,0.5672541410207754,0.6468559389207974
6089,6003,0.39106569060313057,0.41346123787645234,0.4468997428906669,0.4967350606459976,0.5463267387049181,0.5987100259459663
6091,6003,-0.019050921097583804,0.07414061533343898,0.20059714127654643,0.35352705364779485,0.5140125332243896,0.6441409267506716
6093,6003,0.2692912528488321,0.35853980753252923,0.44274794887473307,0.5333859148853165,0.619325705047752,0.7022635736599374
6095,6003,0.41064672506321565,0.40148430680014263,0.3954875614364072,0.39638450079841614,0.3991272110745424,0.41382488024328024
6097,6003,0.41143049375234647,0.39693516260788214,0.37761981918328047,0.3681344843374834,0.3724146507986924,0.3881118416156186
6099,6003,0.4411185296407139,0.4074393749394223,0.4257989425709995,0.5139643646721263,0.6108829794758579,0.6662631121946808
6101,6003,0.26263145886170924,0.27003789766933695,0.3452466010331264,0.504579299893505,0.6577614027019705,0.7497433679420104
6103,6003,0.4275153037458036,0.4310293985094632,0.4274429537781665,0.4554288976622296,0.5113049772743306,0.5827999263329167
6105,6003,0.19284753533153895,0.281599773713162,0.38517104932982993,0.5065088587517492,0.626031094587304,0.7206571067904111
6107,6003,0.38049886896710405,0.4384673292155253,0.4926591907347138,0.5901317603365561,0.6543420564075997,0.6573882989498264
6109,6003,0.3643496018376061,0.3845890371761162,0.42695853954675267,0.48844681643930377,0.5426188444818915,0.5941245508350486
6111,6003,0.6350630802731129,0.6678306511226104,0.6315090130429343,0.5619822197280192,0.48851045333957244,0.4437959099994775
6113,6003,0.28378986750109114,0.3260007020887729,0.3759789522982206,0.45155287826393475,0.5243708166539814,0.5627944398050629
6115,6003,0.423270633342607,0.4333543646351364,0.4620114430188942,0.5308974630118674,0.5970774869877679,0.6594887024328614
32001,6003,0.30853550849811034,0.3503626062639658,0.39021775146535476,0.4334475286875364,0.46132781889613494,0.500185229868359
32003,6003,0.31796955111741787,0.2806432585880905,0.24725963577435423,0.21928856092274973,0.19730631737596926,0.1851052317196588
32005,6003,0.2831166705563858,0.27934304734762205,0.29879662761624254,0.33112836925518385,0.36188672742733907,0.38929111777005276
32007,6003,0.2810100832531497,0.27365897890310537,0.30320014414605206,0.3550525220013026,0.4089072562596448,0.47802902673671
32009,6003,0.32219123797946236,0.29240138245881087,0.2844875399166464,0.2961085780942037,0.31485039360194855,0.35069726145110064
32011,6003,0.2226873663746013,0.24735065012568266,0.28649249645285724,0.35270491634017387,0.40025423646231606,0.48353270437758517
32013,6003,0.23846686682392362,0.2446441402728482,0.26014184950277236,0.2865548957945618,0.3185801291205365,0.3701097230873533
32015,6003,0.31446161328459066,0.3434838028554153,0.3772257704152179,0.4287726722915236,0.477995342215157,0.5326972840564608
32017,6003,0.44009148751742366,0.4749427325110244,0.4821388062837934,0.5191286810165049,0.5301947649329243,0.5527183781586349
32019,6003,0.27571944856995817,0.30715971486644883,0.3392398273778157,0.37240694004239694,0.4038334246311727,0.44069256853303657
32021,6003,0.18811081833344392,0.20021205533098022,0.214508338009571,0.2404453601424163,0.2614875369697396,0.2849412834381862
32023,6003,0.17007920037753463,0.16523053288514336,0.16609506812296798,0.16728190143122607,0.16653291975473244,0.16964935801464387
32027,6003,0.16219702818113754,0.17375404557322702,0.20137157008026008,0.2520407645795103,0.3051195398659688,0.36141973233972413
32029,6003,0.1529393181148588,0.17004862401845336,0.19235264045166425,0.21277907694469528,0.2296645643713421,0.24181740364716214
32031,6003,0.2795452756090362,0.27387679487084404,0.27755032909430927,0.28675376508768025,0.29435200436432096,0.3139411322474885
32033,6003,0.44401928685565156,0.4634731128355012,0.4802824480703162,0.5198912881988558,0.5556032909889063,0.5997208443110187
32510,6003,0.33453357234526654,0.35410454840281813,0.37837269740826057,0.41334988327952327,0.43971722171185235,0.47394954530246264
4001,6005,0.5987385838364175,0.5936984854435488,0.6001746259169495,0.6159966299446704,0.6340901778214709,0.6241657229927609
4003,6005,0.6759215697911778,0.6518819566973764,0.6319316258848945,0.621118920874442,0.6213627773237499,0.6201459118643164
4005,6005,0.6765406985558633,0.6258084590952425,0.5934627627873691,0.5796963524035528,0.578756077921677,0.5650847030121651
4007,6005,0.7949461100182487,0.7631024176652421,0.7349011829960366,0.7129028326062092,0.7062481443280897,0.6965774777025431
4009,6005,0.6590565260233027,0.6380553886693184,0.6145073440458296,0.5984175270950308,0.5891811680553696,0.5730410416961296
4011,6005,0.6516622902740314,0.6411116719073674,0.623155556936294,0.6034515921912257,0.5877649920505361,0.5685735073233508
4012,6005,0.4928388960345295,0.4664195099523376,0.44734616526413973,0.4407533495159222,0.44640629984265706,0.4469814339563993
4013,6005,0.8093181977611583,0.7757445837840197,0.7483350486508531,0.7242479981271005,0.7084531352260651,0.6858454893791837
4015,6005,0.8679650410125413,0.8173413458383129,0.7831469889375222,0.7579752960216407,0.7458882847894654,0.7338771906999009
4017,6005,0.6072828761303626,0.5840594453300619,0.5668407328812457,0.5586771903316292,0.5598471860099694,0.5451740664087131
4019,6005,0.7499269499410699,0.7165540357191267,0.6920969881637401,0.6724848555695816,0.6618527471096352,0.6420541895544082
4021,6005,0.7745320655163552,0.7387374835966319,0.7083582113953379,0.6856807276116768,0.6721467158698096,0.6478136373300161
4023,6005,0.2837980338614475,0.29815374647415516,0.32851545618414485,0.3694890325157439,0.4174225323421915,0.44965885778242143
4025,6005,0.8592302326675714,0.8122293300088017,0.7753127559793361,0.7459988351409275,0.728671978530944,0.7105879090553469
4027,6005,0.2846422018503591,0.3389457442816396,0.3971842145453329,0.438066433398982,0.4484193729190254,0.4319156401850553
6001,6005,0.870661541134356,0.8385682314556465,0.8086069036664295,0.7807454697817436,0.755899163660033,0.7235676124329398
6003,6005,0.3424322012888085,0.3846076463725593,0.4352487861935027,0.4727659332056647,0.4543567438394843,0.40595772518176515
6007,6005,0.8853591596831076,0.8412095891812205,0.8013265522919837,0.7700077042744778,0.745849605455834,0.7143180129557833
6009,6005,0.8675907311330481,0.8268219410583448,0.784615471121019,0.7509712931959018,0.7251620787933674,0.7040909519517589
6011,6005,0.45025998679924895,0.3536170732193439,0.26432129877800237,0.22086138970624003,0.2119295845762417,0.22211239525679127
6013,6005,0.9020981749081204,0.8689968854292442,0.8387934120639867,0.8120583855280006,0.7894817069918305,0.7600404961343167
6015,6005,0.7533958940380715,0.7149803507033411,0.6791560295303549,0.6545589465157824,0.6352858500579028,0.6208525963437556
6017,6005,0.9452447282077968,0.8974872347843665,0.8532479177288027,0.8185602400664781,0.7884099206788983,0.7624443752137381
6019,6005,0.7242767403907449,0.6721402532779027,0.6175018600310701,0.573343467790653,0.5425233096498827,0.5268555075773189
6021,6005,0.6323185468411601,0.5918392642496936,0.5521327127695557,0.5293778956797927,0.5131219517459088,0.48645694475497286
6023,6005,0.8223542511417226,0.7645769925393863,0.7091574950266357,0.6656100057383618,0.6345263896833361,0.607054322435329
6025,6005,0.49510777817764406,0.5027357898072394,0.5258700050817681,0.5485377657402954,0.5771541089247468,0.5940306990155871
6027,6005,0.7362715946339701,0.6859494400777099,0.643965259542438,0.6144219943678056,0.5952095369128606,0.5798151475858856
6029,6005,0.7412647936705529,0.6938635953314709,0.6384790901607965,0.5969014282926949,0.5710474298524142,0.553703248512143
6031,6005,0.7108786720520163,0.6489817438920409,0.5842105441107596,0.5369341441647087,0.5117152211058387,0.49865686097759954
6033,6005,0.8307503115556999,0.7808434957011612,0.7323420215823835,0.691291392916356,0.6612091430860224,0.6374592548956136
6035,6005,0.7596447270054774,0.6962679764937335,0.624209956060023,0.5684835743405126,0.538440978645928,0.5232363730946741
6037,6005,0.8796318294515888,0.8493424618132346,0.821445298239778,0.7890253017086108,0.7570171137672262,0.7359992409275079
6039,6005,0.6864628540364902,0.647757262349436,0.6073029946819493,0.5707532052948191,0.5375459945014771,0.5130990485636185
6041,6005,0.850542943009613,0.8113870976182554,0.7753214726094342,0.7441013921875628,0.7179414573636521,0.6851714483214895
6043,6005,0.759720384749377,0.6722718106405867,0.5908266983470652,0.5414955725414423,0.519111125578348,0.5211574645492558
6045,6005,0.7721837219219813,0.7059396495718285,0.6378812798705279,0.5869157240411187,0.5546632464766221,0.532014838331515
6047,6005,0.7095897973802959,0.6526654666373903,0.5939052860165775,0.5454178659579679,0.5124317883275852,0.48731227450917447
6049,6005,0.7133230237369088,0.6457857188262804,0.5723208525762675,0.5199959491223419,0.4948275870836091,0.4920496620389439
6051,6005,0.5328349258896315,0.5188440961081224,0.5160525551232688,0.521395543787603,0.4833890235003443,0.4466930887618607
6053,6005,0.5387048054715405,0.43434478287758316,0.3352821363738981,0.2798940615984086,0.2657771385688543,0.27239729082682107
6055,6005,0.875645400909375,0.8138137363003157,0.7704855517863248,0.7429546155026888,0.7279735149980625,0.7124279963601627
6057,6005,0.9358655710191628,0.8934423102242354,0.8516280190933546,0.8154006741940667,0.7835027280136252,0.7540657544312899
6059,6005,0.8851384772966242,0.8501783991360415,0.8196923359311373,0.7919570565865557,0.766880931289418,0.7354469228173075
6061,6005,0.9390142277374586,0.9000957501508425,0.8635656589979585,0.8320796351573199,0.8044452520977668,0.7763131580711998
6063,6005,0.722790574815654,0.6435738504419766,0.5526438721163724,0.4835320950811452,0.44976456745493104,0.44569015192868233
6065,6005,0.8594379004680393,0.8307946145203043,0.8132768014652065,0.802815881727658,0.79644142742267,0.7827878038730394
6067,6005,0.9433176667123756,0.9098661545522211,0.8799009853002364,0.8548443403046643,0.8336574295309935,0.80801993813413
6069,6005,0.6913199170147936,0.6365318657973286,0.5777261203178845,0.5252994990318715,0.4839100049276959,0.456593342187576
6071,6005,0.9263494450788992,0.9042804711494656,0.885198286638775,0.8672436066589704,0.8493153610766568,0.8231525627403781
6073,6005,0.9058362386913874,0.8717188083931214,0.8446636052547984,0.8209912846801354,0.8003451234696805,0.7743794040637565
6075,6005,0.7786345747188516,0.744853573532331,0.7111956793724753,0.6811182348759536,0.6532836025503007,0.6151200074729861
6077,6005,0.8731510174450802,0.8250646803080663,0.7813850280363359,0.7443180595657072,0.7178599877169615,0.6923791165590907
6079,6005,0.9002116216147726,0.8509778810037516,0.8136597540967974,0.7882060877072508,0.7708160194387658,0.7491084474063823
6081,6005,0.8228823220174725,0.7876736319666904,0.753620868963107,0.7224365921637069,0.6930029863776275,0.6564100245976983
6083,6005,0.8957116076961401,0.8310916367294168,0.7761074424515157,0.7453282115677373,0.7350980433617902,0.7282434377979292
6085,6005,0.7742060250811043,0.7403703836861792,0.7081346450439626,0.677873664963399,0.6507932722742799,0.6188465972377427
6087,6005,0.833893524755724,0.754225706991744,0.6756400477617261,0.6196347736467142,0.5953783353781502,0.5871684828462114
6089,6005,0.8964336011216876,0.8492628842367139,0.8025009038546076,0.765998066682958,0.7418813845005342,0.7231834606734379
6091,6005,0.6796286788703223,0.610350080669514,0.5281071937420527,0.45643335033200827,0.4153738721691646,0.40161893410659694
6093,6005,0.7462832575800001,0.6813419946892189,0.6148280031227012,0.574236050225511,0.5573611684847564,0.5549073952248589
6095,6005,0.9383000174716438,0.9037101725579234,0.87242621307393,0.8464270532004093,0.8266711549885906,0.8034777581383443
6097,6005,0.9230196707164675,0.8770508201132632,0.8369793946340723,0.8042764122308182,0.778536227820797,0.7497665992733582
6099,6005,0.7697888211599161,0.735103921714223,0.6987047697806333,0.6595571090451285,0.621873134163594,0.5889925252785325
6101,6005,0.6844401251171447,0.6342999081886553,0.5789019345801978,0.5241424043354628,0.4793983175296714,0.4481655169703565
6103,6005,0.8719713411675133,0.8296792736288451,0.7863274858411158,0.7551057088937847,0.7325290083507848,0.7086240729300515
6105,6005,0.6309829255157146,0.5607670934553127,0.4858096328640774,0.42917772913057384,0.3990779795427093,0.3880569769949119
6107,6005,0.6112251854693836,0.5586800542289608,0.5028619572177772,0.4698504379568062,0.4565533707320169,0.45574889699539056
6109,6005,0.9086334514399642,0.8540220420629587,0.8016769497210681,0.7586188632340249,0.7305223234721328,0.7112917838857212
6111,6005,0.8376692308450074,0.7970084629785752,0.7728458622291623,0.7666990343213984,0.7709467445105669,0.7658055883356452
6113,6005,0.8986934410760903,0.8371529604466317,0.7792001201000409,0.7403461457239074,0.7180960097242994,0.7025692986318468
6115,6005,0.7805542376607634,0.7361114691162388,0.6883551199428969,0.648671799839544,0.6214296147802352,0.5979316256765308
32001,6005,0.8266731054293479,0.7872686787360357,0.7541886058416023,0.728562845742979,0.7188344106492385,0.7161181794722905
32003,6005,0.7879440660510223,0.7412354120297173,0.7082022926773403,0.6753292327420355,0.6494913130215505,0.619873353348611
32005,6005,0.8917655952344562,0.8405018860042622,0.8025477642748586,0.7696526613619348,0.7447959931860292,0.7250940986506877
32007,6005,0.7574565778942289,0.6758246796509526,0.6248323598500153,0.584274993486014,0.5607056050262886,0.5437272563552726
32009,6005,0.3697922115645414,0.3636325303426654,0.3573863368271888,0.34344081807592497,0.3277754681110081,0.30322615121357316
32011,6005,0.5788779800932157,0.5531641616025431,0.5273191325869211,0.4971551159783482,0.487283481468826,0.4793462966215712
32013,6005,0.7332044133064136,0.6841011138493388,0.6443897524812023,0.6106447576144629,0.5930666630668717,0.5759556574701356
32015,6005,0.5257765471927156,0.5067013286903393,0.48826193477257773,0.47288018022514483,0.46872927994555247,0.467830809497515
32017,6005,0.6746157365420913,0.6610739717429559,0.6540683451130435,0.6470679645100358,0.6484206673841222,0.6482763139072283
32019,6005,0.8962813700286087,0.8509571628657792,0.8123452058673604,0.7792262477537398,0.7611016655567165,0.7484754148470463
32021,6005,0.7545324180914644,0.7442649092010577,0.7375387086251591,0.7308717151497212,0.7307179946469231,0.7303435177271307
32023,6005,0.8011687362625219,0.772779737318329,0.7538682329055365,0.734442642411978,0.7202649372523817,0.7048179494342555
32027,6005,0.8355767952640214,0.8027211652548665,0.7738920756055279,0.7438210049695594,0.7218745231029497,0.7037311981697428
32029,6005,0.8362889144002715,0.8010114994949338,0.7750028302835741,0.7528018902134361,0.7413644181697905,0.7356050217952449
32031,6005,0.8936432966272985,0.8458837996264387,0.8089034040030904,0.7754759778956425,0.7531930111745171,0.7342074149029111
32033,6005,0.6534083759186455,0.6291472916330523,0.6034881576271824,0.5831998435607259,0.5704198185921292,0.5601060531486924
32510,6005,0.9007582435688837,0.8515689693951926,0.8103915397679439,0.7751119821402802,0.7558533348616906,0.7418521245665008
4001,6007,0.7323412320996354,0.7015133513429752,0.6989808183353212,0.723037550660873,0.7527911703623963,0.7482292900460233
4003,6007,0.7816706685343207,0.7487081329339145,0.7242920428542504,0.7142547713257809,0.7251284352479909,0.7385633335363706
4005,6007,0.7741979902175531,0.7005037584240261,0.6598589339806759,0.65707140840804,0.6772142370576988,0.6813118867970048
4007,6007,0.85902836042559,0.8186844674758484,0.7874613404025326,0.7688884791217528,0.7730849335098656,0.7768504049744176
4009,6007,0.7830777152184356,0.7546689114029443,0.7300978433462119,0.7165864446053106,0.7139636243100244,0.7066387150732268
4011,6007,0.7287368849097736,0.718104749949203,0.7015583702552181,0.682067734635223,0.6690075108647999,0.6558290012685615
4012,6007,0.6819725053393283,0.6507838383678752,0.6299351594219074,0.6287480723978343,0.6494458011482774,0.6675746809641419
4013,6007,0.7129432252636119,0.6798202056606456,0.6528528177635925,0.6277746914391477,0.616220033808662,0.6005356693088618
4015,6007,0.8013399647792732,0.7497977181677635,0.7151457626210362,0.6949309103783998,0.6933232261789608,0.6974282130063546
4017,6007,0.7755355001633852,0.7294889492512618,0.7031240873436503,0.7005103948612911,0.7152860401169657,0.7132332879971401
4019,6007,0.6034469818551704,0.5678440559548504,0.5437600198694233,0.5240869027937903,0.5172457296091794,0.5029237236506882
4021,6007,0.7539662756002431,0.7125776542413859,0.6774692565707261,0.6528227654357982,0.6463189265729816,0.6312280606774828
4023,6007,0.4674253158111761,0.4957557328053728,0.5305516874047446,0.5656537524702423,0.6057851266948698,0.6323313032709762
4025,6007,0.7746017369055109,0.7226658363062367,0.6836781393556015,0.6556450284632694,0.6484054758340714,0.6433852835944803
4027,6007,0.4677823809621324,0.5297350688946936,0.585057989649559,0.6154048260565232,0.6110253668273539,0.5745717937381422
6001,6007,0.8061076497144763,0.7747618753597333,0.7446781216944226,0.71599724299175,0.6944617096018475,0.6693101489092996
6003,6007,0.48403584337478556,0.5465728324657729,0.6093790136234912,0.6368432416426235,0.5903379691738052,0.5058947879706996
6005,6007,0.8907037245993322,0.834357218245374,0.7851241499211844,0.75199154780436,0.7393638242596237,0.7379023769553691
6009,6007,0.9364928427156523,0.8853383428713067,0.8394088997359455,0.8100370484814048,0.7960054459441742,0.7915277954519234
6011,6007,0.48010945127214627,0.35168893158038134,0.2548211653247811,0.24182707741495624,0.27971266644468873,0.32643374822155896
6013,6007,0.8144068780854221,0.7808115579649557,0.7504699889184766,0.7235972589120295,0.7055338870588493,0.6848776560170821
6015,6007,0.8767474637436794,0.8225072052088195,0.7804431725740272,0.7671818764884905,0.7615945531275695,0.7551588624835347
6017,6007,0.9030976285189455,0.852566302090739,0.807753271839903,0.7761557139704571,0.7539675127851271,0.7403925119925183
6019,6007,0.8350072362113167,0.7673957196601299,0.7147567783523541,0.6848558858119557,0.6663297692323105,0.6656581685646136
6021,6007,0.8280956256066972,0.7576378152313801,0.6961829073921403,0.6786548235589761,0.6828683198651201,0.675829357806991
6023,6007,0.9082080774435057,0.8351369797547005,0.7721972777433873,0.7331393084627978,0.7176282314354768,0.7085558368490085
6025,6007,0.6337293238814407,0.6494074730300192,0.6713369992462744,0.6859872089465201,0.7075029961554817,0.7148061782959525
6027,6007,0.8700410485794873,0.8106169069510528,0.7671840263834899,0.7416291119123343,0.7367034081712558,0.7344641299391683
6029,6007,0.850862050526924,0.7892600518777412,0.7331013977413895,0.7008476394171012,0.6862822965951685,0.6826606387979942
6031,6007,0.8082231161084142,0.7260769732598262,0.6578166963603407,0.6193488370859744,0.6126909972739234,0.6273210372718815
6033,6007,0.9020880971431684,0.8402485956908259,0.7935596751095961,0.7611925259863833,0.7431315084401826,0.7335509667611395
6035,6007,0.8350153678140863,0.7456211313121173,0.655089423145798,0.6027788613913615,0.5986915926822002,0.6179089137103062
6037,6007,0.858378010485235,0.8283677904175001,0.8023589569603742,0.776029949301078,0.7487339491109976,0.7344747019851506
6039,6007,0.8297902368154788,0.7682105201617698,0.7234633750554648,0.7059133252826121,0.6841851782042695,0.6630106072363628
6041,6007,0.7632648261347289,0.7250081223073622,0.6892603401828117,0.6572189960540645,0.634750534145861,0.6104847417939244
6043,6007,0.7257747511442066,0.6231939671156909,0.5361186836033754,0.5020444722574584,0.5095233868662906,0.5456663875064772
6045,6007,0.8723718914427152,0.7895153180217865,0.7152977209226411,0.6745291421257129,0.6654085632964847,0.666483530674957
6047,6007,0.824110609889063,0.7380516374602158,0.6701569460556588,0.6339769810675627,0.6223303701878744,0.6171446998503923
6049,6007,0.7781883469875436,0.685539982248134,0.5955985111164672,0.5496164768790015,0.5511854435012052,0.5824790929977026
6051,6007,0.6105032730771572,0.6144827285329503,0.6380072111353619,0.6506812239619433,0.5978255074606865,0.5366696980547019
6053,6007,0.5980568211488729,0.46334583834000936,0.34652154708395555,0.3076553148232435,0.3407592460469535,0.39435943723718136
6055,6007,0.8403413908154689,0.7717071040409901,0.7269810581387147,0.7163252948790246,0.7203561772734831,0.7137235744507093
6057,6007,0.9249392755982879,0.8754047208555988,0.8315919303655724,0.7972568100353662,0.7730440841118023,0.7570189298262268
6059,6007,0.8087161941275524,0.7765359073408665,0.7484643566321812,0.7213784999934305,0.6992197443996018,0.6743791484187832
6061,6007,0.90434725347992,0.8630847868567917,0.826372065060954,0.7963125817615775,0.7744832897951481,0.7572402510866068
6063,6007,0.7221729318417677,0.6172882353428033,0.5111480696259487,0.44872625637902624,0.44523168558183235,0.48223392002555315
6065,6007,0.9045432015887436,0.8774580402318938,0.8591488074495133,0.8474442257168985,0.8437270814024782,0.8349776349611402
6067,6007,0.8766650354392983,0.8410535971806853,0.8114451055891885,0.7880398429353069,0.7729633737622218,0.7576209258975268
6069,6007,0.8260128024984851,0.7558030366344572,0.6926963302428906,0.6488243606180004,0.6229926574546821,0.6132856488423065
6071,6007,0.9027318628800979,0.880108838262537,0.8612061365687211,0.8433025922552785,0.827937369097319,0.8079213010316597
6073,6007,0.8466766590107891,0.8144421961004555,0.7890013206092559,0.7655015973843634,0.747790620826048,0.7281597391205986
6075,6007,0.7914152902912974,0.7590619253727349,0.7252159110141674,0.6935233996310899,0.6691129427349877,0.6385972305635628
6077,6007,0.9299764421400335,0.8666770209242923,0.8239285117271611,0.7985586163706238,0.787335598183979,0.7741056293703025
6079,6007,0.89690233056409,0.8442428923334462,0.8054587404249756,0.7852297896926951,0.7789036163374053,0.7683062543416943
6081,6007,0.7471165616674557,0.7127607125219432,0.6790410574128999,0.6468141262620588,0.6208224892316985,0.5920599015674052
6083,6007,0.863165155896562,0.7922369599432569,0.7343563679515295,0.710623808706306,0.7189471550430635,0.7327441346994351
6085,6007,0.7421727557968822,0.7098122260730378,0.6789949511174111,0.648841799013669,0.6251783859501416,0.6004417143542308
6087,6007,0.8264587639972326,0.7267331501018776,0.6374039466607432,0.5904580268982441,0.5954698126331799,0.6201462111684607
6089,6007,0.9378256247067647,0.8769562003774352,0.8220023488538372,0.7879792389023977,0.7777443962015975,0.7791860733997213
6091,6007,0.7215648910077213,0.6265561044908621,0.5260093190380197,0.456105112583209,0.4413461851477993,0.46256074482402504
6093,6007,0.838915535034207,0.7527219838842664,0.6726534834753776,0.6408103942627342,0.6529497431122363,0.6803716298716016
6095,6007,0.8754528087683998,0.8374792875239236,0.8044662273556432,0.779696784654402,0.767997128720144,0.758114996277524
6097,6007,0.8556825374699033,0.8053376742134534,0.7618829107644782,0.7307441133262401,0.7128360368545319,0.6962916242007751
6099,6007,0.8961670534236693,0.8456465867582517,0.8099497277150671,0.7790812405346826,0.7486864663955578,0.7246803547091704
6101,6007,0.8064312844555266,0.736441506871658,0.6820935485392966,0.6390562667317274,0.6108747746786614,0.5934807000208889
6103,6007,0.9410792849232742,0.8782891968163202,0.8218248691085271,0.7933633193273577,0.7846940211177164,0.7782754459711589
6105,6007,0.7574440592055949,0.6662716067714944,0.580558862344579,0.5320730525415277,0.5287707074997595,0.5503935944455578
6107,6007,0.7580728161216512,0.6881113928899275,0.6301689546330099,0.6102136431355278,0.613776938991342,0.63323063203631
6109,6007,0.9258642911997939,0.8620799533137052,0.805408316994048,0.7648321361735642,0.7498427047694669,0.7524865068874874
6111,6007,0.8671393258772866,0.8309780520211613,0.8073122381627896,0.8062025306874635,0.8208685427382483,0.8221510529637263
6113,6007,0.850909357355181,0.7723181692199063,0.7109555673405606,0.6850999703282813,0.6837328011457259,0.6883830716525655
6115,6007,0.9051046176299087,0.8413819557187099,0.7852650194567516,0.7495534468707529,0.738045555900506,0.7364342718055367
32001,6007,0.8276447509715681,0.7795087379995891,0.742261455669796,0.7214889156681267,0.7271023734848873,0.7442124107856779
32003,6007,0.6490955429866045,0.6047002748967509,0.5743928515959407,0.5417987993867152,0.5199504757111667,0.4960902737522912
32005,6007,0.7994135616128902,0.744608680331407,0.7073541488651053,0.6799028804555747,0.6657749037044649,0.6567098892449567
32007,6007,0.7996182417695259,0.7004171861584418,0.6380287238134659,0.5973951570889499,0.5898458802915485,0.5977822247687883
32009,6007,0.5047510441886238,0.49433721397744324,0.4907808266026089,0.47909328833929476,0.46303496289724677,0.4510236052809277
32011,6007,0.6694498324736616,0.628444658312314,0.5923260692237511,0.5647983060097813,0.5639084991931171,0.5765518646567741
32013,6007,0.7304369673711725,0.6656041561357222,0.616266313188152,0.581552196777385,0.5768741866025248,0.5798586961541021
32015,6007,0.678842964893669,0.6485511180091992,0.6252410829764979,0.6125350617132784,0.6199343771967569,0.6357010614956784
32017,6007,0.7768443757619178,0.7558278221636157,0.7497990967947821,0.7496240414556948,0.7604011226041449,0.7695173767783912
32019,6007,0.8277370130638874,0.7738664679206966,0.7310029417993149,0.7014931416364166,0.6971154973599603,0.7035035883132771
32021,6007,0.6634034724097354,0.649579271267894,0.6417255281462211,0.6391740711765934,0.6456799571675377,0.6566480210167668
32023,6007,0.617199707253014,0.5863876671042623,0.5672137212391997,0.5497413996763375,0.5406375603071601,0.5321030163517986
32027,6007,0.7278723071965749,0.682614351609737,0.6513107247185157,0.6266431691969054,0.6195200780447431,0.616391852291841
32029,6007,0.6667691143653166,0.6264092955269691,0.5995992278575104,0.5801432852930891,0.5774951787717867,0.5844634221611473
32031,6007,0.7839666888637001,0.7312626049519082,0.6909676555787603,0.6574143475242922,0.6424952317188543,0.6361523387317941
32033,6007,0.7984558295672302,0.763133311107727,0.7312250131887654,0.7124895393266588,0.708938962237826,0.7117112198025737
32510,6007,0.8690283909824504,0.8113070454336888,0.7649987458767696,0.7308321850702828,0.7215035862137577,0.7233112459699749
4001,6009,0.7458905938495575,0.7411824970507478,0.7463458824030574,0.7636541636849014,0.7840558193824666,0.7736035705451138
4003,6009,0.7950214547172063,0.7746103871459183,0.7556309287732489,0.747135728943567,0.7500880494331879,0.7521114612928466
4005,6009,0.7558643798872271,0.711963700070905,0.6835905287129784,0.6772601441474582,0.6823214515094237,0.6739536103394248
4007,6009,0.8631316456866925,0.8362125765702353,0.8111547277408903,0.7938588443930827,0.7923117087647679,0.7870242740886038
4009,6009,0.8259489320333001,0.8090529953704989,0.7890806162589546,0.7778120043989674,0.7710437237261802,0.7577179253997471
4011,6009,0.7600299276881508,0.75386635004595,0.7409259439087825,0.7269279170693762,0.7141803333282832,0.697233145350824
4012,6009,0.7210015543269676,0.696736955810667,0.6796185879633809,0.67608587933938,0.6862611555342715,0.6926881690147894
4013,6009,0.6513076365059692,0.6269689767835832,0.6070217735646095,0.5896813041102514,0.5792812569414515,0.5628365135421649
4015,6009,0.77395278880822,0.7342431177895896,0.7061487729752561,0.6883925827427484,0.6839118253212761,0.6803111774444955
4017,6009,0.815967782135697,0.7943273754953064,0.7759854387412528,0.7709233893064531,0.775549966631277,0.7621023195769818
4019,6009,0.536434200241001,0.5121669320563788,0.49550658139172754,0.48330560490319496,0.47810092650325037,0.4645430035650769
4021,6009,0.7204082469872909,0.6905316507130038,0.6643085828285241,0.646159637061194,0.6372593356980117,0.6182630182968315
4023,6009,0.5046792338292156,0.5234031241155657,0.5560259195518648,0.5988611004906904,0.6479998046321621,0.6785530215912858
4025,6009,0.7427021620352531,0.7047110156538436,0.6741808969869331,0.6515398968164565,0.6407175688867701,0.6298804860261228
4027,6009,0.4878182443986661,0.548157833853834,0.608928008663883,0.6490780143512325,0.6610284088636835,0.6441188098672403
6001,6009,0.7699952278011792,0.748727093719311,0.7276826765773883,0.707034857207723,0.6889202762672492,0.6641009464435674
6003,6009,0.4747011790620904,0.5251346906659076,0.5838325757945361,0.6226206710870001,0.5992502473244936,0.547425883153401
6005,6009,0.8773980796068044,0.8377711312910512,0.7981516737466626,0.7669292700292001,0.7480140807252131,0.736459676399986
6007,6009,0.9439069823361058,0.9044582043635064,0.8671155134064742,0.840201947868893,0.8207983597710575,0.7950618972740354
6011,6009,0.5251568820390425,0.4273750766450237,0.3391589823762649,0.3013229651775788,0.29641672263335495,0.31385835449922683
6013,6009,0.7749193354722411,0.7520926964537055,0.7305172112569381,0.7107681533565783,0.6946889259097833,0.6728877618061216
6015,6009,0.8804918566532988,0.8450691782301296,0.809378398815096,0.7874123195077892,0.7718716734322063,0.7623762086845436
6017,6009,0.8914140958090291,0.8543421466049058,0.817656894735533,0.7889985271158454,0.7648450636489493,0.7462097931053615
6019,6009,0.8723840345187662,0.8232474007804687,0.7726866619340477,0.7345389343872383,0.7092693035791782,0.6979887270191029
6021,6009,0.8534478865926586,0.8128789000970971,0.7701882536738962,0.7472592122679608,0.7306215414999497,0.7071908586542501
6023,6009,0.9077808599344205,0.8562075793150589,0.8048787954369843,0.7659135919496144,0.7405619950381378,0.7197459201799701
6025,6009,0.6286943696777647,0.6463662203543187,0.672458693338016,0.6968552580737906,0.7279920416271701,0.7456230360668172
6027,6009,0.8804234958422845,0.8361671715700449,0.7973526500767338,0.769523985056093,0.7537302358764317,0.7426470746794597
6029,6009,0.8678060069992574,0.8249670889304579,0.7751048324316321,0.7410964972815033,0.7207063610492535,0.707044523722102
6031,6009,0.8425784178245297,0.7833530726733089,0.7238050080675417,0.6816650067598502,0.6604518538011357,0.6531298915898623
6033,6009,0.94012286532916,0.8950227957484058,0.8492335555880854,0.8126268031257358,0.7863292628103977,0.7664690739207716
6035,6009,0.8622450288328208,0.800618250890596,0.7284079844004535,0.6746369477370846,0.6484752712625697,0.6416477073261554
6037,6009,0.81755365672668,0.7983997527303544,0.7799526360340062,0.7602933520690941,0.7381845902846305,0.7232751949944742
6039,6009,0.8476874593007548,0.8101654502609161,0.7699584565997634,0.7375090604602209,0.7090647915848632,0.6878535309532331
6041,6009,0.7231703172345972,0.6960016765930832,0.6698959057883471,0.646060602058917,0.6260625521878188,0.6008556645170513
6043,6009,0.7423013007994066,0.6646489295547765,0.5891269677985428,0.5452639406718587,0.5295943636586897,0.5404131970320849
6045,6009,0.8795070941822535,0.8185885244476101,0.7543052128544815,0.7088480034362964,0.6826653147204669,0.6676829806025774
6047,6009,0.863075768396067,0.8063380133070144,0.7483161289165154,0.7031070070015003,0.6733786908655368,0.651773035025992
6049,6009,0.808449002465985,0.7428928058950371,0.6697756349066812,0.6195720760878041,0.5966443583022193,0.5977895786500804
6051,6009,0.615520910182312,0.6143576929866376,0.6256348929944906,0.6354218020499584,0.6015578448248169,0.5660947785477444
6053,6009,0.6256981074979998,0.5245362353033141,0.42703761332218493,0.3745808008758432,0.36518985108770047,0.37896207584778324
6055,6009,0.8170875169228626,0.7678155666701545,0.7319166906176525,0.7125049114902678,0.7060105167482927,0.6992180676487533
6057,6009,0.9211453474338323,0.8873546784293804,0.8521200535415612,0.8210734438995576,0.7948058519276173,0.7725570847650678
6059,6009,0.7542897180664186,0.7319016812595909,0.7119313221736294,0.6929498427459936,0.6755955905758544,0.6524081236756538
6061,6009,0.8876875413307287,0.8577771672522986,0.8281335374848665,0.8023081543255085,0.7800943069306576,0.7587729022043529
6063,6009,0.7435716686225979,0.6661901427060613,0.5764586506318092,0.5101340563144088,0.4806294137519417,0.48348321534079497
6065,6009,0.8836109942688081,0.865023709971419,0.8537865388507067,0.8475194591550995,0.8458504024886313,0.8369905987737858
6067,6009,0.85017060042282,0.8260187475540257,0.8036102319081383,0.7855796980545783,0.771050197902909,0.7529728794436179
6069,6009,0.848323618757522,0.7931895027314615,0.7348858478422436,0.6849120199563717,0.6467598832916972,0.6228278093650226
6071,6009,0.8798287075331265,0.8657034600334962,0.8529202102749347,0.840696111351211,0.8278065547586299,0.8073732275903167
6073,6009,0.8002609365630223,0.7781996991370774,0.7602902764151083,0.7442833853907487,0.7303960904276646,0.7114498619701455
6075,6009,0.7620684551867727,0.739367849388971,0.7149490768209893,0.6913817346223876,0.670005244477216,0.6397878280263614
6077,6009,0.9433827093416617,0.8984783749468785,0.8583752622394808,0.8281214074669566,0.8079586021038352,0.7872085228997333
6079,6009,0.8736719820531291,0.8360429902971019,0.8072810462211798,0.789355362081157,0.7781952309745762,0.7645129851020166
6081,6009,0.7101011146032696,0.6856496613934712,0.6604482106867001,0.635846937349213,0.6130319775919152,0.5838285659067711
6083,6009,0.8395475004253439,0.7868256681355383,0.7407396078490533,0.7174415682202,0.7128595032365705,0.713466522812415
6085,6009,0.7153350043392109,0.6899075601827617,0.6643920308894058,0.639461653744268,0.6171525134643765,0.590592654120873
6087,6009,0.8274693922125023,0.7547768266711267,0.6802342746946398,0.6290316434751634,0.6109303297170323,0.6106921114167285
6089,6009,0.9537891449864545,0.9107212994278414,0.8667237225833008,0.8336455416973849,0.8130424448281603,0.7998095732737336
6091,6009,0.7474144379136848,0.6800591905425581,0.5959073827273608,0.524090457835813,0.4863830025928869,0.47878390046156133
6093,6009,0.8667442548691717,0.8049889167546936,0.7396392997592176,0.701352932720573,0.6884038489728855,0.692111192735049
6095,6009,0.8563105554136348,0.8317180648668381,0.8083209833787024,0.7895937686220927,0.7764289222758904,0.7616220244007414
6097,6009,0.8220054672468522,0.7871172341970859,0.7548715418095058,0.7284104737012596,0.7085971016480949,0.687422932234383
6099,6009,0.9287740680391148,0.8946234828565945,0.8593078211515092,0.8240210503135988,0.7901060636083314,0.7595412795305334
6101,6009,0.851729605629343,0.8016148803286928,0.746379270951515,0.6953122152808832,0.654383753405936,0.6271577580245801
6103,6009,0.9368744062620987,0.8981083082426226,0.856913368265682,0.8275587351748046,0.8079646562777302,0.7897462466953098
6105,6009,0.8145994775751111,0.7449501736486095,0.6690607093818224,0.6134588394766982,0.587627066248675,0.5830850189034551
6107,6009,0.7869561726297628,0.7372749225975559,0.6835127993923389,0.6560231654483277,0.6478310064989576,0.6509389511703203
6109,6009,0.934045765936369,0.8886149581540608,0.8424891366991074,0.8056171614194615,0.7836438302740681,0.7724497611832396
6111,6009,0.8430230505522133,0.8150289002824886,0.7996499983972796,0.8010830946969385,0.8114228423364946,0.8140238082380186
6113,6009,0.8420129725597526,0.7843947961974526,0.7305978781452362,0.6975393374489783,0.6815820842146625,0.6730313237131487
6115,6009,0.9415719484917574,0.898575227113803,0.8510605408690378,0.8144030820091227,0.7907261109735205,0.772195972629296
32001,6009,0.8364857766882587,0.8044045663021139,0.776288158329395,0.7582130146354302,0.7558639761140474,0.7600119754555689
32003,6009,0.5819557108025698,0.5504552028526382,0.5283276183274158,0.5056327566835201,0.4892636783678086,0.46924286559996947
32005,6009,0.7903744500894623,0.749466344982137,0.7181068301078757,0.6931595551963854,0.6757344144193251,0.6629499534876752
32007,6009,0.7940880885729669,0.7257290150774376,0.6784015186431208,0.6441055225921144,0.6271976990959242,0.618045456767543
32009,6009,0.5394290277255228,0.5376645751968963,0.5430321409351413,0.5384447699113357,0.5281197695632531,0.5129032127081437
32011,6009,0.7164965709106975,0.6893933512721606,0.6645246273138129,0.6389776609661415,0.6299280552731528,0.6256749364137656
32013,6009,0.719870935326724,0.6781283616178265,0.6430861152316599,0.6154062936272224,0.6030861803110713,0.5928456614956344
32015,6009,0.7220711627203538,0.7073924977237774,0.6911868186575298,0.6796510827680091,0.6778319509143088,0.6805670363857378
32017,6009,0.8203158743636803,0.8095437282261823,0.8027409259098168,0.7999822090779258,0.8041665849569841,0.8066951112563098
32019,6009,0.8351153764780476,0.797310284670336,0.7642393270718555,0.7373670089061972,0.7254138186016256,0.7198842957724957
32021,6009,0.6701532239051053,0.6677046120431458,0.6672605759993299,0.6692759666427358,0.6763275708257427,0.6827207420585389
32023,6009,0.5847451060004472,0.5652635655294567,0.5531098828801216,0.5421099746199782,0.5349462874318932,0.5270296582064475
32027,6009,0.7333479299630138,0.7042896419854492,0.6777697122229573,0.6532921200699611,0.6368346753957662,0.6237171165958032
32029,6009,0.646219756938742,0.6206509899586764,0.602344908729605,0.5883861271163713,0.5841050810979697,0.5844647706415056
32031,6009,0.7526320577557013,0.7152128220883949,0.6850807804349716,0.6584933028148428,0.6425564877591278,0.6304711643553201
32033,6009,0.8011047135829428,0.7775257504619039,0.7497418778808169,0.7308155592365251,0.7200045349354762,0.7116351659182523
32510,6009,0.8518831994030657,0.8101342289270789,0.7736656723135636,0.7440939654290404,0.7297015302233631,0.7212972698746
4001,6011,0.44216334457401935,0.4246447450148114,0.46054346897401405,0.52721705059796,0.5711746009916587,0.5597690388868731
4003,6011,0.5679837892299725,0.537082225580075,0.4939557391819103,0.4575779994647662,0.4313472926727582,0.41159958573979566
4005,6011,0.5535953075302498,0.4790602964587929,0.42455620052765936,0.4002145735101744,0.38803883474076967,0.36530144354955124
4007,6011,0.5479615299693107,0.49733929466504867,0.4424883046592449,0.3958677003067304,0.36510223983567686,0.3472220035102823
4009,6011,0.4323372498162486,0.4177705824462706,0.40605328729718515,0.4056818509788059,0.40174909835376404,0.39394618848355234
4011,6011,0.3580014736563302,0.35835423061855814,0.35453016256824904,0.3465234505220538,0.3390078145792762,0.33086809884298163
4012,6011,0.47946082747680707,0.42212925296661996,0.3664222940273056,0.3414664018157157,0.34929774394437574,0.36651195776719847
4013,6011,0.24618457984463968,0.23943326540310886,0.2378590370614961,0.2395147337363681,0.245349489975807,0.24280956297242323
4015,6011,0.4532059165752234,0.40979669860128853,0.35464880120117,0.30957148717029886,0.28347471400305346,0.27260314268865316
4017,6011,0.5388539056849789,0.5023335045678846,0.48797328528067185,0.49149932808135377,0.4862131549893009,0.4574127371789534
4019,6011,0.1644484835721679,0.15483763955548982,0.1587217395339691,0.1714247639373098,0.18435376356311212,0.18645756120672163
4021,6011,0.28710914244076446,0.27100344303832674,0.2624753787514411,0.26473877945785224,0.27715694140690095,0.27812742678720725
4023,6011,0.05703972157558154,0.058537427267771606,0.14639928434665075,0.29742457130441263,0.4805155444477319,0.6496744798789046
4025,6011,0.37921868230648376,0.342267068139002,0.2966707631432998,0.2586499083571889,0.23399094729380873,0.2165577707045138
4027,6011,-0.012504076295191882,0.16770602027411594,0.39232443611450657,0.6243259537432713,0.7861406991085766,0.8164305425732282
6001,6011,0.2874263984338117,0.30082817172113147,0.3079310488764004,0.3131078687701872,0.3098934852104108,0.2924726705168531
6003,6011,-0.12746641663597263,0.07018048223922345,0.3251526834546879,0.535389165603889,0.6374120594376077,0.6472773771549419
6005,6011,0.5448184076420522,0.4997181823477047,0.4158710864276577,0.3324106877136909,0.2563223307509496,0.2030932276096077
6007,6011,0.619139671832151,0.5788870248354469,0.5157981678667628,0.44797614899808635,0.3738016929905873,0.3006705507108177
6009,6011,0.6144702093768251,0.5744097474898746,0.4972070639576923,0.4168081135599811,0.34019664878513717,0.2846364164146003
6013,6011,0.31646396605461796,0.32039074997983435,0.3161696784354083,0.3105298015741574,0.29934927562494407,0.27932963113199716
6015,6011,0.625477554355295,0.5608949033568812,0.46905427685481815,0.3906734991675431,0.3147787938359964,0.2563271202147564
6017,6011,0.5085069444575673,0.4878364944648488,0.43336654562542143,0.36914478228047987,0.30001450245997613,0.24535057003284652
6019,6011,0.7331855482260896,0.6376991641572946,0.5002244808669101,0.3504963461288527,0.20063966996757968,0.10982546011832929
6021,6011,0.6689989096626188,0.6181641584895777,0.5327737942116727,0.4600207969000847,0.38484279989328096,0.2966810512681444
6023,6011,0.6095003636917358,0.5534306809887722,0.45904815969301144,0.3667268263884414,0.2813375761851407,0.21172073043547623
6025,6011,0.14154216407762074,0.1669424484245399,0.2509229470316975,0.39992349590572923,0.5563124201692444,0.6664669143548628
6027,6011,0.6105690585476033,0.5501626016070256,0.468386918712313,0.3909642528505248,0.3271310210978228,0.2851939289601927
6029,6011,0.7107606254706337,0.6279739927297769,0.5133813125942029,0.38610579048537175,0.2554427669290283,0.1782920601491625
6031,6011,0.7917984845604352,0.679399520653118,0.5032324652685851,0.3114575619024827,0.14474691352704783,0.054580347650344994
6033,6011,0.6203952226541027,0.5502482105658841,0.4534035262272879,0.3508951550806496,0.247158649309183,0.18123735855257225
6035,6011,0.8019257753207334,0.6932758244370045,0.49314728631433985,0.284278396777156,0.1126570164835724,0.002118713033608162
6037,6011,0.3673021420186159,0.37485673363096966,0.3788832481524902,0.39073083232454975,0.39085756608848754,0.37906179478266194
6039,6011,0.7198487026241771,0.6480135115148273,0.5427267936545299,0.4338745513735257,0.2884770704698859,0.15731872113520948
6041,6011,0.2685471433739383,0.2760931653667842,0.2738992878349244,0.2695177822927192,0.2588176104241428,0.23891408021841468
6043,6011,0.7593932910279863,0.5914208821598742,0.3487081710631143,0.13162795234811658,-0.030385155603590713,-0.1006975216485371
6045,6011,0.7162112844369,0.6187137429965527,0.46929614152417426,0.3277135796328297,0.20737820464028928,0.12615179940800986
6047,6011,0.8154894294723938,0.7129679484426238,0.5560058600991477,0.37749938015287177,0.20222521488687722,0.06653568697066968
6049,6011,0.8496737553831991,0.7034581940269174,0.46530917921039866,0.2302667313573628,0.04988217677946941,-0.049308166495224556
6051,6011,0.19562005077709102,0.2881205179734539,0.4084417784325269,0.4794365070551725,0.46917226429724807,0.42800053267619337
6053,6011,0.86862334229227,0.6065313372078082,0.2723352449376786,-0.01722540658030982,-0.20310998080308182,-0.272014707133902
6055,6011,0.49218359185952254,0.4025274069235438,0.31032862584120346,0.25576087523136304,0.2238715227809543,0.19123234535787553
6057,6011,0.5389045019899769,0.5241865798387199,0.4758593329731136,0.4146200792989741,0.3439388267648858,0.2816089608743895
6059,6011,0.29318285888916495,0.30556864433480047,0.3146559676020102,0.32253139079005555,0.320053855474127,0.3055151011563864
6061,6011,0.4481132787913818,0.4402961591743294,0.41162191960741357,0.3750014511353906,0.33259992684480005,0.29400382585184565
6063,6011,0.8819175187555233,0.7107458693632562,0.4248292015404103,0.13321676550627656,-0.09546543897853466,-0.21468106746727175
6065,6011,0.35276660947666116,0.3497447924862339,0.35900633441685564,0.39373464626629645,0.4357096106889954,0.46407389228966184
6067,6011,0.39804092147317194,0.39149611977045495,0.3759275132438976,0.3601598022192858,0.3400659542081782,0.31873044637847675
6069,6011,0.7217083042391077,0.6498929835941333,0.5200199828404103,0.35657331434157635,0.19593366971690865,0.07784624620990657
6071,6011,0.3718766677817389,0.387020479502897,0.4010835407856777,0.4142856548309421,0.41589135760182644,0.4024041166036814
6073,6011,0.3321027505193216,0.33996156316116277,0.3461393333866736,0.35165553407896655,0.3485436355719804,0.33631885783035403
6075,6011,0.2766265986967649,0.2936802196781685,0.302939429036468,0.31268832352186826,0.31375285101590694,0.2960930756416542
6077,6011,0.638512979366067,0.5664168440953432,0.4834367847700234,0.3933693151581983,0.3033256679298381,0.23186489253136194
6079,6011,0.4427660008984409,0.4120061627976266,0.3760091564644042,0.3550354770524071,0.34055713695483525,0.3221931578973987
6081,6011,0.24329908456465194,0.2579240537148973,0.26327276122862164,0.2620308943141434,0.24929956125677138,0.22370909816652138
6083,6011,0.5482200547412396,0.44317536927018597,0.3221918676751913,0.2320464388506432,0.18530029359959566,0.18368710398597038
6085,6011,0.25375867120066325,0.25850681760880073,0.25437628228720227,0.24544542007611772,0.2300774775418002,0.20860667482112458
6087,6011,0.7977099433995738,0.6358133204848967,0.40767613664521507,0.19244293284778433,0.03249581940533931,-0.05130788737023735
6089,6011,0.6485039836080064,0.5908827217195155,0.4888977711257004,0.3814752108754561,0.2887753541630703,0.22677396919067505
6091,6011,0.844213691432042,0.7197519342095999,0.4753851735910687,0.2076328783122526,-0.019835943300870282,-0.16649436333935774
6093,6011,0.7971212368387182,0.6477926664866439,0.4364545235901742,0.24918719836663666,0.11996469625301338,0.05848821440443529
6095,6011,0.4545097731034876,0.4425473600221769,0.40977775876133987,0.3737750793713286,0.3382824410798364,0.30599238756765273
6097,6011,0.40641351657785313,0.39189678671962036,0.3559992248428617,0.31911568925569317,0.2809904912475742,0.2406906310376333
6099,6011,0.6684904616774555,0.6415357985225723,0.5823181235656723,0.48549121269659234,0.3587076160135598,0.24610695811133734
6101,6011,0.797765528351792,0.7130324288507998,0.5767013355567353,0.3887934749498405,0.1871151726168135,0.03675197290085934
6103,6011,0.6452621918711002,0.6058137516241229,0.5212606514774045,0.43823071974179256,0.35288053540019765,0.2725116262621721
6105,6011,0.7746992032061958,0.6371803183603927,0.4221143990785856,0.20937755759813262,0.04169814328445059,-0.052077987646842364
6107,6011,0.709431107189879,0.5820933676118804,0.43401325899136184,0.3083298821726818,0.19552602775577482,0.15813379382878023
6109,6011,0.6578289783804505,0.6058330500035667,0.5019951853666448,0.38733572454467546,0.2852952802458753,0.21897649416685544
6111,6011,0.3493264159345,0.30076632740760023,0.2757546388170461,0.30500661105195087,0.3677829174087201,0.426311455332061
6113,6011,0.6064152072261987,0.4869436737911404,0.34015637129865767,0.21360386668616396,0.11234669428441486,0.057976277482461175
6115,6011,0.6956433544359362,0.6390799084059542,0.539336172602684,0.42877963963312643,0.322516016690744,0.24473247834491912
32001,6011,0.5865278961902559,0.5267680808543289,0.43358210991353335,0.3459289602557742,0.28484506124173004,0.2518473607798949
32003,6011,0.2571830453014899,0.25737533199177287,0.25844401693391633,0.24902988390383649,0.23112193844636636,0.2039884586638644
32005,6011,0.4804383074361722,0.4342680329574236,0.368068243965872,0.29623392166233325,0.2294223468547925,0.17907361433294686
32007,6011,0.6640293078906749,0.6041731684078419,0.490381303588632,0.36929478269062904,0.2576462996142657,0.17463870439898319
32009,6011,0.32117313030706623,0.34840990980143166,0.3679767146255192,0.3585311887083942,0.3329990779587,0.30290925633003996
32011,6011,0.5641608991203702,0.5202420444119236,0.43105148476293653,0.3337342050366632,0.2585332296219059,0.19338485741473413
32013,6011,0.5316809943325805,0.48785872393353324,0.4056291025555578,0.31981731525602514,0.2480297185072281,0.18872221884837603
32015,6011,0.606740638134479,0.566087222747628,0.49081945087981405,0.4129620818405409,0.35004330192876776,0.30502088223511903
32017,6011,0.5238366554318284,0.47797425008147426,0.4313705618700043,0.4047147545353101,0.3851638060903081,0.372829982444923
32019,6011,0.5444530898148165,0.48947218088425526,0.39772310248980014,0.30902774209128,0.24365730837059868,0.2008154947647502
32021,6011,0.3839565773282007,0.37043291990776905,0.3371955492343794,0.30683599695600877,0.2828717916476372,0.2626667981582703
32023,6011,0.24581175095711796,0.22932605884630217,0.20875141199072184,0.18909957431133093,0.17042756938944864,0.15329394281046235
32027,6011,0.4693294511659314,0.4169747587559792,0.33806685543157344,0.25424321421972335,0.18122802874986355,0.12120104475854789
32029,6011,0.3820412596257638,0.3361461703758384,0.27229151927926365,0.21092774203868886,0.16974896860035618,0.14673109843603493
32031,6011,0.42778677166061707,0.3982359396513544,0.3418789295502427,0.2799865688135749,0.22588949635718938,0.18406677553799403
32033,6011,0.5745749785515152,0.5396473614611366,0.4749965678366838,0.4137492910140935,0.35527704689684814,0.3081572101054388
32510,6011,0.5728213714900459,0.5222541000017169,0.43555116542380157,0.347322355547967,0.27565614816507206,0.22711723201080436
4001,6013,0.484403036866986,0.4674421685977854,0.46443243206531476,0.47292583453219483,0.487597742306702,0.4825389843749997
4003,6013,0.5419150987304847,0.5226860677749516,0.5129522183621426,0.5095177478098927,0.5168653614127162,0.5184502516488113
4005,6013,0.5965545372550484,0.5478470280120161,0.525015496053134,0.5190024433666779,0.5236789280271313,0.5134736651376746
4007,6013,0.7080113928635463,0.6864182349345855,0.6738291705370878,0.6630845253274232,0.6629501353943449,0.6532366990712438
4009,6013,0.6055870883506493,0.5842711644378988,0.562036668061257,0.5433172204940017,0.5326450341071965,0.5151004209235731
4011,6013,0.6291186223873942,0.6180027521794773,0.6004029781409174,0.5789348553098241,0.5609052301647979,0.5404283422919287
4012,6013,0.3887222488600524,0.3748773077700318,0.3663755452385863,0.36018521961844474,0.3598232249872052,0.35304675260611523
4013,6013,0.8743919767845235,0.8315821110317375,0.7953751785567963,0.7602547550905928,0.7369943331649904,0.7103660851842227
4015,6013,0.8166211548663682,0.7680798641409389,0.7421011402983929,0.7233832087107621,0.712566648779844,0.6985224992412317
4017,6013,0.4717572226210443,0.44694051346566294,0.43455846938720866,0.43370631427156225,0.4413486572211797,0.4337384994887
4019,6013,0.8393051232493045,0.794719859906107,0.7592866690106935,0.7261509216176861,0.7061554156584829,0.6810095047116772
4021,6013,0.8134706419153708,0.7694376884294466,0.7324906643155752,0.6996822938363457,0.6807082162697775,0.653367071925664
4023,6013,0.2709575416733538,0.2661397623632608,0.2578604588854427,0.24834321883910798,0.24648612852513788,0.24363012552352892
4025,6013,0.8575599807854564,0.8115349013451246,0.7802079164048159,0.7536692370813258,0.739236604836781,0.7208858361848225
4027,6013,0.23937835985737257,0.23517660670783624,0.22776076818609067,0.21065206303998638,0.1938047178240892,0.18312569875678805
6001,6013,0.94723588199023,0.8997620084720049,0.8573974251401401,0.8190154627099467,0.7901102316914559,0.7576142192821983
6003,6013,0.39909902115931023,0.3711893828872576,0.347045388383274,0.32274825116607603,0.2801300930533163,0.24069241092041135
6005,6013,0.8983713308166528,0.8582301055460219,0.8336593261040219,0.8170206662503532,0.8112136129534183,0.8024161621680561
6007,6013,0.7866811212861424,0.7450915580272068,0.7218360304526481,0.7121760023729174,0.7110017973885414,0.6972261132030686
6009,6013,0.7580066045934295,0.7276060702294866,0.7076657471493997,0.6968449570479558,0.6928235354488487,0.6846581767747679
6011,6013,0.2566836288223685,0.2331768283953622,0.23195691938376492,0.26343991252503224,0.30092456027934344,0.3144635609540001
6015,6013,0.6251979841538087,0.6005940404333494,0.5880598303780107,0.5882337615610019,0.5896017299308416,0.5818619009458201
6017,6013,0.9025668111929569,0.8548675936633281,0.8214714204678557,0.8002628276785231,0.7853330358524794,0.7692021535759923
6019,6013,0.5768064603713898,0.5494263668874084,0.5359521976533086,0.5327944274499352,0.5321199533238241,0.5246696870836278
6021,6013,0.46859501717949925,0.4335596438717265,0.4144374784278516,0.4185338566698864,0.4323227040813445,0.43154062701898915
6023,6013,0.7485891198755985,0.6999702913851924,0.665306676319049,0.6441274605535084,0.6340595630821194,0.6173433787912437
6025,6013,0.45230992713657336,0.4342607602109447,0.41443035377943727,0.3893220841426772,0.3792879867480984,0.372152573660363
6027,6013,0.6280802214005142,0.5871060536102537,0.5635697167920816,0.5518617672053097,0.5490134639334716,0.5393913154262389
6029,6013,0.6281120040933402,0.5943727198884605,0.5678578881526049,0.5548045036813187,0.5522861403709484,0.54162247757933
6031,6013,0.5505437812775416,0.5192619888243174,0.5059034495412785,0.5084351121591705,0.5199398886141018,0.5199662822899491
6033,6013,0.7367046412406383,0.701826642391359,0.6808679613768944,0.6696905911308969,0.664254024181549,0.6509385321569884
6035,6013,0.5775679687918597,0.5500289836237999,0.5359068809231989,0.5392082147986222,0.5572433720961504,0.5661414893556163
6037,6013,0.9102172843160925,0.866522529446027,0.8258862753078778,0.7812664366954163,0.739122876719479,0.7168967621702979
6039,6013,0.5291958632562865,0.506278750336891,0.4967524594764799,0.4999831114436465,0.5021117430031203,0.49416156520205734
6041,6013,0.9339162765681869,0.8798642772641497,0.8331479526969038,0.7930181792019217,0.7641572908381076,0.7321340334950089
6043,6013,0.6330164447316159,0.5881784452905422,0.5684937472415066,0.5755620033273733,0.59130429592005,0.5999389149196757
6045,6013,0.6533475531704449,0.6117850011161885,0.5834727251368096,0.5703269382532684,0.5680518188162367,0.5566619171754886
6047,6013,0.5292859037446588,0.4983089141610737,0.4849197657802133,0.48890037334887293,0.5011508327772354,0.5009199635862525
6049,6013,0.5095481592429659,0.4864570884409803,0.4779337962321948,0.4902460922586735,0.5163689232429044,0.5366831036602772
6051,6013,0.5189084580744325,0.4684123895604319,0.43527932889620413,0.41516989670261567,0.37535578867102953,0.34411351710651505
6053,6013,0.37128738118076965,0.3330898926751515,0.31588655450003167,0.33267120095458036,0.3646022563318217,0.38033376253473616
6055,6013,0.8683394149146082,0.815853987737083,0.7840555486741101,0.7669782546538605,0.7586869775917792,0.7396352771915343
6057,6013,0.8790858131297267,0.8357511525196473,0.805674603358385,0.7842919648609135,0.7699707645845549,0.7536628300696224
6059,6013,0.9444757877810147,0.8928734785302485,0.8488532275923836,0.8086492783285103,0.777406865087494,0.7442251684774371
6061,6013,0.9117985017345115,0.8686133245043889,0.8365685111940222,0.8114115152184445,0.7928396122737467,0.7723011442808684
6063,6013,0.5335208007619853,0.5092514769777836,0.49906834725323795,0.5087706449193822,0.5349983661956572,0.5554951006697296
6065,6013,0.856211363043137,0.8142362183239338,0.7811887720163635,0.7526702902395016,0.7326337925465348,0.7098636669226702
6067,6013,0.9444865305845683,0.9046806627764602,0.8741799594496921,0.8488847225187356,0.8306689352909528,0.8077645337153303
6069,6013,0.5521358820510669,0.5219505102479505,0.5062600528127339,0.5013490741196552,0.5009073443411474,0.4956318565621162
6071,6013,0.9250208145922719,0.8902800815039377,0.8620118499572118,0.8357451232146552,0.8151171547772305,0.7905211486023124
6073,6013,0.9388310757995207,0.8890517603254163,0.8504156345050705,0.8164936021869889,0.7914761967449914,0.765034572224044
6075,6013,0.8701711356337708,0.8178425923712497,0.7685622114105016,0.7242172847925249,0.6898776659717564,0.6503409229973233
6077,6013,0.7761453597564717,0.7418505445674406,0.7223397363369857,0.7101540883861901,0.7045558858930338,0.6874116644602305
6079,6013,0.8866363705933152,0.8333696742239186,0.7963653197672578,0.7710553767511688,0.7557022842089857,0.7350306559704617
6081,6013,0.923550427414111,0.8727698775957792,0.8270270747987929,0.7870497274603878,0.7555140836368963,0.7203270232320963
6083,6013,0.8586004775561337,0.808407623625809,0.774151698868125,0.7581848327082773,0.754979984121811,0.7436543335657747
6085,6013,0.8671910513820451,0.82247808624926,0.7827428148251452,0.7466526920494931,0.7178931305255394,0.6861312507645299
6087,6013,0.7112850470785501,0.6713512846772997,0.6483609133376078,0.6458656576407381,0.6595948518708744,0.6629644475526649
6089,6013,0.7765875219550166,0.7443451439662501,0.7259649504454752,0.7191145428376275,0.7207269350882832,0.7168110812696522
6091,6013,0.4991697324111693,0.4765769219581818,0.46453899340124155,0.46661786266657385,0.48308348967513254,0.4966035809425348
6093,6013,0.5728182460423568,0.5487849152572085,0.5369853532957914,0.54546723816954,0.5644114463822724,0.5739021666346292
6095,6013,0.9254638689253284,0.8872059503013419,0.8598600987719047,0.8393626443264519,0.8275576729490937,0.8104433563721766
6097,6013,0.9375059589992815,0.8858272040615667,0.8479313500743273,0.8209582918142758,0.8041226502295535,0.7832076733963629
6099,6013,0.628689328751283,0.6007983739281331,0.5880405336900264,0.5799205570631751,0.5739989198427853,0.5620042846146448
6101,6013,0.4901074278617307,0.4693215146583674,0.4640947752458555,0.4664853505119412,0.4706823271744155,0.46591221467067057
6103,6013,0.7480310760375128,0.7121799462357807,0.6898391235706095,0.6839447127466715,0.6881820414411569,0.6842160782614692
6105,6013,0.4533197312985377,0.42876220735956067,0.41555119116044614,0.4179880249370415,0.43142641879657234,0.4366692139445324
6107,6013,0.46136264150057155,0.4329974166768653,0.4139859765471732,0.4134155374699917,0.4201884521472103,0.41852912164638584
6109,6013,0.8041648304262733,0.761411020859691,0.7363587423774252,0.7231650681403392,0.7210007865650198,0.7160888640325614
6111,6013,0.8563785579817659,0.8115434472927604,0.7758531056048108,0.7490875289388039,0.7321495579067718,0.7081505416930123
6113,6013,0.8297644930830796,0.7964922963449259,0.7749613925065164,0.7675270322216492,0.7670746762448091,0.7545909755835065
6115,6013,0.6371710393479919,0.6059976644076762,0.588364291346051,0.5825633281276745,0.585728045539909,0.5803103265713211
32001,6013,0.6733359328844826,0.649095075702242,0.6394474935649807,0.6348634096225144,0.6407643790263395,0.6434108827340023
32003,6013,0.8430510461219857,0.7777092088347654,0.7316518718080647,0.6885681665562959,0.6592060439322436,0.6289132094818485
32005,6013,0.8337471006712253,0.7851317863472725,0.7595199375368074,0.739659730699426,0.7278859358087204,0.7138681870775545
32007,6013,0.6331165409617293,0.5519234614055036,0.5271415203292265,0.5156061254033724,0.5197992275657473,0.5202795570682881
32009,6013,0.25787436979564315,0.24137495252282554,0.23610139181838724,0.22841556858831707,0.22596933791583626,0.2180494223588938
32011,6013,0.44787713580825034,0.4369792876995082,0.43621834048162034,0.43356507542395756,0.4420210824453113,0.4499446221400134
32013,6013,0.6302791254301329,0.5857672386433773,0.5641958656391434,0.5496372882963397,0.5491970053116976,0.5427347152652916
32015,6013,0.34251083225923906,0.3343451982552447,0.33800647375354326,0.3444776501920948,0.357640672688234,0.3666565670577183
32017,6013,0.5349763656349616,0.5309184230349182,0.5343114244140184,0.5376968413478976,0.5426130331930925,0.5443622007134861
32019,6013,0.7918414028744359,0.7588122848039772,0.7418037905069648,0.7290556173444858,0.7270205745770422,0.7221285762306296
32021,6013,0.6378753054733022,0.6279096320669391,0.6286562645032945,0.6300736824060276,0.6363032538428283,0.6414325482094902
32023,6013,0.808182198022828,0.7745290583712715,0.7564167143346499,0.7368713714831997,0.724176561366552,0.7091724627984909
32027,6013,0.7371588789027649,0.7176017661359178,0.7115826850074224,0.7056162109475743,0.7054834136150717,0.7007725088071579
32029,6013,0.7903818955592684,0.7607151106402671,0.7476242184746729,0.7357954154941272,0.732467732984661,0.7298044837267946
32031,6013,0.8563647054221732,0.8067543347769606,0.77790100976249,0.7535058117682425,0.7416042132792902,0.7296708236526043
32033,6013,0.4980572966157003,0.4834373719509521,0.4762498032091886,0.47479747872846306,0.4778935391875978,0.47742139984102244
32510,6013,0.8123954816162282,0.7704856454681296,0.7476993317143195,0.7302251401939107,0.7264541265304592,0.7204303974461039
4001,6015,0.722948910899632,0.724657818127192,0.7395083565529506,0.7571327645234497,0.7668413782515808,0.7492307959047773
4003,6015,0.8115102681824956,0.7975660820992319,0.7714166139936373,0.755472715912911,0.752954572228737,0.7535385749560907
4005,6015,0.7593138910423367,0.722380525313346,0.6898635096387741,0.6771286083780317,0.6719863248294492,0.6549621407646734
4007,6015,0.8229144362466019,0.7971829975705157,0.7634759750292364,0.737758889617285,0.7242289512983772,0.7118875458391927
4009,6015,0.7232635319207238,0.7139358789227087,0.692404860090534,0.6819578701465377,0.6759437233079435,0.667049409457783
4011,6015,0.6362536166217594,0.6322559762474496,0.6164204180175127,0.6002411040622462,0.5914782301673632,0.5825527388091776
4012,6015,0.750450343747379,0.7348907928577272,0.7115668999666731,0.7010388908584482,0.7111479729836286,0.7188662133920528
4013,6015,0.5467711782439587,0.5242587871700916,0.49851638456734537,0.47733018713814124,0.46502295163872537,0.4497806206721837
4015,6015,0.6893528063730955,0.6578799788153311,0.6203738217378758,0.5911026444278045,0.5803454580020011,0.5787579191971661
4017,6015,0.7848374306593433,0.7710241799623354,0.7592084309940206,0.7515167672275263,0.7450498730701844,0.7232490987466517
4019,6015,0.4074136810002129,0.38283597420171217,0.35891222877668083,0.3422901275590721,0.3329932709468199,0.3184825454432525
4021,6015,0.6214470269567676,0.5947503806861841,0.5636238708144556,0.5417417885343916,0.528208182202025,0.5088123101694055
4023,6015,0.48258278864837595,0.4978787210875648,0.5357234335441631,0.5883520083154655,0.6481826578860173,0.6916045638752117
4025,6015,0.6238944300195435,0.5866094109718868,0.545882808489684,0.5149045480203264,0.49852331694674695,0.4853861026936842
4027,6015,0.4624651078727337,0.5252865421555227,0.5910545888365422,0.6475704933487267,0.6887604188034817,0.6882055044261377
6001,6015,0.6180132629851647,0.604390008746122,0.5859446564932421,0.5662656516074382,0.5493531874493685,0.5289858346685361
6003,6015,0.43950173819866306,0.5098493965625484,0.5919325824010954,0.6424089399039445,0.6398721589948271,0.6354867782392555
6005,6015,0.7598195475113861,0.7258544966801935,0.6780217831684503,0.6407649600684346,0.6138411381782667,0.5947291401531317
6007,6015,0.884352041605833,0.8540209669767225,0.8162163476962505,0.7846190270566966,0.7541430009676151,0.7210359921422643
6009,6015,0.8803264170312032,0.8519054598492565,0.8098909107988773,0.7756223172848845,0.7450205142233888,0.7247666522177516
6011,6015,0.5608413496755607,0.4537555410524475,0.3501100590782345,0.29628230987243775,0.2545221749039057,0.2560572397879646
6013,6015,0.6270817340309199,0.6108866098759171,0.5905412942097351,0.5714690571533869,0.5556575098859864,0.5374932009377632
6017,6015,0.7698960223358692,0.7412646112869716,0.7022376243250209,0.6683089260844916,0.6370196121962097,0.6200840826510601
6019,6015,0.8572736230657664,0.810824136714143,0.7601249862726328,0.7101255733854227,0.6579060156006226,0.6386436553819322
6021,6015,0.8744373659663951,0.8439806037149707,0.8028362235040202,0.7821990021224828,0.7540518695834473,0.7227838897843928
6023,6015,0.8785278299913258,0.8287741374860558,0.7717935223753093,0.7276956920268276,0.6923931138487749,0.6653634004861447
6025,6015,0.6127489753675414,0.6204064568951568,0.649368507332535,0.6900379933970046,0.7416122832155161,0.7609365595328283
6027,6015,0.8968763336250126,0.8606537518965753,0.8289763290000555,0.7984949556456873,0.775706357723463,0.7627118625346736
6029,6015,0.8538012321569819,0.8107521587648199,0.7619222595467116,0.7273992120930434,0.6847920492047042,0.6656128946968747
6031,6015,0.829448390841737,0.781791380307259,0.7177000306466289,0.6575361498996334,0.6119059812891068,0.5985033464874258
6033,6015,0.8571374258499012,0.818233857602532,0.7725079890765241,0.7306146389789331,0.6922372134533628,0.6685768707896182
6035,6015,0.8381321596571327,0.7794914283247778,0.6974684743121232,0.6331045442725337,0.5866859749013382,0.561794220974855
6037,6015,0.733854316500708,0.7197344683394264,0.7012607589298797,0.6809424334369581,0.6613457103552028,0.651029131921833
6039,6015,0.8887484209293686,0.8417385584428858,0.8008642624584478,0.7711841723813325,0.7189521426741167,0.6791122915243942
6041,6015,0.5698595253122094,0.5515116228602406,0.5286006740249666,0.50599082269257,0.4863365305299684,0.46709294922629807
6043,6015,0.6792411400387068,0.6054807219519809,0.5172548183996564,0.46192408086800785,0.4268891956335443,0.42259819563725837
6045,6015,0.888475554776258,0.8305947150615285,0.7589502030166327,0.709420237086987,0.6683623725094349,0.6441546940119471
6047,6015,0.8526510293460436,0.798187706954969,0.7430976857433782,0.6868117173251758,0.6352798994765536,0.5990696673096267
6049,6015,0.7846724017716612,0.7230079296620556,0.6425550926372515,0.5787468271509335,0.5392906360791894,0.5283527496831498
6051,6015,0.5925461753141232,0.6036158859157769,0.6384390076131002,0.6465362529454188,0.6023443086183683,0.601567054432382
6053,6015,0.6599194537211105,0.5559727525087718,0.4387046497658818,0.36961341702279044,0.3380723765937116,0.33358462330968447
6055,6015,0.7260293523533651,0.672577010970956,0.6333870347337758,0.6175984501080541,0.6061226189960689,0.5910677129658868
6057,6015,0.8088481601595188,0.7839093095273736,0.7481472121179953,0.7127001108101223,0.6769305210031944,0.6527902996391193
6059,6015,0.6402005369834632,0.6246088788533233,0.606633072420564,0.589261512951986,0.5729610671739063,0.5548159970274402
6061,6015,0.7690671922620612,0.7489965628099371,0.718688261089661,0.6889851131219514,0.6607033675120906,0.6403895929312668
6063,6015,0.7170054126889365,0.6413216802406053,0.5386819631236821,0.45559568504613135,0.4018250338267149,0.38377098948795085
6065,6015,0.8014488052768395,0.7863811554087363,0.7806979091881752,0.7782526031641518,0.7814890786033291,0.7803037713928663
6067,6015,0.7118409068818677,0.6949065448345872,0.6728872991641264,0.6519035001548885,0.6332578477725884,0.6173321191445779
6069,6015,0.8866437561484022,0.8421748598257945,0.7827497029494211,0.7216606015995906,0.6660691826627596,0.6305952398716324
6071,6015,0.7560042894379025,0.7506566658961102,0.7412781375265383,0.730336251560979,0.7188134956811919,0.7046219443992713
6073,6015,0.6930406966418574,0.6775205404160947,0.6617195713391061,0.6468692754509227,0.6337090361047487,0.6196106423413847
6075,6015,0.6515148674480916,0.6387786863358104,0.6193853897898427,0.6001397578332971,0.5834721958944088,0.5602688128340244
6077,6015,0.8858633140480726,0.845239496298011,0.8078890921314232,0.7692422510276574,0.7340340009431519,0.7058502363663254
6079,6015,0.7803424767314254,0.749969754429393,0.7185728640730513,0.7003808832692235,0.687587406115811,0.6755658104918217
6081,6015,0.5537894993004271,0.5395746473604621,0.5190467033427887,0.49655777377360105,0.47526511388528725,0.4519808754103036
6083,6015,0.7668677190834033,0.7155239558066318,0.6607325216141974,0.6305242924260999,0.6164332878574287,0.6159233978986149
6085,6015,0.5837581658162491,0.5677550035597954,0.5461906786768823,0.5231012553544915,0.5032122519312108,0.4833131676417835
6087,6015,0.7854717278353832,0.7104616681481641,0.6238464218789864,0.5596257155712653,0.5247963766425953,0.5081448060614383
6089,6015,0.874827148775478,0.8374391572475876,0.7902233148022361,0.750194589367286,0.7172331542902957,0.6977118458609033
6091,6015,0.7295652568894125,0.658872845992712,0.5587819346210257,0.4720320095237129,0.4146946848623607,0.3817999509980136
6093,6015,0.8649709337390366,0.8008062213825503,0.7257664473823134,0.6782169864841193,0.6481120421469809,0.6390968653790784
6095,6015,0.7126861280543998,0.6965407455439058,0.6712979176963213,0.6494998004402233,0.6338312089755802,0.6200503057876865
6097,6015,0.6923691333619751,0.6647660995513446,0.6317639507591397,0.6036368051987951,0.5799891115823572,0.5574743814561604
6099,6015,0.9097869938696975,0.8860722058467186,0.8584640841770843,0.8158563668200073,0.7664095455186242,0.7311411799458625
6101,6015,0.8754004238940483,0.8239010541261294,0.7715163261479956,0.7089514225735634,0.642239112432462,0.5995586081986055
6103,6015,0.8880994059954189,0.8572556724903924,0.8181004144475919,0.7890612386775405,0.7566872523734866,0.7313039380822149
6105,6015,0.8007108541688528,0.7305827045920817,0.6473158933293405,0.5805262253426478,0.5377923880690489,0.5166443592306796
6107,6015,0.8044784951640424,0.7533694960493205,0.7000620941047402,0.6734508924750904,0.6400327929588268,0.6354377227103021
6109,6015,0.8527998214421817,0.814863238730745,0.7622540511960478,0.7149108417742339,0.6830733665482421,0.6654845872688998
6111,6015,0.7644752369382743,0.7353766222615177,0.7163241553946544,0.7217059665761085,0.7376679074042666,0.7483349065011657
6113,6015,0.7566940962624752,0.6973423882912916,0.6366391833436346,0.5951460309514485,0.5601525676684689,0.5426608965729697
6115,6015,0.900834323915104,0.8684635235076166,0.8206803290864423,0.7777012482993684,0.7405477731506275,0.713402515673227
32001,6015,0.7652798852300425,0.7392644867300137,0.6989278467759646,0.6681950184256525,0.6601207488891134,0.6597746190541672
32003,6015,0.4686153523823492,0.4377638279488944,0.412332248664867,0.38890959339710757,0.3715024701796488,0.34909031081959496
32005,6015,0.6520399089375473,0.6132246561360194,0.5730945350135425,0.5401141969816201,0.516834287677093,0.49799883933298683
32007,6015,0.7594401350051271,0.7052630396028523,0.6448874632936438,0.5994481539637719,0.5744878095143275,0.5596519284119125
32009,6015,0.502205010924492,0.5155369064875932,0.517697413098665,0.5108354868111824,0.504481363852939,0.4942209376728647
32011,6015,0.6730871560719004,0.6675343295737982,0.6336769473916071,0.5961677833113754,0.5971886415684674,0.5908151258959792
32013,6015,0.6516434357097599,0.61888322828109,0.5710720352736108,0.5300225325702116,0.5106024763572509,0.49629063715183597
32015,6015,0.7371957631579183,0.7311646951196726,0.7084365353936676,0.6887983553464216,0.6870843706883129,0.6900940362550015
32017,6015,0.7933730709336003,0.7891323493467357,0.7694980151016412,0.7587295224802545,0.7653335089725628,0.7657531385935623
32019,6015,0.6935359735507803,0.6620851072923227,0.6177148087682238,0.5804900648395438,0.5658537717578513,0.5572079556493174
32021,6015,0.5396792709314329,0.5406460934637163,0.5299767109985312,0.5234112653392848,0.5219081023609894,0.5267756608427089
32023,6015,0.3963655218442073,0.37766989087350605,0.3583782327965471,0.3430144577645212,0.33182982764822627,0.3202121718934119
32027,6015,0.5944213978322858,0.569491154736951,0.5345735243564353,0.5037748992736523,0.48430928989384947,0.46355975531389937
32029,6015,0.4693442624100046,0.4417642424538425,0.4145937965508513,0.38887700083276894,0.37930022650619377,0.37537201714156293
32031,6015,0.622706624532099,0.5891839795588372,0.5500355048153655,0.5155449582268444,0.495445653507432,0.47877605054583566
32033,6015,0.8381619046866016,0.8266500128483308,0.8029483579412913,0.7854012763121516,0.7752478774984265,0.7683232354731587
32510,6015,0.7725677611558148,0.7392650954936574,0.6927488006565424,0.6540203409805745,0.6354044410349038,0.6211241782730915
4001,6017,0.6276345805250193,0.6271100978174656,0.6266271064153324,0.6319268148944273,0.6425908385207904,0.6328214254238448
4003,6017,0.6988350807490681,0.6802262941381219,0.6632699126362231,0.650962406293496,0.6490092248670419,0.6474932826313711
4005,6017,0.7119202492756622,0.6678877180722346,0.6355733269528462,0.6170474509358085,0.6124504576533343,0.6029204024291595
4007,6017,0.8230293610972591,0.7984006052100385,0.7759837530949247,0.7555215289197198,0.7480723809536424,0.7375225286722297
4009,6017,0.7179312253276312,0.70192188741693,0.6788277790846684,0.6587846535527596,0.6442207800722076,0.6258798192729029
4011,6017,0.7042788760724171,0.6972957764186559,0.6820945833089775,0.6635377524195538,0.6444925019680976,0.6235825655148036
4012,6017,0.5500832403578261,0.5329284276491897,0.5186185456622263,0.5086695369841847,0.5072469059843017,0.506178861616184
4013,6017,0.8321696766525338,0.7989984735431981,0.7700351160269079,0.7418312797436233,0.7226819344674168,0.6995195610978704
4015,6017,0.8798482035272127,0.832696811135253,0.8020758976664033,0.778571627614182,0.7652537976413698,0.7537156699692662
4017,6017,0.6422025587535354,0.6250552094454489,0.6075317505517239,0.5959861850753461,0.5924024869588042,0.5776707944141418
4019,6017,0.7620713011282011,0.7275937394345666,0.6997719949784087,0.6750953787262085,0.6604468711442,0.640151775980942
4021,6017,0.8151134600470824,0.7812568863534664,0.7486829535434877,0.7179313372991326,0.6979226343800461,0.6712444097908095
4023,6017,0.34516976805735,0.35883716715248765,0.38138580729576843,0.40814694691306724,0.43654838944394864,0.45224297560612653
4025,6017,0.8711721759361714,0.8275962816778137,0.792695701308041,0.7624818802392195,0.7444803985973762,0.7271128561532966
4027,6017,0.33533108486552266,0.3764646117726825,0.4145610076705316,0.43486383606304485,0.4371667024904516,0.4233035965123835
6001,6017,0.8965303173270327,0.8637517866732999,0.8313177056264518,0.7998249394519538,0.7735430180845414,0.7416250783949585
6003,6017,0.42687230834399875,0.4393392851928904,0.461532973869704,0.48033715380605196,0.45828694506015993,0.4186010932202895
6005,6017,0.9541858875990911,0.9115259648831359,0.872766310234633,0.840004811918026,0.8196322775115282,0.8052229130227097
6007,6017,0.9048266950708485,0.8644858317219236,0.8276387542215425,0.7991638745854907,0.7789580220718226,0.7545674884986402
6009,6017,0.8879526153896614,0.8529724964081933,0.8174002424074368,0.7890135642647774,0.7685457312599466,0.7525471707220847
6011,6017,0.42953942700568587,0.3551787896908756,0.28748576969938616,0.2595216310991261,0.2609798131770922,0.2800833052959577
6013,6017,0.9190465422090631,0.8859839884751133,0.8544744746691388,0.8251146892219634,0.8016851227316653,0.7735521213128341
6015,6017,0.7731134613502187,0.7410201666981794,0.7091445311631807,0.6906992924677137,0.6796195484733206,0.6700194943423623
6019,6017,0.7365024956834285,0.6903295219931656,0.647207598720888,0.6170424964741225,0.5985256821506246,0.5853850042095323
6021,6017,0.6627545670874401,0.6307612804904906,0.5936852462451422,0.5689796355991876,0.5536396930807767,0.5369229450269699
6023,6017,0.8484811769139137,0.7974677022594012,0.7469446876096382,0.7061459144467996,0.6790029716080913,0.6557997151490997
6025,6017,0.5514889327955261,0.5593244879796739,0.5702214466110855,0.5771057973469521,0.5903099887906196,0.5944445083628026
6027,6017,0.7724687706829928,0.7272770115704086,0.6899354563530984,0.6627758436132573,0.6474914333744669,0.6348936828014575
6029,6017,0.7710819882656927,0.7263598348509221,0.6799452097522976,0.6482925066636447,0.6311712927505421,0.61518403606033
6031,6017,0.7111637150553324,0.659781708534273,0.6111082096287731,0.5780863611743194,0.5619884722623986,0.5518256005030301
6033,6017,0.859303481147378,0.8133720431780932,0.7704342908867319,0.7394062201249609,0.7179538872295448,0.6989339004739636
6035,6017,0.7485439974944508,0.7019498268218034,0.6480684270121656,0.6051510622097583,0.5831190987792569,0.5754323137282101
6037,6017,0.9102366257776571,0.8830949323615813,0.852061579299095,0.8134465947016477,0.775703731902426,0.7552234441068172
6039,6017,0.7055717371822736,0.6690505304560666,0.6320273211254887,0.6072740682332354,0.5906305924378996,0.5752741122693149
6041,6017,0.8749304937641782,0.8352042586069314,0.7971403767624469,0.7621200638541111,0.7342134362884359,0.7025236946771123
6043,6017,0.7427651315996399,0.6690135803340551,0.6052246678642068,0.5706667525413788,0.5592650948374828,0.5678324760231828
6045,6017,0.7935296760065393,0.7385113981238877,0.6812811355757359,0.6380820686032841,0.6118190348955187,0.5946291562531786
6047,6017,0.7196563502114667,0.6700059046876777,0.6197668581983028,0.5829722373126655,0.5629984073062904,0.5481276916020554
6049,6017,0.6943239942135591,0.6440740415689165,0.5900655198812075,0.553214605673882,0.5398826533138901,0.545117383397396
6051,6017,0.5889304476316758,0.5483679655448367,0.5295106554751703,0.5276062735115343,0.5043656106651312,0.47686359168575104
6053,6017,0.5246135396457366,0.44562545524976255,0.3694299532320503,0.327735151093927,0.32100327607444473,0.33550844815392067
6055,6017,0.8963864152615963,0.8389051036941624,0.7955527323501571,0.7691188637164819,0.7593557077832958,0.7487699904651212
6057,6017,0.951806070607636,0.9101878051701296,0.8713337658232913,0.8382468382225303,0.811262794907219,0.7872283173879874
6059,6017,0.9100549843974559,0.8735344733756131,0.8401517823696473,0.8083118352784386,0.7812129660945516,0.7500755906645867
6061,6017,0.9603249138237999,0.9213883305714385,0.8860426090558532,0.8553590356448186,0.8298628965576705,0.8050286641723085
6063,6017,0.6892099226630521,0.6307311878860673,0.5658829635173803,0.5182140580033062,0.49923006240743784,0.5036571085575204
6065,6017,0.9020119591191703,0.8752053950259157,0.8545963234587581,0.8373436815361031,0.8248524739725958,0.806965028598014
6067,6017,0.9578638987415896,0.9257563302021443,0.8967912639944208,0.8713803690346752,0.8505461295318263,0.8263742539798432
6069,6017,0.7165431062523123,0.6661727895191456,0.6164634273004719,0.5749242839977166,0.5466217705103861,0.5287513419600455
6071,6017,0.9528411610286588,0.9299940752537335,0.9088706174736657,0.8875662865443742,0.868119373700306,0.8427605761033998
6073,6017,0.9276380249213291,0.8915612377940794,0.8616573372969283,0.8342942840345283,0.8122978745700301,0.7872366293748659
6075,6017,0.8251433838212816,0.7903006306607578,0.7537117773362758,0.7182874330846578,0.6876741947262943,0.6493915079450571
6077,6017,0.8971628164004475,0.8530829521310329,0.8133545800124162,0.7819592035858736,0.7628892594920036,0.7426936603010394
6079,6017,0.9295052761954126,0.8830009250359876,0.8446601844167674,0.8156555687122378,0.7969661145291658,0.7785746851300327
6081,6017,0.8513326206710883,0.8148380781294926,0.778365806983813,0.7439927298641997,0.7135760889710057,0.6778002895915116
6083,6017,0.905650304528902,0.8496683105055505,0.8024190766132612,0.7743188838120997,0.7639849049496351,0.7583504795341256
6085,6017,0.8094922136838367,0.7752136662732043,0.7415996939261479,0.7095162644914755,0.6818003646576298,0.6505131254819573
6087,6017,0.8203400596908437,0.7567788137143523,0.6946419087733265,0.6513757022453096,0.6353355170249838,0.6332121628305005
6089,6017,0.9039034188498069,0.8644571063692857,0.8265496866363626,0.79657814864428,0.7776032765319834,0.7640214545517892
6091,6017,0.6582204895410052,0.608162737189314,0.5475927233959029,0.4948362227253659,0.4650917467414781,0.45906019451355096
6093,6017,0.7435859980481992,0.6966161434362156,0.646645927548301,0.6150445929577592,0.6038501286320483,0.607645822196459
6095,6017,0.9439317343519671,0.9117709110204305,0.8830105093621317,0.8584810223652908,0.840371523589787,0.8199995438972476
6097,6017,0.9353963027708647,0.891092485492363,0.8518606021675388,0.8190467517777337,0.7950624492962475,0.770190021549668
6099,6017,0.7984929148661976,0.7626207383890147,0.728746426227543,0.6984897366195199,0.6732151703584318,0.6482040474070614
6101,6017,0.6931462667598046,0.6476658856308196,0.6031243873898722,0.5662458173371997,0.5388800417540391,0.5193131601017604
6103,6017,0.8846145046683317,0.8479292605537035,0.8086883804925245,0.7795294418258937,0.7610008482839608,0.7441289903540951
6105,6017,0.6386305953807518,0.5868998691771223,0.5303225069103357,0.4872558433298118,0.46568800313907394,0.45900884484258453
6107,6017,0.6314927311984448,0.5868001248254971,0.5412001028513153,0.5177512252843164,0.5096875500891545,0.506956847287082
6109,6017,0.9139128351503145,0.8656785918607851,0.822387091763173,0.7880698147690673,0.7662823969102542,0.7526634090276029
6111,6017,0.8826334509091062,0.8465238578016682,0.8199098050756336,0.8047111929796875,0.7996092127352659,0.7906803356091561
6113,6017,0.8985474370215318,0.8474245876538534,0.7976966636550369,0.7644375887872984,0.747502537912593,0.7350689869035563
6115,6017,0.8035135375090026,0.7662011925567589,0.726826436346579,0.6954955005818826,0.6741942349620703,0.6560289444274205
32001,6017,0.8083164562225227,0.7785644177800471,0.7538005732562473,0.732974664738806,0.7252228429691012,0.7242742134161023
32003,6017,0.7927739834307608,0.7417475841183143,0.704907869702674,0.6695118875369866,0.6440453571343513,0.6164132781328969
32005,6017,0.8892695860041164,0.8374208164661276,0.8013949574723633,0.7720526289487145,0.7536596205572057,0.7403670712905399
32007,6017,0.7588899455624756,0.6782553412475022,0.6343716546883351,0.5990300390780833,0.5799996368544197,0.5705502777121909
32009,6017,0.3869564104429386,0.3780315009363694,0.3780648391811831,0.37177006460627765,0.359252323872787,0.34211017918477005
32011,6017,0.580307420527378,0.5617294481852498,0.5435140339725254,0.5195784867778258,0.5102110937184944,0.5101590025883027
32013,6017,0.7228822659012887,0.6784179999000075,0.6453745922996329,0.6147712861569774,0.5973416283045426,0.5848514030942853
32015,6017,0.5286506995723348,0.5190468784953709,0.509913900079329,0.5008933599894001,0.498837450686957,0.5012993715679387
32017,6017,0.6917883054295482,0.6825093790340575,0.6751958354999205,0.6696166480912688,0.6689380915036623,0.6713405493627199
32019,6017,0.8848154253921313,0.8468515476235231,0.8161532960435567,0.7877516296162392,0.7726645899057626,0.7637041008989667
32021,6017,0.710609447443224,0.702731138428642,0.7006314705095046,0.6983217814479084,0.7011654689942473,0.7054702619074978
32023,6017,0.7811167876212161,0.752458354687506,0.7347186237826614,0.716473664412336,0.7037005512464307,0.6902127335469067
32027,6017,0.8103218945499786,0.782606946713851,0.7595558395693477,0.7355051087682914,0.7202928644140507,0.710026806548277
32029,6017,0.8083285589935963,0.7754948225443583,0.7555943581223321,0.7368663391946448,0.7280805939146708,0.7244188915096582
32031,6017,0.884257892283874,0.8372634168669485,0.8029127783838772,0.7709908715970818,0.7508781804548937,0.7351331166604915
32033,6017,0.6800875385779898,0.6620142262430576,0.6419464231527301,0.6257683132173937,0.6135406186711347,0.6046197950242043
32510,6017,0.9043114260070513,0.8599368122330995,0.8242946600815839,0.792816894449356,0.7757328275539174,0.7640837184436914
4001,6019,0.7110889995787782,0.7138549661861645,0.7460181700362137,0.7619607469925047,0.7520166732078474,0.714038721510004
4003,6019,0.7600389789815034,0.7401466331317081,0.7178942704021608,0.6855595116326111,0.6644399298818525,0.6497103086140955
4005,6019,0.745440850267293,0.7032151973272592,0.6761302126996169,0.6394534408650867,0.6069169414126986,0.5756516499573026
4007,6019,0.8137487850831859,0.7771883235409579,0.7483782840232254,0.7125066064555985,0.6871253173824577,0.6645403977831573
4009,6019,0.765609920016738,0.7529586512591863,0.7437597751650816,0.7223719282725082,0.7000177169154221,0.6751930175656219
4011,6019,0.6895892512574451,0.6843064726354988,0.6772617053923603,0.654227402781906,0.6316526135011339,0.6094108852206946
4012,6019,0.7009029756357703,0.6778441594758324,0.6585387399765958,0.636331450949172,0.630232398144471,0.6295271686383901
4013,6019,0.4969649656740977,0.47879183286242005,0.4658676842184939,0.44532312838485594,0.4312391815182296,0.4122100298127664
4015,6019,0.6368641426220409,0.596590725927688,0.5621349899413391,0.5228194522314331,0.49916226159662813,0.48834758379256676
4017,6019,0.8038547092155933,0.7845042253879994,0.7827715204505973,0.7666853543947809,0.73723428993333,0.6933720272737399
4019,6019,0.37512113792333096,0.35558015282653,0.34760499734823147,0.33426698336611804,0.3247736928236849,0.30868773740164573
4021,6019,0.5837769358084272,0.5660552679652755,0.5537146293223694,0.532657976146234,0.5156427680020225,0.4903221231991077
4023,6019,0.4328795162858665,0.4540764287996015,0.5229633003376991,0.60786126153255,0.6892896849028171,0.7421169685521362
4025,6019,0.5950402602057375,0.557577778853939,0.5239622280099002,0.484522085508587,0.4585028349763762,0.4377684058945773
4027,6019,0.4361732790489177,0.541055708177759,0.6481611812685241,0.735340220722761,0.7892449185168429,0.7817846186516149
6001,6019,0.6098030347546352,0.5972939390029702,0.5886593945276852,0.5690724939342369,0.5446853483920191,0.5118482981636712
6003,6019,0.3455730020254739,0.4461710277127703,0.560279448606434,0.626978145235503,0.6252215822957439,0.610741580510858
6005,6019,0.748902938752537,0.7042593768730848,0.6517369317734951,0.5955483254504191,0.5498290403762153,0.5169173971410513
6007,6019,0.8710333920364804,0.8301881414642465,0.7893395614983596,0.7367346970238894,0.6810767243373009,0.6249887102544198
6009,6019,0.8858239708871068,0.8443737894020854,0.7951339084148059,0.7393131156126119,0.6892943442707902,0.6531910818230903
6011,6019,0.6458897593052371,0.47856239336326056,0.3135114480299111,0.19326767665179698,0.11454227370590593,0.09150955046115686
6013,6019,0.5998837963314074,0.5838630477958411,0.5706358641714873,0.5483414249414718,0.5234613540285519,0.49276175769633324
6015,6019,0.8745043549326308,0.80725456359012,0.7537034805034698,0.7151374621025994,0.670216147877911,0.6280842684246877
6017,6019,0.7535338859904063,0.7162491972919762,0.6722095605279014,0.6224876119606504,0.5755500854803073,0.5407812296523083
6021,6019,0.8708664482359906,0.8302065743940266,0.7815657375392902,0.7302239201883786,0.6703613116540307,0.6049300377622138
6023,6019,0.8713217002410465,0.8108374883200881,0.7456960158216996,0.6793725111850746,0.6220845591094629,0.572419392250135
6025,6019,0.5110899449158142,0.5242450710216753,0.5693641267722624,0.6381477094931117,0.7098270646961328,0.739361933338991
6027,6019,0.8483877308771134,0.791847625044855,0.7425560556008355,0.6941157146110275,0.6522291786426447,0.6204513480137469
6029,6019,0.8858838539252384,0.8092562729997307,0.7383627693136535,0.6753531832229752,0.6099456814594196,0.5571197356822367
6031,6019,0.9159512195044471,0.832656163135426,0.7452255537442584,0.6455820771855458,0.5562769356136348,0.5097522478802995
6033,6019,0.8692942451158341,0.8049446860141086,0.7421461149322005,0.6761088653447075,0.616062506676464,0.5768548941734026
6035,6019,0.8633812983955866,0.7818994878205242,0.6735478377492932,0.5655885602195535,0.4822918994997548,0.4266413692737326
6037,6019,0.6987086021684483,0.6855527335325341,0.6755368938256332,0.6560542499943021,0.6284857415428522,0.6034021323885224
6039,6019,0.9236391744975103,0.8409398028654396,0.7677755601764945,0.7137242015480876,0.6440310100617649,0.5715270160764302
6041,6019,0.5420491214137675,0.5241057647300572,0.5102284087528124,0.4860933966360159,0.4589451838020839,0.42595237079196313
6043,6019,0.7648856243087195,0.6514128421732284,0.5246132793446487,0.41768834483816286,0.3478929721734391,0.32441333474636885
6045,6019,0.8905629168380085,0.8084285499335642,0.7167005432364828,0.6317318669605958,0.5648891093457965,0.5161298432810764
6047,6019,0.9183169259508449,0.8291446937611895,0.7363054455303166,0.6413268373094899,0.5485806471004016,0.47895201549539507
6049,6019,0.8374514122277962,0.739194463232664,0.6197397182662993,0.5073499239719363,0.4261742970284465,0.3862568006834704
6051,6019,0.5630375716530689,0.575234298916558,0.6061205762940843,0.6185621242855045,0.5790990139632176,0.5585801636432133
6053,6019,0.7359585644118163,0.5860698344047381,0.412591236864253,0.27647152616846016,0.20030624964393207,0.17736867350894406
6055,6019,0.715583723756718,0.6395024379880659,0.58062489993344,0.5477949349508421,0.5286708418419253,0.502125032856152
6057,6019,0.798346626677061,0.7656351690359945,0.7266041558552591,0.6752847779712299,0.6229168116860118,0.5796786460974117
6059,6019,0.5896728619755962,0.5757120752098759,0.5663958594349282,0.5484335502013654,0.5258432203917894,0.4965824883776888
6061,6019,0.7263367409411072,0.7008467604369055,0.6730766432806602,0.6348913853717957,0.5957788159829913,0.5617583791055422
6063,6019,0.778810409074515,0.6627251267073514,0.5152371277917611,0.37589315600072326,0.2776537156429963,0.22985499202389884
6065,6019,0.7236130136354976,0.707464324825013,0.7097825655838214,0.7154917473451285,0.7160421008561736,0.7046169503660437
6067,6019,0.6835086689130452,0.6630134539834621,0.6470212717763008,0.6220161840320189,0.5934512926290382,0.564309792513723
6069,6019,0.8678972160254336,0.7978594939352333,0.7110677257908767,0.6150979771620093,0.5280136044817052,0.47109309061057125
6071,6019,0.7119890388498872,0.7064044178542842,0.7060277675369055,0.6934611579673665,0.6728907080516044,0.6445941599799969
6073,6019,0.6331618506656543,0.6175902771870162,0.6093366143665536,0.5930865671707862,0.5728299913122143,0.5469540920122522
6075,6019,0.6318456530065103,0.6215683948553834,0.6124617872455486,0.5918271510041022,0.5674557916491395,0.5312504552745387
6077,6019,0.8883381543898178,0.8237689572389646,0.7697259778403767,0.7107824865840204,0.6520644914080297,0.6058816749039313
6079,6019,0.733114419861605,0.6964237882823137,0.6675755342155522,0.6395273426175432,0.6151050360585724,0.5884500752031768
6081,6019,0.5413872395481184,0.5287439833089305,0.5176012329182442,0.4942855969504408,0.4650553492463348,0.4287210573518022
6083,6019,0.7366849331964433,0.6637465042190052,0.5991003132091423,0.5505920993671266,0.5231110872396532,0.509953507252737
6085,6019,0.5747520893923433,0.5579607863428658,0.5433705894851725,0.51871023154881,0.4914852891758842,0.4607026871443738
6087,6019,0.8281345058710349,0.7178693955174986,0.5928872032256315,0.4857441131921822,0.4168512719226467,0.3775974145292145
6089,6019,0.8653796267592762,0.8137282153939914,0.7556573023558748,0.6919302485807105,0.6359250359758574,0.5957292000022811
6091,6019,0.8198920704822258,0.7194724758899356,0.5781836772577361,0.43641595238948977,0.3336071411905524,0.2697607120490581
6093,6019,0.8867455301470613,0.7925066125157765,0.6849431839123613,0.5941654812713599,0.5324072839174637,0.49957995974568176
6095,6019,0.7164362133419802,0.6937550207745877,0.670698923964885,0.6369826051710556,0.6051194280906974,0.5749205412751833
6097,6019,0.663505739673253,0.6321670954381462,0.6019064835058345,0.5653694830687602,0.529667836964436,0.49183754758767617
6099,6019,0.916356170089708,0.8710766688128413,0.8251388503027381,0.7587979256655718,0.6802282798677943,0.6194946060685774
6101,6019,0.9167198175433192,0.8324127638421339,0.7428466743269293,0.6445911150714205,0.5431666816473588,0.4713394060256224
6103,6019,0.8644368214098809,0.8194737296538425,0.7687483940713672,0.7157943983801462,0.6599850236934253,0.6051199860063193
6105,6019,0.8555086830463141,0.7594918943231465,0.6406169787692679,0.5290022387143791,0.4488694510220598,0.4050472764278259
6107,6019,0.8752760683046894,0.7817136560373662,0.703887162777549,0.6497492216219524,0.5952188230254022,0.55970307240863
6109,6019,0.8621593993412321,0.8098235102670365,0.7461386332653246,0.6741528770643753,0.6170145331628897,0.5801975526774282
6111,6019,0.7057504957127383,0.6694883056176849,0.6562715360770615,0.6627551020476395,0.6808893599299756,0.6872270124424265
6113,6019,0.752319330349062,0.6679313283116012,0.5876291415646663,0.5191168275518173,0.46307550146228776,0.42835407540929804
6115,6019,0.9181197638953442,0.8674273522086718,0.8084155025886833,0.7387017717717465,0.6719624244311895,0.620540668098369
32001,6019,0.8016286118064169,0.7613006336738656,0.7169393288013135,0.6611542644256839,0.6266718271456282,0.6132821839806997
32003,6019,0.45235404481538005,0.4237007099567115,0.40152002542981524,0.3735563524694903,0.3503860376088002,0.3224970248553796
32005,6019,0.6632258606566137,0.6146028646754318,0.5640869961621506,0.5108504283665849,0.47210386513565616,0.44590494495867056
32007,6019,0.79905813379316,0.7293406376861085,0.6610432633994578,0.5782140693662421,0.516544238381441,0.47508966137501496
32009,6019,0.5978206294382393,0.6106154271495535,0.6245816059331392,0.6064093887169071,0.5845434584083128,0.5640613170887464
32011,6019,0.6816412917191149,0.6564567929899148,0.6161186697707237,0.547926433243655,0.5061428056148441,0.4836209572776544
32013,6019,0.7261270019668289,0.6847701527989,0.6399199689857469,0.5731142006913612,0.5227853497060975,0.48363524336614916
32015,6019,0.8004819634447156,0.7744631836488532,0.7454641081966707,0.700008121192399,0.6669087974640706,0.6471872836081214
32017,6019,0.7517538966022281,0.7322761557761781,0.7165027452171284,0.6917864385417422,0.6810967775058079,0.6778129374685425
32019,6019,0.7122831253489514,0.6689738502422953,0.6193578420312589,0.5587865829226161,0.5192272163920548,0.4972021368829187
32021,6019,0.5848352979823893,0.5743914859041577,0.5657290504006293,0.5460360769590489,0.533793055392776,0.5268424526177704
32023,6019,0.42558671510487023,0.40395586472152045,0.38638595007798854,0.36459881507291775,0.3482759340204725,0.33257196468843525
32027,6019,0.5839754434363537,0.5502972869072502,0.5118013941016507,0.4555576210350958,0.41379684395008487,0.38246981565056226
32029,6019,0.4972169289981185,0.4606831968080145,0.4275476097347477,0.38960836516813996,0.3658993822657976,0.35699833722856256
32031,6019,0.6124881828036443,0.5740312838219463,0.5338527171511339,0.48366461885769063,0.4469331328387863,0.4208655431416211
32033,6019,0.758215230878324,0.732973520709192,0.7048026861592384,0.6645425122483171,0.6283925170763578,0.5980281024932613
32510,6019,0.7396865932845452,0.693502367433979,0.6433061029568441,0.5819372446538684,0.5396182988109315,0.51273509847468
4001,6021,0.7625867118436077,0.7081451992357695,0.6966985719501344,0.7340502769394408,0.7862313871780607,0.788278005581962
4003,6021,0.7892277476180686,0.7508439547105143,0.7210920163632614,0.7183033647810904,0.7417243502184224,0.7634663685583972
4005,6021,0.7232873338621538,0.6351481004151508,0.5923350340119742,0.6079493924613472,0.6556582243299445,0.6745605978170536
4007,6021,0.7518020006858988,0.7081704913589515,0.6750972565077419,0.6667322544223119,0.6869018430390773,0.7039211160963526
4009,6021,0.7423909090523988,0.7168099334940471,0.6964259676930408,0.6968782181402459,0.7113974630925062,0.7177315838708451
4011,6021,0.6313315906147958,0.6238125303417642,0.6102442460477282,0.5981435304670256,0.595662536802279,0.5902931895825768
4012,6021,0.7938276686974639,0.7547761006402632,0.7282171520940262,0.7392393506020195,0.784822248264669,0.8200297654306007
4013,6021,0.39241196771740017,0.3702851284811854,0.35164114441793015,0.3400588628654952,0.34185044500393685,0.3352293032269441
4015,6021,0.5594060773941223,0.5174999175284011,0.4858851866788385,0.4768586275837764,0.49108518246879657,0.5069117149559471
4017,6021,0.843683924689202,0.7792519352527848,0.7434545879333706,0.7521269112381228,0.788523409232304,0.7991562243062575
4019,6021,0.23507718468670413,0.21311081063933382,0.1999841865613603,0.19541464979582615,0.20096424565240598,0.19497174468796782
4021,6021,0.5186561064967249,0.48167973608483106,0.45123997209459477,0.4425333423075419,0.4559422380867472,0.4563414574619515
4023,6021,0.5877115473611211,0.6267151732367551,0.6697339429779806,0.7159097045408421,0.7677998255766255,0.8009267263912354
4025,6021,0.48544260456492955,0.44003595919593896,0.40465193892577145,0.389614078761833,0.398775965425091,0.4061039001814417
4027,6021,0.5787380819594253,0.6621947872498298,0.7328500618480911,0.7756547639859027,0.7705698187313192,0.7132858903710082
6001,6021,0.5087611056573366,0.49138705201093263,0.4702124765797952,0.45233479641778634,0.4431267645360642,0.43020424188565404
6003,6021,0.4937219012200834,0.5987079826313186,0.6998807337460122,0.7402129355235948,0.6785932732594617,0.5685197252358002
6005,6021,0.6306468992454763,0.5756828244619895,0.5222575371576503,0.49498760016365806,0.4943603244519785,0.5062843938039817
6007,6021,0.8252903351679776,0.7545158714100304,0.6991242650864795,0.6774875112021299,0.681453187811076,0.6805264481720102
6009,6021,0.8417292223055002,0.788502346344768,0.7371115648170435,0.7115131187147928,0.707956476608124,0.7174541398655184
6011,6021,0.49115913344291007,0.32305269891666627,0.20993871510462514,0.19931556301643755,0.2522555391908748,0.32825960134613813
6013,6021,0.5019158263848422,0.480229237201717,0.45703188121453514,0.4399439427439526,0.43362855475875023,0.424310344812978
6015,6021,0.8509129077884773,0.7941933780663137,0.7511002613576324,0.7395681688390058,0.7390046854138943,0.7431672101041388
6017,6021,0.6581579767399361,0.619855926651399,0.5814425080720131,0.5568567020191558,0.5428183318806763,0.5387253475848083
6019,6021,0.8154872425297125,0.7456302127223267,0.6888563605367468,0.6566405668419246,0.6407932931802827,0.6544594497365789
6023,6021,0.8114485257686029,0.7360941965016313,0.6706156421747902,0.6396272188564909,0.6390577707549718,0.6460479454621696
6025,6021,0.6507366125228075,0.6814155666913024,0.7103376513089869,0.7404630977367427,0.7711984234533802,0.780230030478084
6027,6021,0.8698902838297972,0.8089640216004779,0.7627797972029278,0.7417431882041007,0.7468638602985361,0.7590415902156626
6029,6021,0.8251033304426689,0.7636238559114066,0.7076185219596255,0.6756531150286553,0.6598811056974316,0.67038739292899
6031,6021,0.7981123773554686,0.7023123257488096,0.6154056456043933,0.5711920513975292,0.5745024848376625,0.6132976917650884
6033,6021,0.8085723905831173,0.7478116983589619,0.7016170143910967,0.674457914642201,0.6615690620544264,0.6652904833030261
6035,6021,0.7988525634779402,0.6847933178976365,0.5700258818970106,0.510921691745334,0.517577285070092,0.5608539789290202
6037,6021,0.6222147363892124,0.6044050904524336,0.5877205076073727,0.5800053281238974,0.5748702261749046,0.5695652086500733
6039,6021,0.8476391567622498,0.7838378758132099,0.7412263095136552,0.7231220493441012,0.6949360985732242,0.6733869469466016
6041,6021,0.45302970024050554,0.4305392391733541,0.4048953874851466,0.38451710269894096,0.37583812162616687,0.365747350343678
6043,6021,0.5745847891725298,0.4612631761861005,0.36246080989272067,0.3309279749681697,0.35564111297777234,0.4144947970333048
6045,6021,0.8316424031825852,0.7389024116285957,0.6588727689516334,0.6258843031771946,0.6321718758221492,0.6522369506307943
6047,6021,0.8369507830128396,0.733806981847724,0.657814769314028,0.6192042778509858,0.6114636300526762,0.6170205215339112
6049,6021,0.7559750421418475,0.6371726987634722,0.5223889235246703,0.46511773024302117,0.47544764931626377,0.5277272221941054
6051,6021,0.558994080816774,0.6123512871037144,0.6817473133479801,0.7054731013753023,0.63886289781866,0.5570542981228531
6053,6021,0.6012835013104242,0.4251240140943158,0.2842690339412827,0.24980769444883458,0.30609045594546785,0.3896642110821597
6055,6021,0.60219804784068,0.5398276392853651,0.5073554400107311,0.5101333350074471,0.5296314244898889,0.5325187034971817
6057,6021,0.720772787872143,0.6780608740344763,0.6350301548023699,0.6066093557428207,0.5927129166224832,0.5879891840799727
6059,6021,0.5063979071566244,0.4921987053859861,0.47570660733040376,0.46100840988174346,0.45139398017861027,0.43801689938476507
6061,6021,0.6633292726407283,0.6322521111883492,0.6004378120439574,0.5780765171824845,0.5668139753219571,0.5604232683550405
6063,6021,0.6398092004260238,0.5036451240353241,0.36625639510426916,0.2919337204572688,0.2979754832431803,0.3616282779097453
6065,6021,0.7449353786516337,0.730929333922058,0.717272522622493,0.7141754386591469,0.7238796422977422,0.7276897165335738
6067,6021,0.5951730506952394,0.5686276853675363,0.5437183103782778,0.5290666679599635,0.5258272017168134,0.5225825350278163
6069,6021,0.8399314455772556,0.761445665327513,0.6949240088292608,0.6502397996976539,0.6285747900024106,0.6281191128197892
6071,6021,0.6653876141683134,0.6531493035950436,0.6397720637947985,0.6299306165353348,0.6243950889799323,0.6130874621501055
6073,6021,0.5680547427177463,0.5520946693247352,0.5360334281071313,0.5224436114296549,0.5148328457562338,0.5043443949274309
6075,6021,0.5828302644151493,0.564973389843488,0.5405854198836972,0.5213162665775818,0.5116194662084387,0.49498417096179875
6077,6021,0.8071173723136557,0.7396813629834003,0.7013034144614705,0.6851331154161207,0.6829153671810367,0.680196625745113
6079,6021,0.6840639479341453,0.6396339396540068,0.6082318313876963,0.6012883992899405,0.6122723465448755,0.6158982106008261
6081,6021,0.44464342672612833,0.42534734172845906,0.40163657217029414,0.37999385950615944,0.36635419873294106,0.35046581460046183
6083,6021,0.6429215730537698,0.5726476077947822,0.5146432581978713,0.499412353384985,0.5242007714119634,0.5590258911304892
6085,6021,0.48589165957664743,0.46613820876201534,0.4434146787112717,0.4224843876316375,0.40927052627232874,0.39578736783713286
6087,6021,0.6802629497554489,0.5594211646496436,0.45297082881990064,0.40813502721197015,0.42680298514343845,0.47338774396964406
6089,6021,0.815009177469925,0.747133439330076,0.6819994513371,0.6468575065236796,0.6466629161414621,0.6641337022809387
6091,6021,0.6624606461495641,0.5392309880357612,0.4093492898368935,0.33062203265513085,0.3239949155516316,0.36574252527955153
6093,6021,0.8199720935446412,0.7063682218878617,0.6061803793815809,0.5733380316322723,0.6003275977328033,0.6506809195784717
6095,6021,0.6107415119592673,0.5792854597655032,0.5475061329106543,0.5286851539581401,0.528366588722829,0.5307444311047411
6097,6021,0.5724031439428803,0.5309027582088517,0.4909025833133469,0.46671502845709534,0.4615140001327919,0.4573635770318609
6099,6021,0.8842636702510567,0.8333158451968121,0.7993503217803426,0.7700073064481371,0.7395403988837151,0.719084293699163
6101,6021,0.8345812047665793,0.7554602052151987,0.6975881449230213,0.6498886662649314,0.6162414555843311,0.606422879945999
6103,6021,0.8420070499841797,0.7696583658470603,0.7022734050470947,0.6747981746603663,0.6752026049012333,0.6796200874129293
6105,6021,0.7964376516281048,0.6809671984940517,0.5736933781521735,0.523421766395219,0.5356710556864926,0.5812806850863784
6107,6021,0.8127605221841744,0.7313414655789808,0.6647551466295526,0.6464380443373103,0.6537519784169271,0.6926581023657539
6109,6021,0.7775876122146654,0.7142710833219987,0.6500659954993147,0.6118070887288887,0.6074867580842283,0.6264773443581758
6111,6021,0.6885844533602541,0.6640682003913969,0.6503011786836044,0.665836736864932,0.7011227752059456,0.7173252881919246
6113,6021,0.6144093643756379,0.527396454142565,0.4632668454551957,0.44472293212281194,0.45690093944766413,0.479418215524239
6115,6021,0.8949508013308214,0.8206272165424396,0.7528991005911496,0.718577652805595,0.7180755504241731,0.7329003739581132
32001,6021,0.6906849761694184,0.6347063430183717,0.5876467632368637,0.5704000973329113,0.5907783513474135,0.6206267545731203
32003,6021,0.30740461566120186,0.2839982973924824,0.268228705948351,0.2508126653162761,0.23895112802596516,0.22210828982022968
32005,6021,0.5219970818806455,0.47803080760016753,0.4467647438528687,0.42843558426621897,0.4221658576549605,0.4191867292386382
32007,6021,0.6946223904399619,0.6069267681979623,0.5325488907602673,0.4968013490467294,0.5028929633865646,0.5220124305164011
32009,6021,0.5621770615796692,0.5553363468789942,0.5463628798500363,0.5293804152008782,0.5152583614434029,0.5120199418766664
32011,6021,0.6853173118770737,0.6298630368586949,0.5818324197538357,0.5574050829882501,0.5718292288297531,0.5929088717486193
32013,6021,0.5674414136895761,0.5016410728813901,0.43991876483714065,0.41168231268568395,0.42546736516016725,0.43979172522817395
32015,6021,0.7623654894326454,0.7230108547527264,0.6856783498421152,0.6718085458610914,0.6876428639641402,0.7102258011428899
32017,6021,0.7910028297992382,0.7655389929386727,0.7547175614089636,0.7628908418467623,0.7842339979467152,0.797842837071728
32019,6021,0.5961927604612055,0.539789343692339,0.48902282615964277,0.46473846330519625,0.476366711037184,0.4953219468645295
32021,6021,0.45492613930431575,0.44028001740202455,0.4254545337205198,0.4220217447275975,0.4334837761015573,0.4437365030031172
32023,6021,0.24299898846836157,0.22217362394893725,0.2085206397441597,0.2020523436273508,0.20203851570468107,0.2012404435312049
32027,6021,0.47894989066532845,0.4281091934877567,0.3871279124462117,0.36504056178163924,0.36672719904188394,0.36987575403792
32029,6021,0.33213082042907216,0.29453780130498086,0.2650395673540563,0.24864182692655898,0.2552293365417632,0.26733586994696507
32031,6021,0.4787936407760335,0.4345669952030801,0.39430334715269916,0.36796821256693785,0.3643171308470798,0.36602363225922824
32033,6021,0.8319622432270095,0.7867678696306746,0.7420567051172754,0.7253829104228371,0.7337378415658539,0.74649786464203
32510,6021,0.6609938217150793,0.6055609041532029,0.5531877970543548,0.5243202082663696,0.5289120109560136,0.5429467137790916
4001,6023,0.6559761210220268,0.6434162431973613,0.6511380600810478,0.6721967108169111,0.7000306996567887,0.6857379325608887
4003,6023,0.7088211569563821,0.6774591617932234,0.6502297793735312,0.634032157432408,0.6407376522250532,0.6455015294369462
4005,6023,0.7319101565934119,0.662127543293376,0.623166468246575,0.6122559804151015,0.6239650866005481,0.6132367851514404
4007,6023,0.7959070920648319,0.7593685560579961,0.7260196092701786,0.7000210296981796,0.701830923293378,0.6997298320702101
4009,6023,0.7561182137665194,0.7340924847406175,0.7095468994506162,0.6959786974063226,0.6947045095436007,0.6834898244446801
4011,6023,0.7006943069089893,0.6958321067322202,0.6822463730501149,0.665631467470438,0.658022026601381,0.6444822477804326
4012,6023,0.6626658726958217,0.6332951662241131,0.6117496294682349,0.6062164903097433,0.6247475322917505,0.6362040448943519
4013,6023,0.647903263841849,0.6134420936616518,0.5850642427689405,0.5588942896056301,0.5504736388605459,0.5343941060296988
4015,6023,0.7133883540045446,0.6562698430908986,0.6163585499328922,0.5887136057549441,0.5842640211265783,0.5817966376336641
4017,6023,0.734417698220247,0.7028257796036809,0.6831161253429696,0.6773580624332375,0.6882790571601081,0.6744576864266195
4019,6023,0.5333245095609247,0.49668922828949585,0.4710103561141521,0.4488991894322803,0.4453353930506602,0.4314708354245661
4021,6023,0.7113907494472164,0.6731040754636962,0.6413453748438139,0.6178660140871851,0.6127539638429951,0.5941035656444753
4023,6023,0.4199972158424223,0.4396674395109818,0.477527084365109,0.5259412908655435,0.5858717745180927,0.6257676027603414
4025,6023,0.7020341506059713,0.6489811873616811,0.6076232901911909,0.5747973630755656,0.5659993895697566,0.5559692072120186
4027,6023,0.3935433930414899,0.4595656546822915,0.5325502315529603,0.5822443619783289,0.5953882592901226,0.5722281449236539
6001,6023,0.7793937905245987,0.7483734582220497,0.7200459572599163,0.6910449023810814,0.6721484273472803,0.64579798975297
6003,6023,0.46725890794964,0.5275101296747053,0.5967949930089229,0.6463828078406219,0.6283809497717694,0.5755653761093238
6005,6023,0.8361944378912274,0.7818500436454435,0.7316694503797826,0.6915733896392454,0.6719920926728206,0.6602715744691724
6007,6023,0.9116680635953794,0.8582559481122983,0.8136220622046485,0.781255061314799,0.7645066775457693,0.7372060093333934
6009,6023,0.909902223010122,0.864001280369612,0.8190094968426446,0.7854939758123113,0.7650494594716594,0.7504740546038141
6011,6023,0.48057888695878337,0.353289445041652,0.2445977739934529,0.2043817976913616,0.20859116733327318,0.2321014806325846
6013,6023,0.7712450086707014,0.7380593719854528,0.7093472971744927,0.6820658829206167,0.666397117029963,0.643870513467471
6015,6023,0.8766820252300991,0.8223887060300014,0.7778634976093459,0.7488510111080844,0.729693402810407,0.7186265267259151
6017,6023,0.8518468690500322,0.8012950135606959,0.7546313492039306,0.7185093011442741,0.69295196689892,0.6741245368992148
6019,6023,0.847118690110944,0.7842827949835169,0.7226722319099282,0.6717584800851263,0.6395505401777719,0.6295793434941116
6021,6023,0.8198592848168658,0.7667634481437968,0.7177434201205553,0.6987225700521881,0.6903327509381797,0.6661581422272956
6025,6023,0.5376445815017489,0.5467119561133644,0.5773209229620975,0.6042861795775352,0.641099660035171,0.664032305360124
6027,6023,0.867042266596711,0.8102484834799184,0.7674602995301185,0.7346454989034747,0.7216569874680243,0.7119808222331495
6029,6023,0.8377411294212609,0.7792398839175211,0.7156428464069681,0.6699751716016755,0.6462970418787571,0.6365168659685682
6031,6023,0.8157426223112729,0.7400715915972023,0.662776671646072,0.6080141085039522,0.5869323713438116,0.5828140613935967
6033,6023,0.9016755453171726,0.8449958845702855,0.7931968288001999,0.7500680751503055,0.7228594699814662,0.703827585537535
6035,6023,0.8376598779795604,0.754326269604271,0.6638744521132018,0.5995695826842674,0.5738868675758195,0.5699908587931605
6037,6023,0.8384959740053671,0.8056170279809772,0.7770076469103304,0.7448043478138356,0.7137844102476867,0.6996767626027863
6039,6023,0.8275209370810239,0.7773036281554208,0.7309764970265862,0.6906587919441783,0.6540514697275034,0.6279069493017481
6041,6023,0.7332329587769177,0.6945872478345836,0.6602620165460281,0.6274276631971426,0.6076317155223472,0.5822460791739741
6043,6023,0.7132941320169354,0.6056849880169781,0.5103208018148107,0.45839878728725114,0.44638531084430416,0.4629486101771518
6045,6023,0.8946040701915594,0.8140756404414875,0.7357338178302048,0.6807435812681059,0.6530737881768791,0.6361146975481027
6047,6023,0.8257453969467008,0.7518061627432092,0.683411593155409,0.6293236958683905,0.5981219456238147,0.5766016137112409
6049,6023,0.7457427611142143,0.6596482080468317,0.5696787137419845,0.5123826033466157,0.4965372036232256,0.5072855756569009
6051,6023,0.611326791097111,0.6079144109730458,0.6212552708876643,0.629802314323654,0.5837675519600077,0.5394357752961008
6053,6023,0.6287166180021296,0.4945752781681477,0.3692691471851807,0.31092694044591807,0.31234784227280327,0.3349624448243315
6055,6023,0.8057340925308363,0.7348656250811653,0.6895041078132662,0.6669378516394571,0.6629158716264995,0.6535362245600745
6057,6023,0.8811864149525882,0.8351423568420498,0.7921035987837037,0.7530831502979664,0.7240618106117162,0.7001567048247181
6059,6023,0.7705440873153553,0.7354795115255984,0.7073703227220722,0.6791697758342394,0.6595218184293641,0.634501093297354
6061,6023,0.8509454336671216,0.812507766739335,0.7767391803665562,0.7444577806905927,0.7213165712282432,0.6999657282088302
6063,6023,0.707106647999698,0.6068395285426561,0.4957956080523532,0.4164625630455277,0.3882245811854552,0.397730127377344
6065,6023,0.8565235704336374,0.8274306416819884,0.8136268614853864,0.8056459732507945,0.8088938567182291,0.8053614518177588
6067,6023,0.8192620271354774,0.7852897699352147,0.7566968290302537,0.7315896239032893,0.7170892402375393,0.6988816564650463
6069,6023,0.8571631015099733,0.7936532790311307,0.724730009638376,0.6649135576148473,0.6220126168482103,0.594861504891085
6071,6023,0.8481983140948235,0.8284267313952889,0.813404681079934,0.7969316386197229,0.7853672099733056,0.7656508857794555
6073,6023,0.79870194682507,0.7636278571618533,0.7383913816030127,0.7144011872455828,0.6997897017991284,0.680677330067511
6075,6023,0.8028746463448942,0.7704221999143971,0.7386772597177692,0.7076272542472063,0.6866470000090279,0.6548610647276812
6077,6023,0.9084036993366931,0.8510877100426536,0.8053707385330626,0.7667642011952707,0.7446917549268608,0.7219571359200467
6079,6023,0.8580455782900368,0.8044402640812846,0.766798985700081,0.7432793710177609,0.7348273052277915,0.7207929540937114
6081,6023,0.732557986775848,0.6996030114110908,0.6679674476917967,0.6362623237963215,0.6130547251391223,0.5828588537938746
6083,6023,0.8189095458428102,0.7444917728020949,0.6829968856804286,0.6518181997201027,0.6540852494569752,0.6605884632710913
6085,6023,0.7371718509540597,0.7065201462223015,0.6772820723276005,0.6476575849163337,0.6268039950861856,0.6015682695511608
6087,6023,0.8061002871121481,0.7067432230850536,0.6128667332422684,0.549518062068429,0.5340905252657476,0.5387392563890345
6089,6023,0.8986698870487313,0.8429098089254419,0.7903305680606901,0.7513219679752071,0.7332052143327443,0.7231694519924761
6091,6023,0.7414590155424328,0.6484755233891744,0.5404967281821318,0.45042898933025766,0.4063605744728714,0.39776616178161234
6093,6023,0.8286694218666758,0.7438350652161524,0.6622039533568891,0.6188821328180997,0.6114839387699964,0.6204091726855792
6095,6023,0.8199212307093052,0.7831631083589266,0.7508353047541361,0.7236045720946958,0.7108277953651887,0.6953191733949804
6097,6023,0.8133586761387259,0.7651903812313802,0.7246492663295729,0.6911784053705275,0.6722079344953685,0.6507979837982663
6099,6023,0.892231177039896,0.8515207791846914,0.8137607310599042,0.7704917624572379,0.7308669179854106,0.6971474827808377
6101,6023,0.8230040787262496,0.7618999659951552,0.6997899246775288,0.6374424171355143,0.5886651468288147,0.5573949492560997
6103,6023,0.8951438115022143,0.8434034374917168,0.7950526100064012,0.7627546523922238,0.7450044539443845,0.7268287980665271
6105,6023,0.7981954787055723,0.7088106820669282,0.6171409650524898,0.5524587751941483,0.5268383945247708,0.5253710910044715
6107,6023,0.7595215622218333,0.694970358044796,0.629911661450358,0.5932671854100648,0.5832031820190908,0.5913548808175807
6109,6023,0.8925616934985914,0.8288085875339171,0.7697401572804844,0.7220129042850142,0.6991608717397735,0.6894062440127974
6111,6023,0.8248687842464417,0.7802992131812908,0.7569932736072843,0.7561046865609939,0.7740017911817987,0.780880205048886
6113,6023,0.8146154636245163,0.7389821640861493,0.6726418502499522,0.6328417912022029,0.6177688408607227,0.611500322729706
6115,6023,0.9000440951063523,0.8466404271688965,0.792214368242849,0.749263233980603,0.7271747601440541,0.7091333085767202
32001,6023,0.7595488644200236,0.7106488566796298,0.6695172745817171,0.6412414577155728,0.6420020999014042,0.6474513066395408
32003,6023,0.5997585745658399,0.5466705969306436,0.5113863029313512,0.4741163977416142,0.4521741783133529,0.42534097248730474
32005,6023,0.72107663539434,0.662120420325845,0.6207385967731619,0.5865418934941075,0.5681359068390865,0.5523560544139461
32007,6023,0.7618355784220187,0.6558363019330484,0.5916855684307402,0.5434647910110072,0.529400473717525,0.5221606440736384
32009,6023,0.5042613229016293,0.49661075876734667,0.49945141284687067,0.49139887593383547,0.4810526577863587,0.4647918193203432
32011,6023,0.6346744929533613,0.5998288265251542,0.5652337887772612,0.5343165582474138,0.5325361552896629,0.5310288029012972
32013,6023,0.6832056554665046,0.6191657909581858,0.567851376778728,0.5268937095608645,0.5175721012692205,0.5088849155819198
32015,6023,0.6437381757363676,0.6163408349027633,0.5917334809973793,0.575302192009745,0.5802386200186807,0.5874119067811169
32017,6023,0.7111622776197931,0.6966923059672491,0.6891278230917768,0.6859062654234697,0.6963507960773317,0.7022677054824874
32019,6023,0.7443650399961763,0.691084638768959,0.6473587750858232,0.612559136607499,0.6038999310188127,0.6000794758072479
32021,6023,0.5563577662613394,0.5453154793184556,0.5380745926566334,0.5336620670378521,0.5404043578640869,0.5482139946836158
32023,6023,0.5152330633964892,0.4840666033892823,0.4660398359842546,0.4475069690156442,0.4391577700215496,0.4292843874735222
32027,6023,0.6308070228465313,0.5917637271267236,0.5613566646888244,0.5327929377751198,0.5211048756401809,0.5077183740319121
32029,6023,0.552521144986398,0.5103438642267769,0.48275662518929574,0.45959106247971393,0.457224613699378,0.46112307202237035
32031,6023,0.7058097436755073,0.6495478178451892,0.6075119321667729,0.5696184823208241,0.5532996623216748,0.5404909407408744
32033,6023,0.7490877038519145,0.7214451475091912,0.694099254583168,0.676023707857302,0.6712303909180795,0.6675086552032147
32510,6023,0.787651711507729,0.7288598746888514,0.6815593758249947,0.6431380815986057,0.6316668518906974,0.6242354216941441
4001,6025,0.661508189100021,0.6570206518408481,0.6635558965122715,0.6690666214695354,0.6848928219202363,0.7057874967885375
4003,6025,0.7231982218844587,0.7341289746919913,0.7470162784278356,0.7684966903507466,0.7896093570023716,0.7915263712621035
4005,6025,0.6402699487085453,0.6553495572053029,0.6808561448902768,0.7161664248249555,0.7412301523216334,0.7410975414956479
4007,6025,0.6544109660072943,0.6727511009074779,0.6902713737512618,0.703685187044123,0.7137339466568293,0.7094980840693378
4009,6025,0.6492038558657086,0.6501278859266251,0.6411503999528667,0.6409858245543213,0.6462809747430107,0.6450755233462504
4011,6025,0.5699846867110501,0.5705164716960582,0.5615189946205934,0.5551774323965224,0.5573803751521302,0.5556351271286836
4012,6025,0.6551081578165151,0.6646426298167066,0.673491775452217,0.6863620579986099,0.6932917053379124,0.6759318073593646
4013,6025,0.3967178486350636,0.3736170583045397,0.34825975889141514,0.3339382944017294,0.32764933539144725,0.32009756474380874
4015,6025,0.5955344598870755,0.5981806781620451,0.6015373958260746,0.6113513838967228,0.6193120669681859,0.6133317789650502
4017,6025,0.6837207235835908,0.6908360367374616,0.7084890265052851,0.7282025234359557,0.7546766316943575,0.7705320958572051
4019,6025,0.29544736139606254,0.27323164047855475,0.24750474645286807,0.22746218544308294,0.21804171580681447,0.21117914457465964
4021,6025,0.45183103384836043,0.4251074665602731,0.39982975809009225,0.3890442831161284,0.3847117596347962,0.3742618223239016
4023,6025,0.8109675937976116,0.7497192255823152,0.6548806007705711,0.5568307263583238,0.4943492673575753,0.46343936396724056
4025,6025,0.459623731492465,0.45083231617868846,0.44920738565726964,0.4555994026989834,0.46145810261086645,0.45399549492567454
4027,6025,0.6953265634688467,0.56198002077978,0.455118808451084,0.38417015592401826,0.35673110722659596,0.3915915432189663
6001,6025,0.4067107312510165,0.3776245911970285,0.35378494184800663,0.3413171075552256,0.33985520432559424,0.34602050142483515
6003,6025,0.559588121653265,0.46190730918652645,0.3250499595088982,0.23536943813033107,0.19453925142908415,0.2186841765236248
6005,6025,0.49414651785680447,0.5111122413104912,0.5425761040213399,0.5813231802373053,0.6093597135398756,0.6166411242963624
6007,6025,0.5740331641816462,0.5883715895344568,0.6197500004325434,0.6644449590395946,0.7031770117628114,0.7178865804643444
6009,6025,0.6164434873064873,0.6328193894308259,0.6634945852417159,0.7012521554282836,0.7281134526276967,0.7334353860016379
6011,6025,0.2369688879602542,0.3923923465674549,0.5569374751987772,0.69348515356322,0.7374158833612023,0.6932284092151298
6013,6025,0.43347090469464655,0.4110937630895891,0.393408996164641,0.38691198553362416,0.38949409261584556,0.3939806596053448
6015,6025,0.6178050622179507,0.6524640253526938,0.7016242357805033,0.7405411102806162,0.7420507887814054,0.7449291956456892
6017,6025,0.5446915394221252,0.5486176336179281,0.5612432978073922,0.5831151748620326,0.6006727223437683,0.6077303486182252
6019,6025,0.5350656309607641,0.6134746032789158,0.696370053388905,0.7502079519866689,0.7821077534688816,0.7990780863553875
6021,6025,0.5578546977483456,0.5700958111188726,0.6212984247589588,0.6933913221654672,0.7404172580658129,0.7612701666259316
6023,6025,0.5248276312431686,0.542774745072524,0.5825897196320616,0.6287820824942453,0.6583895536450043,0.6633590885624805
6027,6025,0.6741032285578136,0.6903893614177882,0.7213252387855434,0.7511706631485009,0.7682626205136525,0.766857163895906
6029,6025,0.6174344679270093,0.6728590749294253,0.725755422022922,0.7654423957613349,0.7945241031142204,0.8080094229324225
6031,6025,0.46553587382235306,0.5459196366155363,0.6351294304506524,0.7217379944293232,0.787783957207309,0.8020276928576073
6033,6025,0.5617473478211067,0.6072938422111842,0.6521157751220072,0.6872156755969528,0.711079126506339,0.708965386751943
6035,6025,0.396591587388331,0.46219695290348567,0.5628713237625034,0.6743206496540515,0.7454719822562853,0.7568260198884503
6037,6025,0.5853270863601495,0.5641979747264438,0.5475721227602974,0.5341662354008658,0.5275788294344921,0.5283086367060137
6039,6025,0.5644351851332782,0.6289589038371745,0.7229045732668247,0.7737863728321382,0.7887971334075098,0.8122060581550611
6041,6025,0.3492039676450731,0.3207732255259738,0.2978585324499784,0.2883222670904175,0.2894472784034149,0.295451863168442
6043,6025,0.3710205212785178,0.4615183795256109,0.5753397843552708,0.6798321345181946,0.734343796027513,0.7304810319231284
6045,6025,0.5264310458180331,0.5778320830233994,0.6486302974213207,0.7194544656949174,0.7540364254290285,0.7502854747322911
6047,6025,0.49746108863071536,0.5736462790273076,0.6743266153249043,0.7637989754402127,0.8188516075057869,0.8371643854618683
6049,6025,0.4179729988080946,0.5005797707664646,0.6151612688348636,0.7320513457822924,0.8031197987151099,0.8133630434138884
6051,6025,0.6429081846450988,0.6094478206474169,0.5608510833524954,0.5141290892451635,0.4857216137850734,0.5049639625114426
6053,6025,0.2586969177669708,0.3866851478932741,0.5374555215629239,0.6825130354173123,0.7521422759120532,0.713273401088359
6055,6025,0.5300074901180682,0.5463118707693136,0.5843745616067042,0.6074746308535489,0.5939460078169265,0.5786745469985457
6057,6025,0.5670031034896357,0.566788936720835,0.5825352749241517,0.6091345615022331,0.6328610296790675,0.6459732184833497
6059,6025,0.4749257866311967,0.4487096431057105,0.42316492649195075,0.40799277712585813,0.40420108571809776,0.40792905691823134
6061,6025,0.5525793468907778,0.5438226797004809,0.5410384727400357,0.5495480246021887,0.5597817171907615,0.5639552885594292
6063,6025,0.2808344796669232,0.38580097064874613,0.5255426431971779,0.6624578261494976,0.748789957924676,0.7578868181313696
6065,6025,0.7210033190282543,0.6809376269583544,0.6464293080000251,0.6155381220147088,0.5953019035363049,0.5879498787378068
6067,6025,0.537661066462079,0.526544866010755,0.5190050316724666,0.5192433586497085,0.5264042459908244,0.5316434061364402
6069,6025,0.4851658983464347,0.5428041787718854,0.6158557331253386,0.6867187455545958,0.7329168977019339,0.7407966695689377
6071,6025,0.6189943665685802,0.5959905310205434,0.5738962220971273,0.5630185112138715,0.5625013932213555,0.5684267895484935
6073,6025,0.5382557247790416,0.5132363191520217,0.48931471381595626,0.4762826864499,0.4742933768573895,0.4790744558199792
6075,6025,0.3815041809278562,0.3476384671428138,0.3188497024877423,0.3043405068764366,0.30140270939971964,0.30740808338785997
6077,6025,0.6069715298531909,0.6508509379384549,0.6990495093284491,0.7319984390554913,0.7493753029673832,0.7479775542164157
6079,6025,0.5928095649335114,0.5810621884660618,0.5785153944600073,0.5858450933201415,0.5872577934903288,0.582531863683628
6081,6025,0.2967167613158817,0.26896415593853207,0.24606333362541846,0.23539751748258503,0.2370701550962542,0.24494429525297418
6083,6025,0.5560688100577882,0.5836076467567217,0.6113105686141544,0.6430158617065095,0.6551904919097378,0.6378632739672314
6085,6025,0.28189762723384343,0.2602267876010206,0.2406572367872853,0.22985273171994158,0.22865450462149542,0.23025640163182426
6087,6025,0.40481081270050795,0.4817141399909957,0.585333714767499,0.6824379491124746,0.7354921135077988,0.7260443473547847
6089,6025,0.5810954310449555,0.6040465646579113,0.6442497902783824,0.6945898489594539,0.7300586654207503,0.7370992515254667
6091,6025,0.257115142899339,0.34796145721419913,0.481817130866118,0.6153439814253341,0.6998738681587566,0.7131635531833824
6093,6025,0.5218830932301551,0.5913982429309274,0.6841302414353205,0.7807217489602134,0.825136603801768,0.8127546488356636
6095,6025,0.5376864406189588,0.53475471729282,0.5391435397378859,0.5548386427670796,0.5732586446947847,0.5833096738631833
6097,6025,0.44064657311741845,0.42512503327350143,0.42564776226130197,0.43774944692960255,0.4501352424517592,0.459205533337046
6099,6025,0.609453398501218,0.6506717104126468,0.7011133916967327,0.7414665336963834,0.7784979617241968,0.8027227334951698
6101,6025,0.4824196317421331,0.573287611172239,0.6689345633177677,0.7527247290790327,0.8067466513008373,0.8219946421424379
6103,6025,0.599173142238456,0.6087298434173075,0.6498146421277116,0.7031761629772332,0.7396541873746775,0.7570524912537128
6105,6025,0.3874306744520768,0.4669649163897786,0.5746038046268084,0.6773330775942736,0.7337991516926193,0.7257091192276004
6107,6025,0.6011565412593572,0.6728424961067623,0.7438776663107644,0.7857761925486662,0.8123838814426818,0.8146574987416302
6109,6025,0.5741827070124671,0.5995887196606658,0.6418135473065727,0.69277715658265,0.736089607233246,0.7477617116515535
6111,6025,0.7184881503598596,0.6920200354057322,0.6608303278538241,0.6370339730104465,0.5984297688685355,0.5659458063029936
6113,6025,0.45057778100698714,0.5090255080498373,0.5752309159052108,0.6231896408567917,0.6392771196535716,0.6232368707339676
6115,6025,0.5845822806467271,0.6200481050655618,0.6702073310691539,0.7267359670288138,0.7751902878623708,0.7896859215000835
32001,6025,0.5882732273907103,0.6171352422077092,0.6529975049746685,0.6966580806937666,0.7269224576503079,0.7259070857289137
32003,6025,0.37191812321652185,0.34631243475523404,0.32758294468936616,0.3200444477619545,0.323483723917484,0.32461838057315034
32005,6025,0.5012694054582127,0.5110147858636646,0.5300985176211203,0.5542429862092679,0.5692197797356037,0.5632072688812035
32007,6025,0.48547719070824447,0.5002620526229888,0.5397907187704786,0.6059825561743494,0.6655060769822222,0.6827197287209599
32009,6025,0.4100307643705638,0.40936837226329464,0.4034110323636482,0.4198768993119831,0.453478181983734,0.47708357229938314
32011,6025,0.4681937663237238,0.49364200378861384,0.5255027383967189,0.5725011558891834,0.6124500381177597,0.6213033629431449
32013,6025,0.4110185336173461,0.42690382022699036,0.45881319411404115,0.5082212276650414,0.5535517164253879,0.5691264024174774
32015,6025,0.5694655793687612,0.6066839770520461,0.6520649392143827,0.7016940441051017,0.7447076237884139,0.7637703319118845
32017,6025,0.6928348708072966,0.7154964317786157,0.731920860936977,0.7419445994812033,0.7471404030540515,0.7381102454945727
32019,6025,0.5367707966350915,0.5526332894856518,0.5810767697282974,0.6192227153689024,0.6462002613458535,0.6452351653781099
32021,6025,0.4347551867190895,0.4504985619963519,0.46796170081968125,0.4902216863481115,0.503979695971739,0.514994489524791
32023,6025,0.2883090844885616,0.2829308494642028,0.28211306280283965,0.28565953994892035,0.28843446275047435,0.28392846814958717
32027,6025,0.38323404246822956,0.4069305218978781,0.4378617211626529,0.47771332027224084,0.5066322824378974,0.5092621935279825
32029,6025,0.379905501890245,0.38875610701240193,0.4069476864590646,0.42573339560358875,0.44088037723297074,0.4407316380313799
32031,6025,0.4449411020593339,0.4401478648554383,0.44660751652320085,0.4661226126631745,0.483778015131942,0.4855141187739803
32033,6025,0.6293345049257264,0.6495540179956104,0.6767954434074941,0.7142174724680771,0.7443001301506557,0.7578458487105373
32510,6025,0.5635106826860242,0.5737282100276488,0.5957485258924027,0.6311251368852552,0.6580511425825911,0.661132802971477
4001,6027,0.7447335556114558,0.7376406478779377,0.7399164021670412,0.7595981313794196,0.7770486267884005,0.7654851071481132
4003,6027,0.8429764058504843,0.823292837058039,0.8024736236811995,0.7899503280521298,0.7886277294500269,0.7858639012794676
4005,6027,0.8059043250711263,0.7566629686623627,0.7215606992896799,0.709208553994989,0.7077115161613772,0.6938684625759638
4007,6027,0.790890036074073,0.7629682592890421,0.7362567097161095,0.7156726297866358,0.7090581872535549,0.701300674305063
4009,6027,0.7351784419856272,0.7240346287100562,0.7058570123103781,0.6951608129687562,0.6902736395465023,0.6806515014435535
4011,6027,0.6350537129065764,0.6342563396302272,0.6243702671258894,0.612582893093923,0.602030582500404,0.5910685066475866
4012,6027,0.8099606567430804,0.7892898985368314,0.7730395065929575,0.7694823113287819,0.7795595858194182,0.7859255214220255
4013,6027,0.5159728621251787,0.4845855072217165,0.4569734902948788,0.4320970567383745,0.4164356426098569,0.39602727478093896
4015,6027,0.6970979579631101,0.6505908207418346,0.6166684833386556,0.592032887530913,0.5808434662530626,0.5734699230358978
4017,6027,0.8125717677203376,0.793836745283393,0.7781705041548753,0.777636233792405,0.7816132387785405,0.7681864043086175
4019,6027,0.361937497128102,0.32898465146005235,0.30391017188668307,0.2829198494779692,0.2717648818917186,0.25397482180844055
4021,6027,0.5702257518604852,0.5359956900916517,0.5048535414614417,0.48189165127057465,0.47148085282512825,0.4526885713715426
4023,6027,0.5753627382194041,0.5822672608726887,0.6052355897669991,0.6417615026114258,0.6884449246620737,0.7254744744849776
4025,6027,0.5852562550080476,0.5428093769647598,0.5070775816784774,0.47878983588206103,0.46378347097079575,0.44876721781151596
4027,6027,0.5106525291742422,0.5596667908558509,0.6160418626320372,0.6592040800585488,0.6852355161036278,0.6827857984118454
6001,6027,0.63134866854935,0.6024588904592028,0.5741846913399183,0.5472485694639135,0.5261790170469479,0.4984142634932778
6003,6027,0.5146779791355878,0.5573948605946129,0.6091103916466468,0.6411192521273239,0.6220220411585395,0.583495433126086
6005,6027,0.752615722690204,0.7077078172225503,0.6653415494395053,0.6294749720992407,0.6067983472156173,0.5886887835440383
6007,6027,0.8770818293198194,0.8359596220977704,0.7980777234498035,0.7706378924599984,0.7489363750714525,0.7183373025366756
6009,6027,0.8882055141719692,0.8531420367849505,0.8164458858170597,0.7860391502447369,0.7653978395190215,0.747550110443915
6011,6027,0.5478173247303929,0.45586892055838835,0.3699341266724453,0.32720345951466306,0.30778981846844494,0.3079639415720259
6013,6027,0.6458553014606848,0.6156202988914393,0.587008659987187,0.5601195258939815,0.5398011803954283,0.5135971868380886
6015,6027,0.8996899987346539,0.8599420421228579,0.8245300258622473,0.8007320662011392,0.77796851141097,0.7580833061278885
6017,6027,0.7800792895651005,0.7364812306929095,0.6957308914899708,0.6619206016130254,0.6343859425966742,0.6118761485516737
6019,6027,0.844307348625887,0.7985253318975785,0.7535777102877929,0.712919248706524,0.677667715664771,0.6580054707856183
6021,6027,0.8841347887053312,0.8462909976523304,0.8083488239407572,0.7899701714061905,0.7740957848889984,0.7467063700577948
6023,6027,0.8747676930532677,0.8217580913829837,0.7685735428014537,0.7273673132722197,0.6992374510676994,0.6712582500172962
6025,6027,0.6730399255641274,0.6721545546013353,0.683180110859217,0.6990684429979754,0.7303584809258009,0.7451772378267516
6029,6027,0.8976321956179093,0.8543600319497927,0.8067708404899252,0.7669763689421004,0.7376988519848647,0.7152709947861372
6031,6027,0.8166988107970969,0.7630543854018426,0.7066258693733254,0.6610162318319254,0.6330386360169538,0.6171137567651406
6033,6027,0.8718797748918613,0.8284846269736601,0.7842564734495305,0.7456583150061142,0.7169198789449998,0.6917047171700039
6035,6027,0.8004999443507614,0.745098065705196,0.6766067394788594,0.623411838774709,0.5931055992636384,0.5739679385806029
6037,6027,0.786614344990957,0.7602182241900737,0.7342030897390928,0.7026099921005001,0.6699881620440095,0.6511639004341331
6039,6027,0.8813640776195799,0.8428580348715734,0.8091177460595025,0.7777693626455282,0.7401249196798654,0.7065533530385903
6041,6027,0.5902393003626646,0.5550466695909152,0.5216611603346875,0.49154598252877746,0.4689717958880524,0.44139213132222666
6043,6027,0.704061853115648,0.6216347647768469,0.5398447794433994,0.4886629018677426,0.46231604253389,0.4594531632695708
6045,6027,0.9028582248244487,0.842356437713472,0.7786806986973739,0.7313595979902365,0.7004774284078976,0.6748767155359259
6047,6027,0.8593542568769503,0.8099817768693788,0.7577838456521874,0.712832194352271,0.6763096067327385,0.644712865011059
6049,6027,0.7703806852825497,0.7116749170864692,0.642010756680974,0.5894578683334063,0.5617280223071706,0.5533464782218942
6051,6027,0.6977607685973921,0.6796722671889829,0.684883646321058,0.6798323627131183,0.6436862725364237,0.6128612567603912
6053,6027,0.6565415386623341,0.5608797709659014,0.4622672983106078,0.40526959728169765,0.3851691318822558,0.38376669992221846
6055,6027,0.7701428167729505,0.7084561747881719,0.6636032958704228,0.6381766897893614,0.6230986773132577,0.6060705519443597
6057,6027,0.8218114360442882,0.7828109299658985,0.7450638903673488,0.7110797342149618,0.6830933116152526,0.6577335306685215
6059,6027,0.6747685457857365,0.6421628910226073,0.6131668947084231,0.5851398991070337,0.5619915772084085,0.5338237717206523
6061,6027,0.7741639405357338,0.7383651583033621,0.7053923318842911,0.6753249280432156,0.6505767603447888,0.6266058730723763
6063,6027,0.6895227997269482,0.6197521577484579,0.53376845904567,0.46730375094949966,0.43234705906433385,0.4227383576815235
6065,6027,0.8491456517511197,0.8202488177263584,0.8018701865847694,0.788859501522815,0.7848777671016895,0.7740382702001594
6067,6027,0.7294501471711277,0.6987382654469915,0.6715759267151812,0.6478100620414375,0.6296924552877848,0.6080744785911115
6069,6027,0.8847573193134698,0.8359336809852999,0.783129808345788,0.7335200730931921,0.6899771983012926,0.6588173682863991
6071,6027,0.7864006684067136,0.7667438310011616,0.7492050813960053,0.7319230239284056,0.7164149251327024,0.6940357420828965
6073,6027,0.728071263040999,0.695202709124331,0.6682613097337238,0.6432165672441771,0.6232814551602834,0.5994294666433836
6075,6027,0.6816868655364392,0.6516474612747252,0.6199179298773346,0.5907768820291827,0.5675349654223061,0.535738836719686
6077,6027,0.8918411231930841,0.847590031099339,0.8086732901915908,0.7740674811211257,0.7469984972574211,0.7178389909290211
6079,6027,0.815297656334557,0.768150201334248,0.7312451617014033,0.7065136895598744,0.6915089508081493,0.6721784565447795
6081,6027,0.5653522325251643,0.5341798773443364,0.5028859004430202,0.47295288408057884,0.4475146650593611,0.415901177403103
6083,6027,0.7905170777866238,0.7285591864974174,0.6731744324732837,0.6405892094789187,0.6271202039468008,0.6192628951978504
6085,6027,0.568017931549939,0.5381241405161283,0.5084698911181689,0.4795543930218981,0.45567016337643423,0.42780155622325555
6087,6027,0.7725093810003785,0.6987452426957945,0.6215479414592864,0.5655414253628303,0.5385492593894862,0.5236444739294417
6089,6027,0.8666566454671654,0.823908172643357,0.780458616787122,0.7459717675611178,0.7238551389015847,0.7062572780980965
6091,6027,0.65964511495479,0.6005636078065721,0.522220596513498,0.45247567783101583,0.40905999756498385,0.3855753875802216
6093,6027,0.8465618280363313,0.7853809856211562,0.7194840436327768,0.6777354017846292,0.6587897410250166,0.6518307656449935
6095,6027,0.7431528569922371,0.7127929961430447,0.6838240093313036,0.6589639311381871,0.6414644889621625,0.621194771494376
6097,6027,0.698509322006155,0.6555783320391844,0.6171612962359296,0.585935593655556,0.5628528936075777,0.5374821370645972
6099,6027,0.9280651949146651,0.8977155667872697,0.8676136946160262,0.8311570646278421,0.7930080206802099,0.7574074544663661
6101,6027,0.8580455646809821,0.8150245645043395,0.7683939561938803,0.7191133939048938,0.6718710448968496,0.6346567334422166
6103,6027,0.8829325585753988,0.8407145483612035,0.7994486943384486,0.7694827633134423,0.7468024542895272,0.7214086067527582
6105,6027,0.7757183931873747,0.715400415444851,0.645742770417057,0.593615318981821,0.5655636487102146,0.5510242368474861
6107,6027,0.8383274909119822,0.7861850241206412,0.7364137093453591,0.7042003626007697,0.6865648436865059,0.6806377345391494
6109,6027,0.8676217887667077,0.8192767884591563,0.7708533404956186,0.7296763864384803,0.7047279291118028,0.6876618101755901
6111,6027,0.815416266274491,0.7740027688786533,0.7457826586311949,0.7376747371411416,0.7415884586072151,0.7392435504056546
6113,6027,0.7217743732464977,0.6627397063153182,0.6074097722581844,0.5683692498125715,0.5424852523289281,0.5217088905666312
6115,6027,0.9103261474689287,0.8717852224958555,0.8292755245385558,0.7942577549259121,0.7709545591219147,0.7478913265246966
32001,6027,0.7243786270866972,0.6915358120688693,0.6576408978071996,0.6315727209897026,0.6225384139929192,0.6188831611797575
32003,6027,0.4902337507820903,0.44366288642645263,0.4095884322958038,0.3759613803471256,0.35267619375628895,0.3247659182908787
32005,6027,0.6359533044520164,0.5865356801976666,0.5482819955472987,0.5153188677995298,0.49336863457414515,0.47438289041170323
32007,6027,0.7395411802189704,0.6605484482138878,0.6119245468525069,0.5728294394430323,0.5536785618218766,0.5384780133934317
32009,6027,0.4993474596690564,0.49362643709016657,0.49442492973295055,0.48431791657435774,0.47259699532196686,0.4576097212320943
32011,6027,0.6997350870620419,0.6832211583755954,0.6557975845100268,0.6298600599586236,0.6195530075773386,0.612723089903111
32013,6027,0.5742491394938899,0.5302307221879721,0.49407731268641664,0.46485563073882663,0.4495229302096507,0.4350578552892776
32015,6027,0.7413934362996908,0.7287039965895789,0.7108012198552923,0.6971631503541947,0.6954804560156537,0.6977702435494474
32017,6027,0.8102620429673959,0.7990483403404243,0.7897009360608128,0.7841134568100785,0.788481750010452,0.7906861374375403
32019,6027,0.668186504110177,0.6298369475368292,0.5933831997130772,0.5613286230661018,0.5473918680556615,0.5359977848548905
32021,6027,0.4910913605885467,0.4834844536954984,0.47709869473508365,0.47198277268070915,0.4691289635140767,0.4681253845325273
32023,6027,0.342616833198746,0.3158808126625399,0.29845433895379825,0.2810405318362131,0.26944066964158697,0.2557742884543154
32027,6027,0.5361219116926909,0.5074934014878497,0.4774200378528084,0.4499759328750153,0.43153047214205725,0.4149468013979356
32029,6027,0.4315865474396922,0.3999127204711446,0.374851941932666,0.3518745832787875,0.3418759290787441,0.3370798059882408
32031,6027,0.5801298751651008,0.5343870580275509,0.4972006858797502,0.46287636154252193,0.44147211482287574,0.42304422958817145
32033,6027,0.8598527852610439,0.8377142836730028,0.8096693101160573,0.7895920027919192,0.7756402188682087,0.764245143957021
32510,6027,0.7500797828934193,0.7046641176934282,0.6617793334879868,0.6256809094235151,0.6072207546470509,0.5933219780497595
4001,6029,0.7061288080257528,0.6968091541643089,0.7399805653535731,0.7592798021649108,0.7450244020993234,0.7091698301503926
4003,6029,0.8194237313992984,0.7965924905409292,0.7822444003584731,0.7551980347509185,0.7332710348559613,0.7158187891745407
4005,6029,0.8058765966870751,0.7562906180316513,0.7434168599686495,0.7142554629230645,0.6798672824614272,0.6453657711137575
4007,6029,0.8154282823602168,0.7746851719704769,0.7545497468938753,0.7206272204114077,0.6914880462167099,0.6659516114216336
4009,6029,0.7659744282567514,0.7474142719211906,0.7426338025541701,0.720307531287709,0.6923421960768336,0.6622536029501799
4011,6029,0.7013682050708827,0.6900336220622533,0.6803736822798299,0.6538352468478331,0.6263219117188286,0.5988679025625823
4012,6029,0.7729546291936388,0.7490659267669209,0.7350690798878219,0.714334895583183,0.7039044064540108,0.6940314384085616
4013,6029,0.5373952454584812,0.5074720096891079,0.48760344324129595,0.45726315372130477,0.4317613531909855,0.4038668361054892
4015,6029,0.7048296960162961,0.6595338428939272,0.6267486038615514,0.5887833052725132,0.5597753476328367,0.5420582492697178
4017,6029,0.7910007552690708,0.7640681035505118,0.7770699247315067,0.770369385319727,0.7424797725359684,0.7031910842840198
4019,6029,0.4033864645616161,0.3725311721418125,0.35892234246738275,0.33606958345822746,0.3132864410197083,0.2888111159654097
4021,6029,0.5770613921122855,0.5462493459186268,0.5304837632859631,0.502759122254725,0.47608302381403095,0.44133789519887234
4023,6029,0.5038918666223438,0.5127202784623639,0.5682561523523653,0.6312383903986716,0.6924427956848245,0.7348149863533155
4025,6029,0.6116400854460279,0.5665673708631829,0.5333931673668156,0.4938712380740381,0.461992865890665,0.4359375262078406
4027,6029,0.4812674634577247,0.561691898386755,0.6399860002149225,0.7079239824013037,0.7457583208763878,0.726612800454545
6001,6029,0.6398594769391743,0.6149271741795975,0.598104051046202,0.5721284118510304,0.5401877174703994,0.5038856776402744
6003,6029,0.4170851779357028,0.4987900512372076,0.57145663884473,0.596009707958086,0.5776289359840868,0.5577147669767087
6005,6029,0.7608234824611169,0.7133893747083118,0.6688607608783546,0.6234685696946548,0.5840328724184695,0.5555477092576241
6007,6029,0.8672273086576782,0.8184807877032965,0.7885388926537127,0.7464001732890638,0.6990051863332143,0.6515510663264326
6009,6029,0.874615910316944,0.8328295919828226,0.7943800372851174,0.75060876864273,0.709589102463552,0.6786673634413778
6011,6029,0.6031124332603797,0.45621604271339616,0.32926634271808813,0.2415254677037245,0.19082308548701,0.17482926567438767
6013,6029,0.6501921869087991,0.623496754338547,0.6045146633008679,0.5772265335152656,0.5460557074455206,0.5125926356970486
6015,6029,0.8606391243430018,0.7986710474804412,0.7565838785397683,0.7280841478257987,0.6884596007838752,0.6456117521051714
6017,6029,0.7823151436931008,0.7404970981268149,0.6974951171471802,0.6508827035168409,0.6066694432389883,0.5730148410317262
6019,6029,0.8790904940692338,0.8002615727862384,0.7427967643672838,0.6829856791033745,0.6147446657756218,0.5745755891418849
6021,6029,0.8435566507715492,0.7952037386132886,0.7591112612761789,0.7247079821212725,0.6800257974201137,0.6242946893463384
6023,6029,0.8553264253967018,0.7916188741188995,0.7373010740318712,0.6827459024744968,0.6303794921346144,0.5824854424920357
6025,6029,0.6174868696876187,0.6118732391348404,0.6390871599895015,0.691998834736149,0.7378329054169976,0.7501831639381943
6027,6029,0.8928598615640488,0.8341865826578566,0.7910802352762932,0.7507568954271993,0.7130872510684801,0.6838047166405633
6031,6029,0.8554330730364648,0.7769001584499919,0.7129804986352031,0.6324625892328463,0.5619925792471435,0.5277474821135453
6033,6029,0.8543541530024985,0.7911541030277774,0.7447966385056551,0.6923731282079713,0.6405355161004906,0.6086313080770129
6035,6029,0.7996929742702997,0.7234507634867664,0.6397402638928403,0.5621089357296997,0.5047609972237891,0.46312147148655786
6037,6029,0.7682851009259242,0.7452886690797415,0.7282282963684854,0.7032203442595394,0.6661764781815968,0.6330001991981797
6039,6029,0.9038704188923279,0.8239715104122631,0.7673552427517205,0.7300704304640677,0.6659196651933761,0.6026949521389636
6041,6029,0.5965494175337678,0.5657117039737909,0.543893922450612,0.5129348146662508,0.4780592088713024,0.4418041806538103
6043,6029,0.7439888082477287,0.6405809176340723,0.5383425137398027,0.4596021731275464,0.4091009970468039,0.3944652900266083
6045,6029,0.8843444027659846,0.8073083666452885,0.7343315008720299,0.6682146614570453,0.6121616563876588,0.5676086772049733
6047,6029,0.8826104461866249,0.7975512570686005,0.7262029620116691,0.6544470230873366,0.5804520590420804,0.5258831789307815
6049,6029,0.7844837212233147,0.6917211173406052,0.5952610298112081,0.5184364273034711,0.4709775036463965,0.4510259545000569
6051,6029,0.6213910345710386,0.6380686099281935,0.6475966509323663,0.636497188290263,0.5926685204533441,0.5681160916103575
6053,6029,0.696687956013073,0.5558175394848109,0.4200000241361892,0.32050265704788,0.27598257123362996,0.26578203097899833
6055,6029,0.7784382284077225,0.6997949467908173,0.6450141214038673,0.6197933306413277,0.5974039145240331,0.5660196819644663
6057,6029,0.8213663562830092,0.7836383924728653,0.7484532021716277,0.7026032357076611,0.6546618342886549,0.6157546393738187
6059,6029,0.6661175397673229,0.6404676417750182,0.6224431500371773,0.5960803157256475,0.5637043503623476,0.5291672097560456
6061,6029,0.7605759554887103,0.7282878014865983,0.6996980767547676,0.6617201297753617,0.6222533300009284,0.5882474036484333
6063,6029,0.74809973825701,0.6383025168901616,0.5191937816917466,0.41671843473821113,0.35139916681459793,0.32414389147614503
6065,6029,0.796278249413702,0.768258295132142,0.7604440041380051,0.7585667667198217,0.7483580243873642,0.7291648558220946
6067,6029,0.7261288388262757,0.6983581108724493,0.6805364820100698,0.6544547290225663,0.6229049056163208,0.5928679077794181
6069,6029,0.8553016188610632,0.7933308986944863,0.7252803131656628,0.6472359686471636,0.576686765996012,0.5290171510189045
6071,6029,0.7607773171552755,0.7458708041176814,0.740431141236381,0.723100889801981,0.6971280291927109,0.6666873450311611
6073,6029,0.707865633560418,0.6809653171925113,0.6653109157260367,0.6421202853425528,0.6138916525633433,0.5846483808649404
6075,6029,0.6669993706613087,0.6420152227503476,0.6229487287971699,0.5944289463201718,0.5610304078677257,0.5202035919219257
6077,6029,0.8877940215284759,0.8264498207795309,0.7852769241061973,0.736669425263451,0.6824247291104973,0.6396367032430047
6079,6029,0.7939826273170957,0.7502628829475935,0.7217207154705075,0.6936633047267557,0.6649539388480874,0.6340235476066319
6081,6029,0.5708045852145492,0.5451980452877857,0.5257344936355735,0.495888599605714,0.45895215910118137,0.4193886611121213
6083,6029,0.7924393216307758,0.7149191287904494,0.6573969913273697,0.6153030661633517,0.5920946489485002,0.5804658671683935
6085,6029,0.5727265849185139,0.5445865653539319,0.5220666858717223,0.49071866502509354,0.4560516335897162,0.4213026050799161
6087,6029,0.8158576195589183,0.7062621720008144,0.6035724945479796,0.5205161423686803,0.46854130462635024,0.4390938013668615
6089,6029,0.8542731216681727,0.8014589918044247,0.7537116626593171,0.7035914828074354,0.6587539270967203,0.6261019333712139
6091,6029,0.7162913391535479,0.6247212457081176,0.5123320019141515,0.4075735897802623,0.3321648744024784,0.28488255230266984
6093,6029,0.8469641242395761,0.7585964459648592,0.6728503596560723,0.6077324235349891,0.5687057564724545,0.5456796732192248
6095,6029,0.754533527950318,0.725791634739895,0.7036202733366969,0.6732350936390473,0.6425682587415077,0.6151523474008439
6097,6029,0.6980683342785194,0.6566912871302119,0.6243728701773954,0.5889851252032304,0.5519131359005631,0.5145355292202964
6099,6029,0.907410616303978,0.8651060389873839,0.831404635898595,0.776968505183108,0.707637573741959,0.6575482852941086
6101,6029,0.866449075723207,0.7934688045360869,0.7293251973403274,0.650517534036057,0.5698828993090708,0.5138703232585341
6103,6029,0.8634196000022696,0.8127162583640438,0.7703484941488132,0.7300327346788358,0.6849747317424609,0.6390306899343429
6105,6029,0.7719263454934737,0.6870389921570134,0.5973498515759382,0.5172385694505598,0.45805424862616356,0.4241596045554003
6107,6029,0.8504638034309326,0.7603019326425565,0.7022717068976847,0.6614279209301588,0.615054986961397,0.5891840015033375
6109,6029,0.8779872836096209,0.8234426008865657,0.7704001957809156,0.7120145755224488,0.6648735308614445,0.6348855829191619
6111,6029,0.7785013639606172,0.7330454050997416,0.712827357362288,0.7102225191608464,0.7152924914499574,0.7078868266756543
6113,6029,0.732232827561446,0.6537424616029177,0.5897006816471673,0.5356353645736066,0.48719391565230274,0.455138433363654
6115,6029,0.8969566509119358,0.8456771083109366,0.8021409294123841,0.7501101176863054,0.6956260394223623,0.6546713642730494
32001,6029,0.7518748218057375,0.7108434301667026,0.6759404188135617,0.6314930183468732,0.6021564090453883,0.5883023852057034
32003,6029,0.5201727987848935,0.4794619087468599,0.4506744775566723,0.41464330116407394,0.38044065441607045,0.3477780121939278
32005,6029,0.6709747464971804,0.6182053311048559,0.5711750307781509,0.5208684689962177,0.4820827325563444,0.45516496893642894
32007,6029,0.7877611764022302,0.7087434953317223,0.6493704854084247,0.5801848340493614,0.5230007485547277,0.487580531012306
32009,6029,0.5422938260820015,0.5475584820383614,0.5626492134381351,0.5478431197621662,0.53310769380522,0.5242567427023092
32011,6029,0.70827982316593,0.6769975516362395,0.6498187157909849,0.5981049628716862,0.5630760521367489,0.5461216565468223
32013,6029,0.647725089476045,0.596641625573643,0.5585658626980355,0.5030765687014636,0.4557409487128324,0.41914796877944654
32015,6029,0.779806701351356,0.7506162311345028,0.7328245181460847,0.700124370281116,0.6776102304154081,0.6650956023991459
32017,6029,0.7887772307367527,0.7636746412222357,0.7585772046704644,0.7397411635791947,0.7264846972283016,0.720178438618607
32019,6029,0.7021027513960267,0.6544676848176121,0.6114016469685563,0.5605557202639392,0.5252613083320555,0.5041456244245226
32021,6029,0.524936168581357,0.5131568885357691,0.5055851899025207,0.4901626055888918,0.4791689078107339,0.4762705288396606
32023,6029,0.40505712346464934,0.37763708006151525,0.35928093901607167,0.3362180511052281,0.3153876389707092,0.29679522925404755
32027,6029,0.565627336439557,0.524696298761591,0.49237967821936574,0.44539569870829465,0.4080959245655235,0.3811273946727374
32029,6029,0.4962044248828777,0.4531362897369409,0.4196586307834959,0.38562503158858447,0.36284722017055154,0.35321158417411835
32031,6029,0.608450475234458,0.5613408834052328,0.5209364627110518,0.4727597840718428,0.4350797280358992,0.4088349246071975
32033,6029,0.7966387722147272,0.7668922751279362,0.7469065098233046,0.7173333832530291,0.6876206275513268,0.6599291393944907
32510,6029,0.7607210598311878,0.7067342332952786,0.6620681615790953,0.6082355093822978,0.568452166221892,0.5424094858825244
4001,6031,0.6904546720007549,0.6677940850220571,0.694529653088699,0.7414817570334616,0.7611531161629993,0.7184444990908064
4003,6031,0.7491567872494003,0.7125690769140739,0.6852100473036934,0.6577516047390436,0.6430674728778017,0.6272839402989171
4005,6031,0.7303607254478129,0.6558400332980096,0.6205740683709189,0.6072800416829147,0.5976654185028113,0.5605053104846136
4007,6031,0.7873752412981886,0.7338957418359794,0.695273860843422,0.6629639136744699,0.6457999499570154,0.6253999737942614
4009,6031,0.7307874532624419,0.704188886381149,0.6906901863283699,0.6798568096989307,0.6683732475717596,0.6434047049688449
4011,6031,0.6499582194464638,0.6373020150255682,0.629047838460111,0.6096736896887949,0.5916224642421333,0.5696084899069643
4012,6031,0.6771227881280995,0.6316816330152821,0.6039326879998695,0.5916554873215605,0.5998072580448928,0.6033123398512726
4013,6031,0.47600720982367184,0.4533964684662404,0.4416678882804533,0.427106858716092,0.4177013513140528,0.39754383343417254
4015,6031,0.6223591058070831,0.5694341150434841,0.5300596371744761,0.4970866509898054,0.47916106845584755,0.46518386451783744
4017,6031,0.7830919535062011,0.736734401097274,0.7217253917166117,0.7237613396241289,0.7179146794442643,0.6732760837624497
4019,6031,0.3610201819385496,0.33755563316254983,0.33073315115685886,0.32486691015909513,0.32220958823366114,0.3039733603774662
4021,6031,0.5545479744777598,0.523238139109277,0.5091904696341627,0.5006708405399415,0.49597426927081867,0.47153975991986646
4023,6031,0.3832473498465027,0.407872210301393,0.48450970131403304,0.5889718110536848,0.6954553864527919,0.7662600392528871
4025,6031,0.5782456642524175,0.5285873967231597,0.49123475072376177,0.45592054265421744,0.4340257002252336,0.41277837016053004
4027,6031,0.383210837980815,0.5172119667935893,0.6557520305910852,0.7596281318645186,0.810129247974691,0.791795872724773
6001,6031,0.592765963186047,0.5769501157124921,0.566959061486215,0.5529380756479633,0.5338585813538951,0.49914247530696426
6003,6031,0.2785217804103909,0.4043466139871063,0.5631698536597077,0.6636282989386715,0.6535273277862155,0.5898068790776988
6005,6031,0.7385235164803663,0.680485247328859,0.6156005377541033,0.556016962404241,0.5119859861825853,0.47810826269755496
6007,6031,0.8531883869152251,0.7917429718804512,0.7371324689345865,0.6876264704925473,0.6397322239070191,0.5796232537700113
6009,6031,0.8587049876863666,0.8024134227661258,0.7424810874491116,0.6863886840979219,0.6387116376869137,0.6004238201197359
6011,6031,0.6663425439624906,0.44916920668813465,0.24304880485031904,0.11064171204968655,0.050203418320334744,0.03761771669345109
6013,6031,0.586490410876609,0.5657099713085114,0.550295840970932,0.5327076530007789,0.5123651910584591,0.4795335386280664
6015,6031,0.8446858225877274,0.7676809751504148,0.6946035281189156,0.6496835570705833,0.6152419514857607,0.574307034512295
6017,6031,0.7348248062920024,0.6901967241670623,0.6396179936134262,0.5893572271237236,0.5405419314975086,0.4997445613004382
6019,6031,0.9231918788255247,0.8169758188364342,0.7125288324992601,0.6288039295208278,0.5546471194471257,0.5030280407309387
6021,6031,0.8520038515681119,0.784074341045027,0.7179931081993965,0.6718763511291367,0.628469474562086,0.5615212994957561
6023,6031,0.8467291587680869,0.7697463719050797,0.6898600310568233,0.6230539745287378,0.5728132848421518,0.5225634686039289
6025,6031,0.45541183688222403,0.48481876261863943,0.5389765393188729,0.6152810607307968,0.701432961665657,0.7473023677539639
6027,6031,0.8225716781022872,0.7518084476248519,0.6890918723917802,0.6394080638137325,0.6046684834598337,0.5739144009418761
6029,6031,0.8805381008900374,0.7875735178830667,0.6892027757546602,0.6165019619068345,0.5566843426675809,0.5054285397210239
6033,6031,0.8440419868442243,0.7648588204259199,0.6884012342050768,0.6207066093710759,0.5629154349222778,0.5200786559874784
6035,6031,0.8707846529582289,0.7573665164002082,0.6146958573113468,0.4901513186450164,0.411233119828905,0.36388615182164186
6037,6031,0.6713834789580102,0.6555107452577247,0.6454167018458128,0.6343364406339231,0.6141068567743424,0.5859611026749021
6039,6031,0.897620032295212,0.8145849244117087,0.719000720821977,0.6484816163652168,0.5809017790957056,0.5046996752010589
6041,6031,0.5349012185014135,0.5117546340089962,0.4956097256181252,0.47713642817500385,0.4552779685058853,0.419141191134488
6043,6031,0.7697218668457175,0.6228861137074363,0.4649247196151413,0.34652578854863636,0.28106379780359997,0.26855377200326985
6045,6031,0.8700373175254309,0.7672978666617631,0.6556287125981358,0.5636207391881237,0.5048538361796341,0.45965950046974047
6047,6031,0.9135881191605901,0.7998726767363314,0.6801236242795362,0.576117576091363,0.4870418368751559,0.4125518355178311
6049,6031,0.8507674992225847,0.7162906036856719,0.5580909626873557,0.4269362792992347,0.34719396806262753,0.3151758269638597
6051,6031,0.507460728575442,0.5448214651955645,0.6035629765683991,0.6339894977856916,0.5818234793403527,0.518057799277374
6053,6031,0.7535004258995436,0.5530820150423182,0.3386574600298736,0.18967884220190603,0.1257042233836388,0.12169348087112164
6055,6031,0.6926208010542031,0.613141048700903,0.5447782112186285,0.5079981405057157,0.498752284526379,0.4785060096976448
6057,6031,0.7816843595812928,0.7387873481890772,0.6922800052269824,0.6412290414941237,0.5899474414371835,0.5413829824481566
6059,6031,0.5698411035652763,0.5542507502207165,0.5447122681412914,0.5328320356893363,0.5145822462109191,0.4824475080751709
6061,6031,0.7028495645246421,0.6700993864145471,0.6380309702883808,0.6030042756119505,0.5653595987964454,0.5263764662116038
6063,6031,0.811268963805825,0.6551884240000979,0.46417419919257813,0.30014017772604995,0.20223473383774052,0.16544343642269144
6065,6031,0.6838379760269069,0.6644994393508361,0.6624709724918295,0.6755709452558266,0.6894542060738444,0.6837727707617118
6067,6031,0.6630504073041839,0.634799377985316,0.6142262239396787,0.5944100519491344,0.5711901589964139,0.5396150727899065
6069,6031,0.8534234303273616,0.7657425637588487,0.6616020176598246,0.5581049692988067,0.4659418454586325,0.4029481941856164
6071,6031,0.6822335825946457,0.671898484161653,0.6702611955272915,0.665205287367872,0.649388236027842,0.6172567664810141
6073,6031,0.6133426486224979,0.5952391558276764,0.5859925109599181,0.5753926989120015,0.5589821406278582,0.5302808117088286
6075,6031,0.613934324130324,0.6003628402382643,0.5899900977523829,0.5756110270045965,0.557063346014813,0.5188223116406211
6077,6031,0.8617932077660491,0.7819990813800987,0.7152825314590704,0.658329372584871,0.6058500838329707,0.5534674577902352
6079,6031,0.7087289900017818,0.6623835924330391,0.6285673984562973,0.6069423464757687,0.5909159725167922,0.5631729063228499
6081,6031,0.5315454315242382,0.5154598270729014,0.5021273188122845,0.48340351201465837,0.45869050143666307,0.4191132948394285
6083,6031,0.7259091621682823,0.6316665917393324,0.5504036747472835,0.5010454880168067,0.48516297248879725,0.48103150745804685
6085,6031,0.5584544010764544,0.5376678031193318,0.5207054094191281,0.499343349283445,0.47462209763613106,0.44076524518868737
6087,6031,0.838484235451268,0.6968322316102534,0.5400191795807602,0.417750518344198,0.3543288450702877,0.326651598658274
6089,6031,0.8498283655020561,0.778006484030938,0.7021788812125264,0.6343291292864808,0.5831149761247227,0.5429747122209277
6091,6031,0.8308108281319647,0.70254151178598,0.5248447689035133,0.3581049470336951,0.2522861250012171,0.19994775440992102
6093,6031,0.8808736705387707,0.7536395142877269,0.6164121023367947,0.5152177376029842,0.4635765002442742,0.44137395292285087
6095,6031,0.7045022826670099,0.6723736245134552,0.6437922989493635,0.6128921631141802,0.5843993296754552,0.5522326603732548
6097,6031,0.6512740032444215,0.611265275270552,0.5740102323487922,0.538673453351812,0.5070310156801363,0.4672866940489683
6099,6031,0.8917709830825311,0.8357434509474219,0.7788826426233467,0.7120533129669903,0.6299737683076273,0.5551204076823295
6101,6031,0.9038584052759828,0.8048351490648618,0.6910398199787678,0.5772214914650781,0.46991438487238923,0.38862384573297876
6103,6031,0.8497639492034024,0.787332411617815,0.7193549083635566,0.6616127311003511,0.6134414779925451,0.5566465033009022
6105,6031,0.8444706427989611,0.7151815169051778,0.5690500688322274,0.44494370838162256,0.3704403298146323,0.3339155147976239
6107,6031,0.8596912495290794,0.7424200073883837,0.6325333267515275,0.5726885298796216,0.5349346984539259,0.5099880768782497
6109,6031,0.8530225830075939,0.7836976479016174,0.7049275838506106,0.6276238491328199,0.5707538176761653,0.5337675130632866
6111,6031,0.6629523552663765,0.6215387355715083,0.6067343787648776,0.622736996874561,0.6586133096452761,0.6726921090466971
6113,6031,0.7374630882120118,0.6303228358355786,0.5302586266836545,0.45932761475649264,0.41261422743498555,0.38176407063288276
6115,6031,0.9006148765110136,0.8277393439409947,0.7502104911271722,0.6780648788808458,0.6179076233654675,0.5668219442026323
32001,6031,0.7790725123538434,0.715740088032093,0.6605526557727328,0.6073136267420541,0.5765069400243863,0.5630896648381745
32003,6031,0.44073114605814,0.41290863278487455,0.39406902240865516,0.36909224275968744,0.34608458633896527,0.3152471529039779
32005,6031,0.6448724891881622,0.588329365267226,0.5346528786905204,0.48210380082200005,0.44098533499721215,0.40965395616968386
32007,6031,0.8045489259873183,0.7094617934082915,0.6245434185686716,0.541358348004091,0.47961392261863306,0.4328145363065998
32009,6031,0.5784042411251419,0.5813055469662008,0.5873519496686864,0.5681046293818777,0.5394460635327257,0.5118177373737289
32011,6031,0.7013762257454321,0.6492269869938595,0.5988682322272258,0.5258790760636949,0.4783706699842512,0.44959496872135046
32013,6031,0.7144980260610974,0.6470573811757535,0.587103987893454,0.5232990557991817,0.47744863334200066,0.436515836467685
32015,6031,0.7871980325902509,0.7395775022581849,0.697863116098402,0.6512765639419181,0.6226787771163886,0.6014536794771606
32017,6031,0.728718780939614,0.697404563290556,0.67941885188367,0.6634538621227845,0.6584707032773292,0.6495615530618271
32019,6031,0.6990892704315144,0.6363657092652655,0.5759980746279183,0.5167843677234925,0.47925172881228756,0.45581272446728394
32021,6031,0.5701242003811866,0.5515481901731866,0.5373014444272937,0.5184670336390825,0.5054212973986372,0.49548454270356546
32023,6031,0.4146797353001693,0.38990340346948377,0.3715389489607634,0.34973337849971226,0.3323350315151424,0.314100859129425
32027,6031,0.5875032292862886,0.5360849484945047,0.48616465617292337,0.426835511060324,0.3828916764513887,0.3468808732127134
32029,6031,0.4919775191042493,0.4448197640104942,0.40484981138215215,0.3672292713969429,0.34268811630907425,0.33161889024280994
32031,6031,0.6006150903311075,0.5513485161431172,0.5058332902295247,0.4563099861967722,0.41883941767174376,0.38984849296843554
32033,6031,0.7376929862340207,0.6944859247968164,0.6520136940367997,0.6124242937185475,0.5841913184994675,0.5532996206751457
32510,6031,0.7311080849901568,0.6666248393691306,0.6059524574061055,0.545368716954042,0.5042727393596999,0.4759196873688787
4001,6033,0.7140683980656433,0.7190983479632072,0.7325048395020386,0.7429546849422122,0.7479292242375315,0.7407221437487705
4003,6033,0.7590075944003493,0.7423166115518696,0.7242633915103731,0.7066321119468953,0.6995356633902047,0.7038775394150014
4005,6033,0.740384636496334,0.701718439743003,0.6713572093191893,0.6494509202483632,0.6352638525885547,0.6307276229342731
4007,6033,0.8235546706225192,0.7989148499985975,0.7756019951986463,0.751869696628196,0.7409177419255102,0.7380356552342212
4009,6033,0.8046865497314198,0.7944879861677869,0.7812670489509099,0.7680864755079946,0.7561290670913704,0.7486251046777727
4011,6033,0.7301214249836843,0.7317235835495461,0.7255951798239535,0.712036986547212,0.6987221359399728,0.685343987088055
4012,6033,0.7071843635908285,0.6901800232790894,0.6729422944961059,0.6587100461583313,0.6582303716230147,0.6671915394390089
4013,6033,0.6237351443885795,0.6037588301846452,0.5861872907341664,0.5670988618218511,0.5544607844969535,0.5420869262438384
4015,6033,0.735601312601799,0.6971054219211495,0.6682350987132376,0.6426721368768841,0.6286691347300694,0.6268324793733747
4017,6033,0.7879181412996509,0.7748938253491298,0.7642822599671675,0.7516471905028038,0.7399376681204197,0.7270607151397838
4019,6033,0.5123726045489877,0.49039402504420393,0.47589889972385435,0.46225851254220374,0.4556354467838142,0.44742711097523435
4021,6033,0.7015739175926387,0.6791188081146787,0.6567801178983379,0.6351724028455875,0.6209146128276453,0.6059252159846944
4023,6033,0.4540063090739462,0.47643926232972905,0.5253242730412546,0.5825300289550325,0.6412144052213496,0.6838320739383061
4025,6033,0.7150849718809983,0.6794208653879371,0.6482061464629683,0.6189857700055456,0.6004553744912294,0.591859968501082
4027,6033,0.4105044292640301,0.484967493298421,0.5653358400941279,0.6314649355025325,0.6650183437410012,0.6617397929941418
6001,6033,0.76457201688887,0.74902376911762,0.7330020222410717,0.713281568630414,0.6901113982778629,0.6661241172436513
6003,6033,0.443234785898461,0.500608963086625,0.5679266742383525,0.6279678825740509,0.6278461344972522,0.5953235141209343
6005,6033,0.8592561104721372,0.8235734001303996,0.7803050250171204,0.7397560128666126,0.7077163867361431,0.6919550897648448
6007,6033,0.9362051342321229,0.9043912131251737,0.8655118364147127,0.8270874140597742,0.7912733628933423,0.7616449036594906
6009,6033,0.9586489543651862,0.9266097629858127,0.8863241049374507,0.8485611372160026,0.8143100095957265,0.7963621563426906
6011,6033,0.5620860845234485,0.45316001040294684,0.33082040526576106,0.25596623596918683,0.21630708628009063,0.218379486957063
6013,6033,0.7637524320278392,0.7461760092323191,0.7283267271394472,0.707895198843812,0.68648558233684,0.6656376216026553
6015,6033,0.8761077567854724,0.8345241863112997,0.7894152451674609,0.7633115454158627,0.7350406727332597,0.718419381253814
6017,6033,0.8786344586773039,0.8437565398041711,0.804703868829342,0.7699768795676477,0.7364747537065713,0.7159194974203562
6019,6033,0.8766071331514177,0.8195936341654149,0.7622608604319736,0.7120785978550964,0.6643411173710325,0.6434490686326642
6021,6033,0.859149582388161,0.8300402522306229,0.7823782247602032,0.7445177797234024,0.705091524116362,0.6718560140259474
6023,6033,0.9243699497762583,0.8753274526583719,0.8194776600495257,0.7691670857361811,0.727026500758065,0.7013081061118177
6025,6033,0.5591319468887967,0.576991816622072,0.6152494540695173,0.6561845133485997,0.7005760381438728,0.7275718865995594
6027,6033,0.8812540864045972,0.8380826002748903,0.7967436253551297,0.7612371255839284,0.733036744812805,0.7171677169281838
6029,6033,0.8692777605594253,0.82217737570542,0.7696920316008145,0.7253894483325007,0.6859931045504265,0.6614226900029856
6031,6033,0.8498410180670488,0.7927386164868406,0.7256676288752603,0.6590965283525628,0.6064951813148786,0.5878446965721401
6035,6033,0.8878179870210187,0.8318724083722102,0.7491654783306001,0.6723004717974241,0.6165465054733837,0.5927607866319773
6037,6033,0.8055667513541133,0.7903152874152525,0.7743563074456403,0.7524480407709276,0.7247048872118341,0.710980588666868
6039,6033,0.8599643244916838,0.80953609767324,0.7585055729533914,0.7208894530288128,0.6771304418340531,0.6444175734447324
6041,6033,0.7202171144233881,0.6986657794411613,0.6768024608466685,0.6524224905313359,0.6259682614779387,0.601246078399276
6043,6033,0.7675670386764897,0.6833104914141348,0.5901668612584012,0.5206593502751182,0.47577023904131416,0.47608765785753154
6045,6033,0.8953733647481161,0.8351608741817318,0.7603550879324056,0.6991030520070799,0.6525246991599327,0.6293436013685721
6047,6033,0.8864205369728541,0.8265456225140757,0.7553697628146738,0.6903428946092336,0.6348526276060401,0.6001733034817098
6049,6033,0.8233904083554053,0.7577677245698773,0.6672705605599673,0.5908637910930189,0.5379612191050426,0.5249071728517714
6051,6033,0.60738973605709,0.597774089772742,0.6095254290894663,0.6281786375361099,0.606207561770665,0.5804038457630396
6053,6033,0.6776610899491602,0.5710745470654113,0.44324497087309983,0.3474475816842708,0.3017680948922606,0.3009915774998237
6055,6033,0.8250187568857923,0.7681026901177386,0.7204793323241987,0.6964217839010258,0.680839680467148,0.6700546807899955
6057,6033,0.9098994456985215,0.880951633628781,0.8459260000499096,0.8084653106249581,0.7704012253289478,0.744876406351424
6059,6033,0.7376253884764365,0.7191336668865574,0.7031730581302847,0.6844978941744982,0.6627517409715686,0.6405612977643659
6061,6033,0.8676309853225246,0.8429689683112159,0.815234474920463,0.7862104972674173,0.7563634794246263,0.7348103865322267
6063,6033,0.773188738624705,0.6956027191789917,0.587695491919261,0.48941401004153695,0.42199761940453634,0.40279727462357745
6065,6033,0.8537965814962665,0.8397844661610702,0.8365158656805395,0.8349547909395326,0.8316252119107622,0.8254225164216301
6067,6033,0.8274810845521149,0.8083612456363488,0.7893393141907213,0.7692391585682362,0.7477550022587354,0.7301790170065969
6069,6033,0.8776583402170847,0.8206601725607449,0.7511585880494303,0.6845736973730061,0.6274278858307458,0.5942490751766883
6071,6033,0.8538207712753659,0.8460856985830951,0.8394066155465199,0.8281895006866776,0.8114237968306768,0.7939818416005969
6073,6033,0.7815698291583518,0.7631995248115302,0.7490496391931177,0.7330230683220024,0.7143278463550923,0.6964164380102233
6075,6033,0.7732631336233718,0.7567322885038402,0.7374956088329625,0.7148935838197805,0.6878109227469388,0.6579876242992174
6077,6033,0.9430180886357363,0.8958386397307653,0.8498259622622572,0.808949434615209,0.7744751238145147,0.7502628581324743
6079,6033,0.8633325959931631,0.8296710741756637,0.7998398612315308,0.7776321200315338,0.7580317015494923,0.7444925325676637
6081,6033,0.7150468000533181,0.6960922158532928,0.6758840028852812,0.651472903411759,0.6231800517235212,0.5941280032191314
6083,6033,0.8317753646125706,0.7779602288833398,0.7235212697819415,0.6859385967356426,0.6663708453005792,0.6653797411570708
6085,6033,0.7205653205309281,0.6998144495735192,0.6783276935390473,0.653921826710235,0.6277061141307101,0.6024007065903985
6087,6033,0.8462534649838506,0.770953245254193,0.6812740602039785,0.6044688958219722,0.5584817678660464,0.5441946687441599
6089,6033,0.9431746721321069,0.9067593274314106,0.8602433618970138,0.8156300762683301,0.7783396559105761,0.7589054237236038
6091,6033,0.7880030075794993,0.721004349793395,0.6205830106828613,0.5206460783378268,0.45028934692458833,0.42193663483696664
6093,6033,0.8802871229648315,0.8194213664672395,0.7381869757739004,0.6758681886436015,0.6358114597158995,0.6271346990084656
6095,6033,0.8415996540565864,0.8221237258468062,0.79978966352518,0.7758270371682298,0.7529590282406393,0.736938932709256
6097,6033,0.8118545451882699,0.7822075153219035,0.7514231244779083,0.7213087323279599,0.6915837649472443,0.6685489867661679
6099,6033,0.9349588832029323,0.8995350272010346,0.860992297142288,0.8166054367807474,0.7678686989338229,0.7324581538853873
6101,6033,0.8688636562729366,0.8142308290263842,0.7466406762882685,0.6804631338689203,0.621330953440216,0.5796793626949052
6103,6033,0.9305892702022834,0.8987184647485914,0.8553831497741888,0.8162547005319655,0.7781855352284793,0.7505342006697834
6105,6033,0.852767395126975,0.7849064340281229,0.6961121012191449,0.6169381843217666,0.5633402743763528,0.5449928257978709
6107,6033,0.7813279773478623,0.7251258676970838,0.6677865565170843,0.6267635135937112,0.5966503543455891,0.5897139460767913
6109,6033,0.9269051371480669,0.8846207352373752,0.8357543926769934,0.7861664996906178,0.7468257717925548,0.7287194604616828
6111,6033,0.8214770017595409,0.7964515586996931,0.7799675739598599,0.7820338845947538,0.7905443418295057,0.7981388833868336
6113,6033,0.8468869038325313,0.7852802397539902,0.7200356276595107,0.6713993699370329,0.638108521058403,0.6258713155452308
6115,6033,0.9423986263384138,0.9048252887158326,0.855265241801057,0.8056719300809951,0.7636090272839359,0.7381725654392056
32001,6033,0.790848565698644,0.7628284402450326,0.7310434241539228,0.7004090625732939,0.6830837634137809,0.6868119454854523
32003,6033,0.5594665330673477,0.5282870313675154,0.5076818531233391,0.48389593772327205,0.4643485981957545,0.44298623618440913
32005,6033,0.7681650126100983,0.7276885234898433,0.6916164524646776,0.6587236673194093,0.6342267826764604,0.6203387785406473
32007,6033,0.7740649739168521,0.7102319424932622,0.6585027309943858,0.6083913436761488,0.5704717690935343,0.5574098919070788
32009,6033,0.5080268675447698,0.5132842147200201,0.5199542821017268,0.5117396377136499,0.4919248695616221,0.4742174037066814
32011,6033,0.7119867710518502,0.6912604962460451,0.6598065130808624,0.6209135020145091,0.5970246576271656,0.5952766835382487
32013,6033,0.6794088045230342,0.6460346264665952,0.6096605741993817,0.5701123019068518,0.540646290111893,0.5301556186714568
32015,6033,0.6867783119302666,0.675246198125037,0.6566150799697192,0.6346586664846943,0.6192196954792766,0.6202187497890453
32017,6033,0.7917917071558308,0.7840157418380871,0.7770073510464733,0.7676465622384867,0.7629623632403042,0.768809076923866
32019,6033,0.8019965201564677,0.768800815086941,0.7329072357305607,0.6956886841902714,0.6694825027830448,0.6626602048014288
32021,6033,0.618450679470461,0.6180239353091208,0.6149554646597466,0.611608089197012,0.6097380144734996,0.6166042227963683
32023,6033,0.5488298795564339,0.5295963981054164,0.5168019254220594,0.502459683865063,0.4909799472886031,0.483064933149549
32027,6033,0.7064422910031024,0.680311605095446,0.6484665148505347,0.6138139363195926,0.5864486089079077,0.571955345691429
32029,6033,0.6043808805387276,0.5786634640977373,0.5588050926883894,0.5377938939599811,0.5263927962360708,0.5265128905599838
32031,6033,0.7245096687338033,0.690108831852669,0.6583502603983845,0.6249324292567499,0.5990665703037044,0.5857968730674422
32033,6033,0.7843399553797503,0.7650471868196135,0.7375636346305114,0.7121114558157271,0.6865296561155005,0.6745744355409863
32510,6033,0.8288386736953884,0.7906831144375465,0.7509871488044076,0.7114378354642664,0.6819250065577235,0.6706878034078294
4001,6035,0.6175154757358292,0.6183282618792606,0.6581155204318561,0.7103289810027758,0.7405211134667499,0.7084105283522618
4003,6035,0.689876881650445,0.6532630154901641,0.6228019664847798,0.6122825217969546,0.6134005885458694,0.6119444717238758
4005,6035,0.6221330660832892,0.5583690428775001,0.5290081043512603,0.5348755144326236,0.5430901584531679,0.5234832639031515
4007,6035,0.7248960892442605,0.6765973824144743,0.6359592346411349,0.6151280827955528,0.6154149567701163,0.6188400510410695
4009,6035,0.6757274758465327,0.6535899250099857,0.6382304751321379,0.6402683848601434,0.6448560193754523,0.6351847460587295
4011,6035,0.6029872058846234,0.5944193166365684,0.5830827787662471,0.575475167350351,0.5727250284108831,0.562297902154995
4012,6035,0.5952113738085326,0.5475471026816924,0.5218003755788828,0.5326881559308929,0.5642844942660494,0.5839779071353415
4013,6035,0.48068358883581247,0.46543375113048363,0.4586227460655069,0.46149760496404996,0.466170450342202,0.45803437332844515
4015,6035,0.6183507596624516,0.5688804085368455,0.5297510022938124,0.5126854141262019,0.5138909526410204,0.5198856532566168
4017,6035,0.7003593927600469,0.6704409313351781,0.6610218406438187,0.6694512047201676,0.6768441980884488,0.6507875858059353
4019,6035,0.3760748773642238,0.36032307911469064,0.35884944261179685,0.3686629903944162,0.37799825794851033,0.37211367817320906
4021,6035,0.5592057294183782,0.5343001970041977,0.5233852538737105,0.5305062358814272,0.5404248525261282,0.5296584193264794
4023,6035,0.27599159463481165,0.32166450802034674,0.41517023673524284,0.5397027571521116,0.6691934788572329,0.7544481771970888
4025,6035,0.5956544520915334,0.5492758045176453,0.5128569511150678,0.49591032650018735,0.4900857254516018,0.48406793299438056
4027,6035,0.2924487070216884,0.44336243399390063,0.6029077990899905,0.726475675756733,0.773310386779771,0.733756857179613
6001,6035,0.5920828951291426,0.5856929257526657,0.5803524147692636,0.5778439388699528,0.5693969797942111,0.5468562983545762
6003,6035,0.2577546082320206,0.4337339684533911,0.5995643217385919,0.7058600596085316,0.6961930971616715,0.6245037061932591
6005,6035,0.764849233051558,0.7027234455500632,0.6335428258425108,0.5827885047732001,0.5467380533184968,0.5263441935895564
6007,6035,0.853068326194038,0.7970456412472982,0.7400467203946391,0.6974029389934997,0.6572624041788556,0.6106151921628707
6009,6035,0.8638223420283831,0.8063905509008464,0.7419225503804975,0.6926383876726498,0.6544356810402667,0.6305559590277952
6011,6035,0.5907928309781366,0.3648043283627052,0.15769214117663988,0.04052161136696683,-0.0044777415309975865,0.02235845509213538
6013,6035,0.6010493680514565,0.587664025842608,0.5757221853336574,0.5687406290563084,0.5586052157725858,0.5381240640224038
6015,6035,0.8148188113911072,0.7485357896323899,0.6806040397586791,0.6364254900320067,0.6012040126664234,0.5859258237189509
6017,6035,0.7568938634421115,0.7148857694750603,0.6632276480572082,0.620624400218372,0.5820750784956175,0.5564787046299644
6019,6035,0.8274070335212155,0.732629444906959,0.6246017617108935,0.5339909674526366,0.47175996997445796,0.4600657688312277
6021,6035,0.825560304022427,0.7602248357544056,0.6959366870909999,0.6608215692756562,0.6204715126735607,0.5632327703737207
6023,6035,0.8362625611301818,0.7568251744343741,0.6750395197210514,0.6158580565859431,0.5720223438278479,0.5395442828147297
6025,6035,0.40155854526988316,0.44877355530582536,0.5354596208299125,0.6364733575205553,0.7306158783768506,0.7814493982203284
6027,6035,0.7833433404293939,0.7191585204324488,0.6610538065086613,0.6208851631837613,0.5959107750483755,0.5840538454996229
6029,6035,0.7810679868183363,0.7005453755898694,0.6069279709762784,0.5338366032300698,0.48730678836498953,0.47788075304161215
6031,6035,0.8300357311585272,0.7083611823220586,0.5740150575054425,0.4726696097135121,0.41335127070509825,0.39862449995060945
6033,6035,0.8572863138269559,0.7855328532788152,0.7062468099729164,0.6376814801822603,0.5866508463282596,0.5613951874892615
6037,6035,0.6199278743938622,0.6098840086666429,0.60568506275466,0.6076263209309412,0.6012839223231111,0.5875506384084743
6039,6035,0.821193437742937,0.7527700314001519,0.6710000959164218,0.5900593640087443,0.5084616108207215,0.4664903930342666
6041,6035,0.5517147628762396,0.5378911107824663,0.5246077461473555,0.5165934611136375,0.5044757833339238,0.480700201031173
6043,6035,0.7232910309546715,0.5640346854016451,0.3994751813923527,0.29254068368041986,0.242541206542593,0.25575697899196903
6045,6035,0.8336000813142209,0.7247782448876576,0.609979190005814,0.5284458310534033,0.4747815798625342,0.4504231229249684
6047,6035,0.8681946943180932,0.75901358277801,0.6375181584518504,0.5292581700179926,0.4466521145737138,0.40005810083482746
6049,6035,0.8549219537441539,0.7046252693525873,0.5360855470955775,0.4111652013697707,0.3442418279021785,0.3335590680530349
6051,6035,0.44061669329549713,0.5191435211592468,0.5902863360435161,0.6162482784268424,0.5659663998039338,0.5141504302555088
6053,6035,0.6943653455761307,0.46535046029589977,0.2516811257790762,0.12328181448017386,0.07881413016677377,0.09718768029461572
6055,6035,0.661881530093786,0.5899225219089622,0.5391809956002508,0.5192844196873607,0.510894271322961,0.5083071143754708
6057,6035,0.7930534221553549,0.7537355817357685,0.7049415962448871,0.6606847241330301,0.6176666909793557,0.5827068607770933
6059,6035,0.5645458420786879,0.5582232101330745,0.5547104847476871,0.5541450052342095,0.5466430939390081,0.5271292941814049
6061,6035,0.7374015185610492,0.7102267715011635,0.6778478883765167,0.6508712074471096,0.6235924423184307,0.598733480413248
6063,6035,0.8194928630845485,0.6384076825710111,0.42894388453520815,0.26812144021357615,0.18114537266278755,0.17047443226115197
6065,6035,0.6768427127081899,0.6706411164952976,0.6835116539355008,0.7119986124473282,0.7390288369304353,0.7477623914516496
6067,6035,0.6765246429012043,0.6559879109335242,0.636696553199579,0.6255917829935845,0.6142762539808118,0.5971873708160523
6069,6035,0.8525618974441699,0.7606024285287402,0.6466458513999284,0.5380092409093136,0.45222979554820014,0.4070781189568008
6071,6035,0.6930205235139403,0.6936937992726353,0.696441185866119,0.7012512308470037,0.6972317292628121,0.6777893019720024
6073,6035,0.6191840500101254,0.6117756915278102,0.6080227243109282,0.6082434481307056,0.6029879694331443,0.5867572898834641
6075,6035,0.5930776058504175,0.5880959851976186,0.5831807486654704,0.5820661551544857,0.5736497219065342,0.5470447064558014
6077,6035,0.8418719115249003,0.7722780493459307,0.7061178094769158,0.6500932591744369,0.6079036836869413,0.5791378685586527
6079,6035,0.7110544148688581,0.6709064684748787,0.643590067576458,0.6372546803005861,0.6311661144796122,0.6168064876741273
6081,6035,0.5471085785778959,0.5383508357359744,0.5275927469514681,0.5176699365030778,0.5010302252937182,0.47232687645910154
6083,6035,0.7014076776922227,0.6106612344577328,0.5334712826775763,0.5018230786611423,0.5026384013335358,0.5201167961067391
6085,6035,0.5686296526778213,0.5557604283151558,0.5414256177238029,0.528913667278621,0.5137176448331668,0.49149865044487034
6087,6035,0.8161685406228075,0.6613572497818893,0.5041942178595056,0.39256758694084304,0.3416720649855743,0.3401526927272302
6089,6035,0.8789754115516042,0.8043113857992416,0.7226331716759553,0.6616569155900458,0.6210115551794042,0.5982515155553959
6091,6035,0.8584754559107844,0.7007458342467704,0.5055290327400853,0.3394548149708187,0.23807935861367213,0.20498395758581464
6093,6035,0.864916355466118,0.7226290617473505,0.5809994206963731,0.493746732642887,0.45494283965079374,0.4550684857991759
6095,6035,0.7034877447686411,0.6752480553214598,0.6436754051206145,0.622087030821638,0.6046949961226217,0.5848744380843605
6097,6035,0.6752554615238382,0.6405961167050814,0.6051131623790987,0.5800681130663319,0.5564642742478869,0.529572544990937
6099,6035,0.8746811719937679,0.8292212281538511,0.7666167305143351,0.6912008483819176,0.615059139757957,0.5609543602781272
6101,6035,0.8738150973252735,0.778771572786712,0.6575347837955737,0.5289736872956644,0.42512601033842884,0.3714844071975854
6103,6035,0.8761267257776666,0.8133482372803583,0.7445359704998028,0.6935424353301743,0.648374928218895,0.607580733319556
6105,6035,0.8668432712056446,0.716679341818695,0.5558633204669412,0.43537725706075764,0.36905230511371345,0.3536156400655758
6107,6035,0.7272266763958806,0.625194720021295,0.5242119437100987,0.46493928581236676,0.44150855017563667,0.46114375022600296
6109,6035,0.8458903887953142,0.7705472560183441,0.6831776322958816,0.6125635869172242,0.566594997473044,0.545020536595702
6111,6035,0.62064149482279,0.5911486658526004,0.5943409330564581,0.6379713872030751,0.6885071767958459,0.7196762575937705
6113,6035,0.7708450817459279,0.6611525066636293,0.5596189564584814,0.49515212421202764,0.4604457403448632,0.454734740166791
6115,6035,0.8846128552088156,0.8107925934063198,0.7248974205605286,0.6561512705655956,0.605740500697083,0.5721300616210808
32001,6035,0.762504673888433,0.6954130041393587,0.629938260823666,0.5915916445393764,0.578288475640702,0.5775471444436676
32003,6035,0.41819333903017086,0.4026239654745769,0.39333863773187616,0.38174727266242364,0.36915407207516615,0.34856896324910003
32005,6035,0.6727799024182297,0.623208726035065,0.5747806764491163,0.5350265902015531,0.5053488412438697,0.486973847803237
32007,6035,0.7520668492428815,0.6579194772841523,0.5653513731478952,0.4969960253142365,0.4500552392142396,0.419399993426339
32009,6035,0.47517559021126116,0.4707830608788679,0.46710297519448596,0.4525379180651123,0.422018490437949,0.3844498164868702
32011,6035,0.7083826650477949,0.6468227797185339,0.5703892699721977,0.5092901129264799,0.4794919442201698,0.4572776684875751
32013,6035,0.6676852842640831,0.5992759877338536,0.5292859206566207,0.48225841626103133,0.4556044510311737,0.43139342217903426
32015,6035,0.6826674675774845,0.6327426371623698,0.577493121315218,0.5393475398354649,0.521877819038726,0.5126899884871975
32017,6035,0.7189824506144594,0.6887438193556942,0.6708145384145543,0.665172269543944,0.6686214600674403,0.6694638257804073
32019,6035,0.734744041566201,0.6698112931120229,0.6043002871725731,0.5595027634179526,0.5378931069725291,0.528440032274853
32021,6035,0.6005709999046647,0.5848901030294283,0.565710936367319,0.5549226369612686,0.5502510179114668,0.5492346111560842
32023,6035,0.45820659266911196,0.43738307178759006,0.42068575386978935,0.40933752111719635,0.40064488479322,0.39066751806803446
32027,6035,0.6718046101208879,0.6167608628479355,0.5591582265503476,0.5105573990386292,0.47620771493167025,0.44947315642034774
32029,6035,0.5364858339616592,0.49026656956743153,0.44877692750537035,0.4213078419883793,0.41420594907230135,0.41623287966468264
32031,6035,0.6436049637834012,0.5985726946308323,0.5523861021390581,0.5167783766914112,0.4926616072470156,0.47518241195478844
32033,6035,0.7556053488000336,0.710358410834102,0.6606615163299483,0.6267165826213706,0.6050191595560347,0.5868354605931706
32510,6035,0.7552156982560244,0.6921811707602138,0.6268239320704292,0.57962195973496,0.5537282254634467,0.541343322562756
4001,6037,0.610892349789917,0.5845803783288703,0.570732345719835,0.5751023065098387,0.5899364907329911,0.5847948686800675
4003,6037,0.6747292424495308,0.6480718620988347,0.6280252944504605,0.6196851680200527,0.6230143022446948,0.6229081565820175
4005,6037,0.7285288340857853,0.671607672615161,0.6376125647188048,0.6268080328113136,0.6300230366434794,0.6192014220442132
4007,6037,0.7524261633043134,0.7250740968051237,0.7035626132247637,0.6884905753544273,0.6848281410537566,0.6731687071780478
4009,6037,0.661988641070271,0.6355193077239069,0.6067872010596385,0.5880022433317443,0.5780460259819474,0.5614833379169943
4011,6037,0.638768685269776,0.6261177240333163,0.6061955748270772,0.5866321569069385,0.5712494244348363,0.5531198344497045
4012,6037,0.5593917874221753,0.5386954723688754,0.5210636025777998,0.5112513752124607,0.5084969025886952,0.5011282845111691
4013,6037,0.787360637567754,0.737540214359041,0.6923276329127233,0.6536306014839522,0.6277672506849273,0.6005057237732121
4015,6037,0.8152874609093511,0.7619445313054276,0.7277138422228466,0.7024013323078846,0.686808492592657,0.6702156771447381
4017,6037,0.6126039237994451,0.5810563849085378,0.5598176033150377,0.5547255247663944,0.5611155804020381,0.5528973532358938
4019,6037,0.7155151473850343,0.6641248611901989,0.6198061290969703,0.5838179936281594,0.5626251695236598,0.5382363974676507
4021,6037,0.745029949980686,0.6937566958934671,0.6476444559024402,0.6119372797444267,0.5907001585689451,0.5635624695738314
4023,6037,0.4563816556702481,0.4430199956980083,0.4208308897362085,0.40030645571566775,0.39405521022200185,0.38939713777830925
4025,6037,0.7813389453006547,0.7296028732720996,0.6901624679605427,0.6600701449728195,0.6423211965189793,0.6224896551208027
4027,6037,0.3934765981566245,0.3755222712501809,0.3575781951183922,0.3357591963543578,0.31778078432426915,0.3108069130936419
6001,6037,0.8764781744526021,0.8232941079921517,0.7745705973444882,0.7319678394300668,0.7002900550978736,0.6692871748302556
6003,6037,0.4776797762056496,0.44131227291774927,0.41238867720362465,0.3879061417048626,0.3427839729176949,0.3067283504398152
6005,6037,0.8595062777528111,0.8173364791716321,0.7878028244293923,0.7686996183227873,0.7604771022316548,0.7508647728126162
6007,6037,0.814443323147869,0.768873839968414,0.7396095181990291,0.7273893461447101,0.7246990329805689,0.7116040418557096
6009,6037,0.7895144543975454,0.7571015866971667,0.7329805773055346,0.7198014956407413,0.7134192926367936,0.7037886498917858
6011,6037,0.31121650291460523,0.29065303140128346,0.29231432191690226,0.32819512502103243,0.36499417183093313,0.3772587728763278
6013,6037,0.889511414874231,0.8390651612060995,0.7941834540374557,0.7569205020665941,0.7304259382351238,0.7032967802613835
6015,6037,0.7169551158063237,0.6886184275155756,0.6717202240177399,0.6681466560403185,0.6643322315649267,0.6555115714018803
6017,6037,0.8710155017704574,0.819229054943623,0.7809229583281229,0.7563321187126335,0.7385044113550533,0.721451481589389
6019,6037,0.6679515442391726,0.6409994992357367,0.6260752976346983,0.620215200196516,0.6171314888607001,0.6088242103478843
6021,6037,0.5785314992233769,0.5400877292332128,0.5178702850354177,0.5221849476020909,0.5357770658218302,0.5355249517882056
6023,6037,0.7990906570382355,0.7465931885509274,0.7066189141143153,0.6821994524838291,0.6701403497430165,0.6544974053562228
6025,6037,0.5838845938211442,0.554181001096852,0.5196006513355911,0.4834611377242097,0.4651209858371834,0.45573591171165384
6027,6037,0.7518925941419317,0.7079241976544515,0.6784329085707962,0.662133898104279,0.6549437822488141,0.643542056739198
6029,6037,0.7328248883539308,0.6964209255971571,0.6652730410325792,0.6497236943388615,0.6456973851256368,0.6350769302259859
6031,6037,0.6298005557032286,0.5993021354140512,0.5849627995140063,0.5870188389457549,0.5985722025884228,0.5999049833345061
6033,6037,0.7662320561472895,0.7319794762164171,0.7084754567248182,0.6953991980781106,0.6864440666488243,0.6699655890701899
6035,6037,0.5945426060507158,0.5677640780017181,0.5517431722805328,0.555664114978988,0.5719594410009581,0.5809783821968884
6039,6037,0.6402488225812446,0.6172496539478997,0.6082183155369737,0.6090666073207186,0.6081343385172658,0.5992568602425633
6041,6037,0.8453511084269589,0.7855830972798771,0.7329645873893698,0.6896515724197626,0.6592582392066335,0.6301203341381962
6043,6037,0.6640121087177662,0.6219673596299241,0.6027068447188992,0.6097454378205653,0.6265172036583264,0.6340311212771651
6045,6037,0.7385917061407884,0.6956257171467407,0.6629012994003899,0.6466986354121896,0.6396320185310196,0.6259263189102651
6047,6037,0.6174664538694934,0.5862538624065795,0.5718922863015062,0.5762287980010212,0.5873274072471723,0.5866504541028328
6049,6037,0.5426383636407226,0.520086195984711,0.5110086372691282,0.5253039660097238,0.5519820962874777,0.5717859825179713
6051,6037,0.6401667764254125,0.5816756816020283,0.5463349989142542,0.5218069679109977,0.47798604747366824,0.44288519024820405
6053,6037,0.4373223419296295,0.4023279429646383,0.3858776007304327,0.4057981259205537,0.4413456220828113,0.45368977628442064
6055,6037,0.873109537433568,0.8163172732810374,0.780274898566941,0.7605815387334789,0.7509726680323761,0.7308147668439461
6057,6037,0.87309371378195,0.8257329447779114,0.7898820056607041,0.765120361416505,0.7479525008982888,0.7309670665409654
6059,6037,0.9124481592139133,0.8541870671892728,0.8018928026017124,0.7565450356661104,0.7223234098535729,0.6898157290485014
6061,6037,0.8739287257017744,0.8260427341074217,0.7873114170205644,0.7577740079022931,0.7360144406056247,0.7144821174837891
6063,6037,0.5349422779506743,0.5154865019598,0.5070912225853351,0.5192243603634575,0.5463172035111168,0.566560299745264
6065,6037,0.8938750584412648,0.845060004634227,0.802731790995275,0.7677563283077375,0.744050992195037,0.7214027909940621
6067,6037,0.9077918702977442,0.8626928728947644,0.8248298270037802,0.7947016238824143,0.7729062633889294,0.7495244007778857
6069,6037,0.6276300522277534,0.5964179895729939,0.5783570994471072,0.5713966035685508,0.5680468655597758,0.5587968219157673
6071,6037,0.917528115957167,0.8770296483763004,0.8411381533493174,0.810001617443689,0.7862082185150334,0.761507281700246
6073,6037,0.9166409145228963,0.8605828564060231,0.8137562769749791,0.7750219715786701,0.7474824974474753,0.7213549035965076
6075,6037,0.8369571504285537,0.7790825017266062,0.7233882762691597,0.675185852204322,0.6381882729655458,0.6007857430617422
6077,6037,0.8187802203749268,0.7815881485459326,0.7564025868602974,0.7404579165652619,0.7302808604317709,0.7105651299581024
6079,6037,0.8917698307603289,0.8321489333804581,0.7873130412907325,0.758180015774073,0.7410179038414575,0.721252036364207
6081,6037,0.8244549070772559,0.7690891510693048,0.7184556514170581,0.6750772794812229,0.6416324931940702,0.6085147777713065
6083,6037,0.8651719495696867,0.8106238160465089,0.7691861478452953,0.7505486692001745,0.7474408771082339,0.7369792571563214
6085,6037,0.7597443082365349,0.7122391123776038,0.668616371503926,0.630666663005743,0.6009738225587341,0.5715072765171993
6087,6037,0.7120147697211093,0.6729939588867867,0.6485840118130086,0.6453379423184181,0.6577201978493439,0.659967593865311
6089,6037,0.7857864088607301,0.7516314603408853,0.7286617853929123,0.7190367515870311,0.7179782707661977,0.7132242619288462
6091,6037,0.4943903313359536,0.4740948303466228,0.4618430879774745,0.4636682797135494,0.47830084464519557,0.48916888340452125
6093,6037,0.6355984622206448,0.6100111691598691,0.594983086717108,0.6039594602743281,0.6211507532448141,0.6286383879673324
6095,6037,0.90552430585137,0.8629341084183169,0.8291753068282157,0.8044725478375655,0.7898510647371604,0.7728314279357684
6097,6037,0.8727608105527423,0.8167220501405645,0.7732472126030017,0.7423441538447371,0.7243616192032577,0.7046623321986922
6099,6037,0.716939903082731,0.6877593160891787,0.6717041713447398,0.6611354308069646,0.6524349752150693,0.6377784395685663
6101,6037,0.579543303907819,0.5603913695906974,0.554279871886673,0.5574540655633903,0.5589453936744554,0.5506505537979954
6103,6037,0.7743000287217221,0.734536212611979,0.707459010045285,0.6996222380619478,0.7019562439861494,0.6984353488102013
6105,6037,0.503413433099942,0.4815116440999968,0.4679835893258722,0.47053759364844433,0.48144936757911067,0.48362287572276874
6107,6037,0.6024797756064928,0.5733789868821397,0.5494730191742286,0.5432622036102807,0.5477392781746989,0.5440899183454585
6109,6037,0.8363061318405605,0.7917554854670139,0.7617436620293795,0.7453204902374655,0.7405393590771954,0.733768669354214
6111,6037,0.8977162262325519,0.8440731919560944,0.7977445213701322,0.7653077283997333,0.7435829631919859,0.7197893936261943
6113,6037,0.7755563660712905,0.7397310742075156,0.7144187561440614,0.7043455689313884,0.7010688600112268,0.6875689721451151
6115,6037,0.7127652392352423,0.6808765277181448,0.6590693967278154,0.6509379754014217,0.6518423245109024,0.6444937770380608
32001,6037,0.690588999220309,0.6632791207175192,0.6484420643331354,0.6414881219597722,0.6443770921495269,0.6454999225488682
32003,6037,0.7981874863348859,0.7273836521575139,0.672609806871204,0.6243609551334389,0.5901721215272432,0.5581418885037839
32005,6037,0.7704554572503141,0.7191884948744496,0.6886917151071905,0.6662723425051533,0.6506213267066084,0.6341843065545505
32007,6037,0.6597706799301262,0.5813892314009982,0.5506419284474415,0.5376897943854667,0.5408538406757049,0.5440939978990813
32009,6037,0.3694047097904294,0.3551251497878445,0.3504318703730124,0.3460766231140003,0.3418925270238703,0.3343495664836105
32011,6037,0.4902110008701016,0.47649034956886094,0.47235307444427277,0.471601205360691,0.48271516144739784,0.49332899463364427
32013,6037,0.6035411685890687,0.5569793039165076,0.5302365255267334,0.5169687698340353,0.5181482011445765,0.5151629555231145
32015,6037,0.48658070676854703,0.4782132454021887,0.4792094676258079,0.48592296698169557,0.49909017133361244,0.5083482174804191
32017,6037,0.6211837389878493,0.612833312452109,0.6110837274111653,0.6120364198284717,0.6156244599938694,0.6147784669797224
32019,6037,0.7420354471906844,0.7068103751375078,0.685588872874547,0.6706999478343393,0.665592361492673,0.6594124460199116
32021,6037,0.5806435322261078,0.568639687777512,0.5655229858879609,0.5658002692055265,0.571396621993596,0.5785683539819474
32023,6037,0.6613298191053479,0.6256890708155196,0.6018216930403001,0.5799846464356938,0.5649172824629045,0.5488903793929728
32027,6037,0.621033967076829,0.5992387686186917,0.5911634423511326,0.5867015643518109,0.5870415522341953,0.5828899037967338
32029,6037,0.6759649243062827,0.64282805798244,0.6250706936699569,0.6106560369606209,0.6049138870623612,0.6016252511441804
32031,6037,0.7660001104827867,0.7130237618744565,0.6780513338919928,0.6505761725308513,0.6353008521189659,0.6224289668043483
32033,6037,0.5985288708677147,0.5806871009463399,0.5683427650944873,0.5636218100631245,0.563409290729961,0.560707197046123
32510,6037,0.7888617573065536,0.7430671466266037,0.7134790447876214,0.6925475318511137,0.6842444932396372,0.6758650925707516
4001,6039,0.7316137712371321,0.7550923125186036,0.7850342918060206,0.7616428487942467,0.7328249596900979,0.7197264089411238
4003,6039,0.8130636654049396,0.8048387228510798,0.7796614643889906,0.7391938941725007,0.721148429741107,0.7203454487148016
4005,6039,0.7738217499831056,0.7493169004843342,0.7176078412322904,0.6555368068051451,0.6201450408029443,0.6198785340717241
4007,6039,0.7910122604048602,0.7676341094158776,0.7431242275688229,0.6994510706380006,0.672244154309432,0.6637291390433014
4009,6039,0.7272025679436146,0.7284470086028759,0.7163990893073544,0.6812037945146543,0.6579026984846298,0.6460592454234417
4011,6039,0.6438385986364926,0.6440158863205548,0.632421286543195,0.6019223359758084,0.5787893163349498,0.5644913758549529
4012,6039,0.743253464997207,0.7370727281294114,0.7204695200219043,0.6913665118384877,0.6884730443548963,0.6995751851022092
4013,6039,0.4602185653476026,0.45078177052125534,0.4358508875509462,0.4064943833655017,0.3877959586512863,0.37043178486140405
4015,6039,0.6250974813532273,0.5983290127050981,0.564726080782238,0.5196752056804236,0.500081714359739,0.5026897530205967
4017,6039,0.8076713241726009,0.8085946743005004,0.809339611284633,0.7668153912677212,0.7254494014040012,0.7061801229220152
4019,6039,0.31691415707749293,0.3065947573870691,0.29774628370731604,0.2731428522721649,0.255854439069929,0.24189996051988155
4021,6039,0.5365700610594689,0.5295208178891572,0.5128551113843864,0.4760572092044583,0.4515111065133108,0.43417460321042084
4023,6039,0.4851823991642424,0.5344580393895807,0.6131390195605124,0.6802315384206273,0.7376048163256974,0.7772720939560317
4025,6039,0.5467936183388673,0.5192013839483003,0.4854927955378271,0.44073826014463124,0.4162264184820377,0.40338837321307636
4027,6039,0.5069166460627456,0.5983688450322809,0.6858665079459672,0.762072407179323,0.8009824643647377,0.7689942744601475
6001,6039,0.5499802970100047,0.5470403068641263,0.538949344265924,0.5106412306320955,0.48079781136506894,0.45376295843088427
6003,6039,0.43202117737785517,0.5379919351137143,0.6161060757212059,0.6440609563015764,0.6421071392416127,0.6463974255392101
6005,6039,0.6987291791315319,0.6588850495195517,0.6097572134730019,0.554880611334391,0.5133715538903589,0.49497788157461114
6007,6039,0.8514039560736724,0.8192021396842486,0.7766573761872316,0.712702175382876,0.6561231901888138,0.6238409528032028
6009,6039,0.8511730525232518,0.8174835479550014,0.7707869924937901,0.7142029473203234,0.6703899904113924,0.6539110088981988
6011,6039,0.5942550759795913,0.4403141063205598,0.3011322643772178,0.19791138475650824,0.13575611207428215,0.16177437328228803
6013,6039,0.5537235079835188,0.5467554033233039,0.533847154616437,0.5033111379309338,0.4741126562137575,0.4499440388221656
6015,6039,0.8770915985170687,0.8166190827336502,0.7832514257812857,0.7469898943813439,0.6928571851637679,0.6713127233426902
6017,6039,0.7132681646823198,0.6813705443543351,0.6382797770325664,0.587902317297592,0.5471443706181135,0.5287094587770588
6019,6039,0.8734506694931803,0.8031764051295012,0.7508649874201389,0.6754344296481112,0.6005732941258576,0.585825048320041
6021,6039,0.89728383852932,0.8625366597656048,0.8125398105287527,0.7473890238473608,0.6813075825624453,0.6439758436708966
6023,6039,0.8392730779002544,0.7862421934267648,0.7269246878212127,0.6590961828615397,0.6026112047917668,0.5722411930337434
6025,6039,0.5869271694209746,0.6073478702764458,0.661654871170611,0.7321534016025781,0.7789264563093408,0.7771611620744076
6027,6039,0.8774227488512676,0.8311841224673484,0.7914096157043993,0.7434308585513059,0.7015056435204503,0.687436683453348
6029,6039,0.8678561182878111,0.8077853103727853,0.7617963331640234,0.6978065533412056,0.6302444778001284,0.6032978950435135
6031,6039,0.8504644139152526,0.7897318214887098,0.7122792588597613,0.6036198973838387,0.527801789783312,0.5252112966544786
6033,6039,0.8271463496172063,0.7724538432810902,0.7172811607833746,0.6532243942970891,0.6022431536214955,0.587569372806632
6035,6039,0.8216279961139528,0.742464936835784,0.6406326175800888,0.5383149396842893,0.46313538866983,0.43245085436955505
6037,6039,0.6769724354783664,0.6729969184225805,0.6643318694252209,0.6386322895116926,0.6070020717363575,0.5879700276059834
6041,6039,0.4903267052236185,0.48357022366202057,0.4701185384158545,0.43653716104529044,0.40409451342353936,0.37815938726966536
6043,6039,0.6918748082021983,0.5852989856448914,0.4724347303332204,0.3806983278558021,0.3273384677831034,0.3321130852281783
6045,6039,0.8798880678118978,0.8031393936969498,0.7225146827838974,0.6451234835474923,0.5854701983897094,0.5607202609677079
6047,6039,0.8915422015015286,0.8063194460220998,0.7271960095703164,0.6327893486316596,0.5463224509838233,0.5151064172683223
6049,6039,0.8024919236537325,0.7104425592597785,0.6030800119894831,0.49863099706703234,0.4316220099641693,0.423174896331166
6051,6039,0.6052166404241573,0.6264652957630246,0.6513868812578588,0.6509879381303925,0.6236759779925714,0.6337217716199045
6053,6039,0.6947718101102365,0.5519356716224099,0.39226112105088584,0.2723601681810554,0.21671561705568199,0.23016748686425484
6055,6039,0.6879982946386499,0.6121019215798754,0.5728606293866211,0.5487590009159472,0.5249267640117763,0.5072407653119027
6057,6039,0.7660718209976181,0.7398302789347475,0.7002269984006109,0.644588073751721,0.5969348282778834,0.5711130731156474
6059,6039,0.5624090347435745,0.5582054993158956,0.5495985167733873,0.5239309445303537,0.4963360890327944,0.4718677466254585
6061,6039,0.6980998186226168,0.680934211489252,0.6525967006439427,0.608430162127696,0.5716648302915734,0.5508653924898872
6063,6039,0.7207699837334728,0.608065365516821,0.4736568337028674,0.3495455404517391,0.2688395812976742,0.25270717418223565
6065,6039,0.7318974639739594,0.7313003625982728,0.740873903131495,0.7375145216992243,0.7248134912573578,0.7128449057703368
6067,6039,0.6416439041997021,0.6323393944384488,0.6175517489651143,0.5841146128778956,0.5533987817670923,0.5352552708875813
6069,6039,0.8786205419811772,0.8113340594948428,0.7311149716500469,0.6382498383947136,0.5679566888002574,0.5438890844579513
6071,6039,0.6913252465896135,0.6959358081631398,0.6944070909598962,0.6712821512297555,0.646618121293895,0.6264982777433528
6073,6039,0.6180449869661713,0.6127408869020254,0.6050529922356294,0.5801735150541479,0.5545476720860749,0.5341135068336096
6075,6039,0.5896998707670442,0.5900237244555802,0.5813017039554803,0.5517461537190924,0.521839940755692,0.4909003210026314
6077,6039,0.8580745002389872,0.8024852622870419,0.758770945106162,0.6963108330241815,0.6415389497240731,0.6227423274076861
6079,6039,0.7221366103319549,0.6946084012863093,0.6687003295996738,0.634226845855364,0.606357482313035,0.5907902815015865
6081,6039,0.47614697581526677,0.4725222025862529,0.46098261626351233,0.42854781879835124,0.394715930291535,0.364507717876839
6083,6039,0.7104327456515459,0.6530840278589374,0.599320104462663,0.550498878670189,0.5220942915607872,0.5239091280175149
6085,6039,0.5085404376419712,0.4995426834930176,0.4847496598516029,0.4531795064454255,0.42310324104711483,0.3984949096134091
6087,6039,0.7786773259818572,0.6714921393877128,0.5600139631514353,0.4666029987141654,0.4077338489759173,0.3915072755618917
6089,6039,0.8358056998643276,0.7924945942512991,0.7379904274180116,0.6707230425449626,0.6180048677722281,0.5980707521508833
6091,6039,0.7345913887029024,0.6281250731899125,0.4959004180189908,0.3749803688038974,0.2898605015313263,0.2504010133945264
6093,6039,0.8574920315440756,0.7716048155612333,0.6756913336448512,0.592891896118206,0.5393759497809631,0.5318685774154112
6095,6039,0.6738473907114781,0.660395344582862,0.6368030891531968,0.5965045767959909,0.5650542950512112,0.5465281921248811
6097,6039,0.6213883909976675,0.5969685629011278,0.5685323980921559,0.5252573526050964,0.48682546081741757,0.4590819385902897
6099,6039,0.9147266309154459,0.8746997719913343,0.8335599655030035,0.7609686084839239,0.691059875277993,0.6625536001217437
6101,6039,0.8926819937676753,0.8096826616519617,0.7349446030090115,0.6449796590899953,0.5570721713150959,0.5223342390092403
6103,6039,0.8628243448990119,0.8220096500006554,0.7745883817858557,0.7142375891700057,0.6543998448637919,0.6183292389815703
6105,6039,0.8017145512630149,0.7126076090225832,0.604055600694339,0.5034363160906565,0.43888493079593827,0.4215412353814334
6107,6039,0.8419205573937003,0.7725326305133382,0.7284301853745896,0.6755311998744491,0.613088899824006,0.6042797394613046
6109,6039,0.8295292529276662,0.7844592965770025,0.7215841724784057,0.6497717261097183,0.6014457702909597,0.5843394268433455
6111,6039,0.7055498817995814,0.6847702898572957,0.6812297999672143,0.6852402575403488,0.692711744878961,0.6979780433986398
6113,6039,0.6952150814492405,0.620286545088137,0.5520812427690317,0.4847046541037641,0.4330785740735557,0.4225473782627392
6115,6039,0.8921057832880342,0.8523345647480924,0.7973186992815459,0.7221313653770902,0.6594058728816828,0.6352532575069457
32001,6039,0.7553341456131314,0.7244296574457969,0.6757955028460386,0.6135831919142748,0.5874435364447422,0.5900280124143713
32003,6039,0.41454837309746057,0.3915215250558595,0.3703201640581781,0.3395289477864434,0.31517859845584123,0.2900399242196694
32005,6039,0.6128091334111767,0.5652544711012405,0.5159464122841148,0.46530169219441025,0.4349018845873078,0.4214016564926702
32007,6039,0.7678277233465125,0.7098063751933711,0.6368099982560607,0.5468210113914068,0.4942857003134426,0.476970997980821
32009,6039,0.5534253559463036,0.5634871854164334,0.5629684238633968,0.5273753886471575,0.5097630003860423,0.5023850218462118
32011,6039,0.7041866304565293,0.6774543641689692,0.619745564600794,0.546009815798462,0.524127723443302,0.5235468393384387
32013,6039,0.642782903777837,0.6134090529956242,0.5622323276438623,0.48378929675670146,0.4411395334765961,0.42319259139269694
32015,6039,0.7899250734547084,0.7710692159082254,0.7389875633599321,0.6894927568001568,0.6641680191653077,0.6665925192645902
32017,6039,0.7928823742824017,0.7747789576858318,0.7570542609693597,0.7318557516010484,0.7257515765945964,0.7339660277447526
32019,6039,0.6533752458979811,0.6166412357860128,0.5647055706861667,0.5003798601525205,0.4711764909834832,0.4653770996175147
32021,6039,0.5220495835802849,0.5148496454184112,0.5017707294461337,0.47375429088686766,0.46241467899263844,0.46238735201757625
32023,6039,0.33224683952114786,0.3127755862401338,0.2933157188829605,0.2687914391739388,0.252786207146791,0.24087452727479805
32027,6039,0.5309431341255815,0.49915811173225766,0.4555914729699936,0.39628791853607637,0.36681030534442266,0.35066658212298785
32029,6039,0.4184219185714366,0.3844733893173521,0.35301876511619096,0.3138218833025153,0.29495429744353113,0.2948532483309292
32031,6039,0.5567689290919432,0.5240770812995001,0.48162269473379066,0.42744689128891267,0.3952211357700456,0.37898230597218574
32033,6039,0.816129195264103,0.801635496647059,0.7732644483344313,0.7258797866188359,0.6914093425713389,0.6765948180137311
32510,6039,0.7180950058914811,0.680642454440442,0.6300152652731719,0.5651890793631964,0.5315927229507531,0.5206565069365343
4001,6041,0.4061991742144796,0.3898469758816247,0.3886687804652917,0.4014675371095587,0.41968304374141996,0.4142415844895666
4003,6041,0.46963013722448516,0.4517006330099036,0.44389209482054026,0.44320215364968074,0.45339023120231325,0.456239345369181
4005,6041,0.5281563871388664,0.4796473214554539,0.45919993378642177,0.45756719202845875,0.46625600875800277,0.4571013984731085
4007,6041,0.6533091049177341,0.6333203522851869,0.6229127830022838,0.6146729740445422,0.6167838080362623,0.6077561750695812
4009,6041,0.5727544036678086,0.5537080110692448,0.5329782502537808,0.5167701425292767,0.5083526557703125,0.49189918372421165
4011,6041,0.6069124751302709,0.5990937650442785,0.5833274149481052,0.5636826112595201,0.5473511333357209,0.5279563668714808
4012,6041,0.36531343100876823,0.35316599613795946,0.34637553724991427,0.3419640174201166,0.3428263219059284,0.33555909635350095
4013,6041,0.860261646004405,0.8172202175863315,0.781196662777857,0.7461850020101095,0.724230397943399,0.6979182919740333
4015,6041,0.7676006489032443,0.7180997375102663,0.6930218463723614,0.6759237314840125,0.6662239051138776,0.6522884530090116
4017,6041,0.39926751992956616,0.3744139101175728,0.3635246195340826,0.3668746018275836,0.3782956784789599,0.3709675564275001
4019,6041,0.8253724758974642,0.7807483438797446,0.7458938407097785,0.7133964910857611,0.6950453263226718,0.6705023575831294
4021,6041,0.7976436063217565,0.7540809998379513,0.7179777608691021,0.6866087511161986,0.6692687485348424,0.6417035966866049
4023,6041,0.2111295122587658,0.20658789410421557,0.19731399791469786,0.18728749028134228,0.18452184558971835,0.18023777105431743
4025,6041,0.8272254873653166,0.7807436063840634,0.7503780629938415,0.7251278319405976,0.7123005401327421,0.6945936240262227
4027,6041,0.18321067130276852,0.1776411139690416,0.16651305298979274,0.1453415666752547,0.12580934202026584,0.11520753947711138
6001,6041,0.9461223445122635,0.8989585598417238,0.8573188642592509,0.8202945914875027,0.7937189116572889,0.7624390726547626
6003,6041,0.38480229592954374,0.35343773131199474,0.32711623729698247,0.29990519044205216,0.25179914797178915,0.21186026867208327
6005,6041,0.8529896844170604,0.8124570349438875,0.7892049700248542,0.7755216528440273,0.7735925868075308,0.767291885285625
6007,6041,0.7380721784410812,0.69701961378179,0.6759927033804125,0.6710728998865719,0.6744371625388832,0.6629542215468176
6009,6041,0.7103283290006686,0.6810851435998032,0.6636178878108598,0.6566163916418506,0.6566018462365515,0.6512491488102585
6011,6041,0.20745037847632564,0.1876624003068992,0.1918582546724591,0.2321017384357496,0.2753607141064545,0.2899632354463853
6013,6041,0.9433776806677668,0.8989224800331814,0.8619325037400106,0.8305393896053482,0.8092303727492546,0.7825955939941792
6015,6041,0.571737843019743,0.5489262427138917,0.5383860319120155,0.5425899642568843,0.5473590026713459,0.5398899832506355
6017,6041,0.8647532460973424,0.8167072122813407,0.7842024130910769,0.7655590510719319,0.753457745318642,0.7397291235858027
6019,6041,0.5215657086888741,0.4957456646240483,0.4857059931741595,0.4881387055260152,0.49225457545971707,0.48664544072269217
6021,6041,0.4177082297802903,0.3823715124476812,0.36491999673671427,0.3747740443017958,0.39335423783242635,0.3946936268780679
6023,6041,0.7146820416380442,0.6662153902221594,0.6329993014975562,0.6157999314579345,0.6103357273641115,0.5957650979229261
6025,6041,0.3749834981388243,0.3566024959964121,0.33487570546786716,0.3077634894264404,0.298161200750976,0.29050259207242757
6027,6041,0.5765011645362812,0.5348898776548726,0.512184855157496,0.5032119473255647,0.5041723365650406,0.4964228231070688
6029,6041,0.5799642072681054,0.5475319062124486,0.5236092308921538,0.5156586460117912,0.517804309703481,0.5087320248191595
6031,6041,0.49921584235856137,0.46906241865905796,0.46003354496727067,0.4696339120773872,0.4869385159234235,0.4895453414851506
6033,6041,0.6982814979190382,0.6649945789881018,0.647452046247013,0.6417813539014233,0.6414267125684083,0.6310006047057273
6035,6041,0.5286055567444138,0.5027508692602369,0.4934647698390834,0.5040812003964884,0.5299825038736066,0.543577676719519
6037,6041,0.8767863205736584,0.8332287667322721,0.7927969234514073,0.7483118203023296,0.70571457498012,0.6851810123828
6039,6041,0.46645594012827946,0.4453713292741778,0.43850344398093405,0.44651038684694094,0.4534694021695453,0.4477261782520301
6043,6041,0.5787108906445579,0.5361108585708796,0.5207039467254313,0.5345878557711063,0.5557895567666586,0.5689301726678057
6045,6041,0.6118389808909662,0.5705830198004792,0.5436541359318436,0.5342039361608384,0.5358895171532567,0.5264030687563059
6047,6041,0.46693388370305283,0.43735521095385727,0.42845369093937385,0.4394393725265769,0.4584465808141842,0.46147567756176444
6049,6041,0.44294548817572166,0.4218198167124545,0.41763054646442477,0.43712980981576893,0.47156294730951287,0.4969134224146009
6051,6041,0.4707785508567069,0.4153248252173155,0.380145559772932,0.3567776206337415,0.31488812136441025,0.2859531457854242
6053,6041,0.3313341149653887,0.29573762353772026,0.2834877445238119,0.30941697774656907,0.3485257544771949,0.3674281718748501
6055,6041,0.8354026866313027,0.7833008252176775,0.7527569599067422,0.738497535358986,0.7345220303351898,0.7169634611650472
6057,6041,0.8380587737539249,0.7946845678735647,0.7660188109534329,0.7472932259201344,0.7363527143426343,0.7227488254186754
6059,6041,0.931917497205691,0.8792512285724049,0.8349602385421928,0.79494063733134,0.7647570007640272,0.7318062738293083
6061,6041,0.8798261980020651,0.8361652035972231,0.8049279219375628,0.7815850257971197,0.7651871524241352,0.7459844197309783
6063,6041,0.4828640351781822,0.46097393814257465,0.455677044493567,0.47327451559461187,0.5081414186680192,0.5337706005212045
6065,6041,0.8162603701624982,0.7735180930374299,0.7404000039516924,0.7127365175682688,0.6944912411414612,0.6723348462746306
6067,6041,0.9068860946436506,0.8671957396965356,0.8379602699458389,0.8148657010605821,0.7993003616557418,0.7779215840099238
6069,6041,0.5087375240775718,0.47927316656513036,0.4665657664402978,0.46714265673253746,0.4717522904766754,0.46986460565773586
6071,6041,0.8821320110325688,0.8476178097545218,0.820530306198921,0.7960518411593742,0.7776870340523251,0.7547334851637901
6073,6041,0.9113077357228021,0.8606631286835008,0.8223533458291346,0.7894642243504028,0.7662697771317457,0.7408951306643808
6075,6041,0.8998279302685392,0.8476691018319661,0.7985946868917713,0.7549856597030272,0.7226818061977625,0.6835395897583412
6077,6041,0.7221094037953851,0.6893566834028888,0.6731666114485144,0.6657694616233529,0.6647331335842035,0.6496637704461258
6079,6041,0.85704699921636,0.8026293684589414,0.7659967248408843,0.7427838331442485,0.7299573234199923,0.7101890915965084
6081,6041,0.9461814563222499,0.8953529709319257,0.8500100042930214,0.8112219112669108,0.7818687877871974,0.74749583615152
6083,6041,0.8216675715163647,0.7714807290340452,0.738895596634588,0.7266484076178539,0.7269520945974365,0.7172514830754191
6085,6041,0.8973687179730108,0.8529834704839294,0.8141435032432995,0.7794209746040314,0.7526805419891947,0.7219264321057973
6087,6041,0.6632169192326951,0.6249542858157207,0.6060715221789016,0.6102923273049706,0.6310325022130545,0.6374754551192232
6089,6041,0.7200852798489312,0.6885511769373587,0.6728485400295859,0.6706186679408358,0.6772263375656812,0.676815827609402
6091,6041,0.44414483275372435,0.42456356988718186,0.41805414871391233,0.4286372163690374,0.4549226280935524,0.4749261107481795
6093,6041,0.5096181989844343,0.487915619051733,0.4803183199262628,0.49577972200291787,0.5216496491910395,0.5350349397320163
6095,6041,0.8796190421983329,0.8421586846039504,0.8168001462845806,0.7996084875578808,0.7916905814344384,0.7772262005043101
6097,6041,0.9171903084643704,0.8646441055832205,0.8272547102041294,0.8024235572630162,0.7887079732567591,0.7694743673820753
6099,6041,0.5722727245103696,0.5456679413575269,0.5361009812705217,0.5327948165478467,0.5314322196094153,0.5222448825305248
6101,6041,0.43007710120619697,0.41066841696325734,0.40974154407183105,0.4181818649868101,0.4278466943492523,0.4265692635329888
6103,6041,0.6863347570668876,0.6509509154261774,0.6310719442478703,0.6301567897700233,0.6396846368630427,0.6394048944068255
6105,6041,0.41589441441076336,0.3932511650256258,0.3843337138105745,0.39391336124058,0.41393079138082667,0.42312645327305826
6107,6041,0.39729045549794595,0.36979934301873685,0.3523237801201274,0.3569115924589408,0.3670584152576537,0.3656716947378783
6109,6041,0.7541336644765693,0.7119280951774574,0.6890648462971588,0.6800904415240784,0.6828313908625127,0.6812882080624014
6111,6041,0.8195487772466137,0.7744213855265488,0.7388357042808702,0.7127298517111076,0.6972986932066982,0.6733755233675023
6113,6041,0.7803349950508347,0.7496965466605168,0.7321147548777828,0.7303916102266658,0.7348090921371625,0.7243286309221789
6115,6041,0.5877153110243957,0.5578590538167054,0.5432866332957258,0.5428442105403136,0.5511654445230576,0.5485361192744884
32001,6041,0.5986387819353456,0.574866379492202,0.5667840346511347,0.5647798770920861,0.5738192800479687,0.5779103575686615
32003,6041,0.8172771871226614,0.7490294993393242,0.7022782534983749,0.6585965891568828,0.629986447265236,0.5996226829122606
32005,6041,0.7803591764640392,0.7313455372340435,0.7078273453556373,0.6904233308871358,0.681511679872498,0.6696170064705279
32007,6041,0.5893044480586491,0.5037535901775002,0.4813460914102108,0.4738200060514534,0.4818328684183084,0.4845955942231279
32009,6041,0.2463606645804216,0.2288039681521939,0.22396172121194943,0.2171857810890451,0.21423262591783906,0.20797700449806716
32011,6041,0.40965875113037087,0.40173598096868957,0.4064529888232585,0.40952350761093004,0.4257332285504866,0.43849221927652854
32013,6041,0.5797566655952262,0.5330598709498875,0.5130290460590862,0.5011324009238283,0.5042258137717949,0.49829482417132775
32015,6041,0.28446761941868676,0.2788881359047222,0.2861907218440124,0.2971977779710288,0.3146148840375687,0.32576059135501867
32017,6041,0.47834427282301284,0.4762458204740722,0.48238742868961165,0.48858164721046726,0.49611106390755516,0.4979004588706708
32019,6041,0.7288450206369781,0.6962066388578068,0.6815798728970717,0.6718304768525832,0.6733836501980264,0.6706557720204185
32021,6041,0.569967023690516,0.5612448875207174,0.564921746312609,0.5689481924192208,0.5780347571119252,0.585385482683513
32023,6041,0.7837556709979853,0.7493294439152786,0.7325160508128593,0.7139201715726633,0.7028497189167641,0.6886070267842274
32027,6041,0.6929453108731223,0.6753257260857262,0.6719734394301811,0.6676210893077603,0.6711492976705024,0.668271682393888
32029,6041,0.7336802480964009,0.7052832158143494,0.6950502483097102,0.6850250736937408,0.6846563904823977,0.6845855845378991
32031,6041,0.8092698056202047,0.7586558920312001,0.7310652463064338,0.7084763793901766,0.6992132867703842,0.6891285863086276
32033,6041,0.4470458644626197,0.43368281142088627,0.4275693904081717,0.42870709565242465,0.43475246079838187,0.4362957214747639
32510,6041,0.7599115393332785,0.7182882103320355,0.697436428810251,0.6831429929135835,0.68320321612821,0.679508060044621
4001,6043,0.5704346671534047,0.560322240023716,0.5752030798786014,0.6017777437749926,0.6252591825771219,0.5929100812671863
4003,6043,0.6540404181155892,0.6111643180227821,0.5663516617229585,0.5297467270028208,0.508099071755472,0.4863347623832636
4005,6043,0.6784987784071218,0.5966882378010812,0.5381943986235189,0.5026474428419447,0.4875166431169767,0.448380562205511
4007,6043,0.6848423221534659,0.6257848092964636,0.5689631498955395,0.5196135041101565,0.4956075237996774,0.47361995075737373
4009,6043,0.5637239346410196,0.5360045358740182,0.5074217127746853,0.48742685200392166,0.4791311012795898,0.4589677930712399
4011,6043,0.5007967661990507,0.4915140749443952,0.4755093052661714,0.45255621004863816,0.4385705873506415,0.41869701718304986
4012,6043,0.48239908381994695,0.42867930440997737,0.3844550912501188,0.3597878028386628,0.36035124666290363,0.3595215900513197
4013,6043,0.5300732720809456,0.4965454945294206,0.47257057771438565,0.45266576964935423,0.44425567957110285,0.4244663072911659
4015,6043,0.6778755678421897,0.6036385212065616,0.5441952662089253,0.49890102919057483,0.4756690863823031,0.4574021052773614
4017,6043,0.6178173469347511,0.5854616773830061,0.5619886446470782,0.5439199857845605,0.5336694653849379,0.4960757293073783
4019,6043,0.4738829528930209,0.4413241422138289,0.42261200668128723,0.41142044607351835,0.4128083721294001,0.39885272831610075
4021,6043,0.5229677140185139,0.48618892937714436,0.4591335549829195,0.4423654340017478,0.4419134662777139,0.4240786561659663
4023,6043,0.19039173044230515,0.1938655162459641,0.2574829635421247,0.36415241161141443,0.49952185117889886,0.6064595738392257
4025,6043,0.6286157394716793,0.5695665979585273,0.5170994551828049,0.4732448404329629,0.4477855654415239,0.42296265095459795
4027,6043,0.1441473907898865,0.26627158120244654,0.42408353937522447,0.5655182066495471,0.6521868979892389,0.6588570573905126
6001,6043,0.6260263555026766,0.6010310347054558,0.5793127084590498,0.557069177336742,0.537672621625322,0.5035503779792602
6003,6043,0.09685413721297872,0.21339575256029594,0.3637050363023213,0.49607305231480814,0.5337891271195889,0.5084208124876459
6005,6043,0.7977016574143292,0.7333308827700928,0.6549884090370711,0.5752277208255544,0.5133421412586611,0.46689377549177336
6007,6043,0.7761718378692215,0.7230531679524203,0.6610135225766288,0.5966986470361448,0.5375188536197504,0.4685014879121655
6009,6043,0.7676496640045273,0.7112505200046386,0.6390234869489657,0.5692099738988542,0.5108302738023481,0.46355539821805264
6011,6043,0.6754868133354176,0.4622413146616061,0.22317748769866902,0.03177818259259687,-0.09086622703230132,-0.13467665195885759
6013,6043,0.6546449765669261,0.624453247105778,0.5961981227599944,0.5692576667321156,0.5470124161237774,0.5127547359614574
6015,6043,0.7002356341810304,0.6334810127062084,0.5570163543521549,0.48560352546249896,0.4293973736635484,0.3898836711965868
6017,6043,0.7630180681031766,0.7049912684760258,0.6385048887705544,0.5761885122731693,0.5187683080351622,0.47023584880013536
6019,6043,0.7795320117957727,0.688580103010065,0.5690213867987417,0.4458167335170942,0.3463157579890591,0.2847824798109159
6021,6043,0.650804453039471,0.6028928339900378,0.5373117528990659,0.4754065137574482,0.41336114491206644,0.33838334384907215
6023,6043,0.756817352022296,0.6814648133958204,0.5918697109848378,0.5051977384805663,0.4368324000196797,0.3768225173302536
6025,6043,0.2935112797543092,0.30705417070720914,0.37108472022438393,0.4572671508009192,0.5582241304499739,0.6328092081749643
6027,6043,0.7060182355662225,0.6288563805621824,0.550301031696772,0.47958721782027297,0.4285509435920739,0.3937945558918688
6029,6043,0.7661185322630772,0.6875888650801604,0.5768930956693338,0.46858508468799587,0.385161240638301,0.32271237550004095
6031,6043,0.8056555891142456,0.6970428605280538,0.5541371576046343,0.4110595880879827,0.3055029164306249,0.23559064566643373
6033,6043,0.7703759252523728,0.692170171557803,0.5982305716276025,0.5057785119253396,0.4291446110589434,0.37557811062069885
6035,6043,0.8142259011125503,0.7122975916042338,0.5587458665715613,0.4053342408553319,0.2851965646991739,0.20534157213705873
6037,6043,0.6952858680822851,0.6694059293050003,0.6441256098006364,0.6134017899174117,0.5815787720908034,0.5584888039018863
6039,6043,0.7312553502846394,0.669627202856179,0.5784615155558392,0.47646114577439563,0.3746541662831904,0.2900385648648768
6041,6043,0.5970095534944693,0.5633189047320101,0.5321335410499682,0.5029425801271128,0.48021061461097697,0.4450692126445767
6045,6043,0.7778326266101397,0.6724076545440698,0.5437694484553222,0.42561583169116995,0.3350613218456384,0.2720275949626095
6047,6043,0.812612112603998,0.7184370363815863,0.5884439947278242,0.4467619109042766,0.32260328352735157,0.22675974947987665
6049,6043,0.8161585221594934,0.6931932032139094,0.5186518731658987,0.3486655077718751,0.22561857779391822,0.15905828257787716
6051,6043,0.4315363769779765,0.44916593045132513,0.4883589203997998,0.5342407250456792,0.5039650458358392,0.46103824615591166
6053,6043,0.757412018881669,0.5486185361525964,0.30233307975969115,0.10031291937837783,-0.021513573380277682,-0.07100508225185286
6055,6043,0.7458918535448005,0.6427816169931746,0.5587653566398906,0.49561881312222134,0.45903685298167596,0.43292623906215927
6057,6043,0.7799737159017525,0.7319739152375717,0.6724331890460081,0.6104090951108953,0.5507276168767876,0.4948765470438442
6059,6043,0.633062871778085,0.6025588107213199,0.5782575059882755,0.5557726112826635,0.5358255396709176,0.5041311824737587
6061,6043,0.7097825566093737,0.6682218703551609,0.6232186041444868,0.5785002637291231,0.5380287954898926,0.4963585898965372
6063,6043,0.8455377409119947,0.6983744867332228,0.48681591174431216,0.27891600872558214,0.12796962525649208,0.04963217646247018
6065,6043,0.6168551628669651,0.5863543197966784,0.5784449700033303,0.5856630554701753,0.6025009262945271,0.6072455897058134
6067,6043,0.7115238657071459,0.67631443897102,0.6427750788907475,0.6120244158844413,0.5859312335450106,0.5528889410970088
6069,6043,0.7177945525611743,0.6378432276301094,0.5216963473828045,0.3935503930456327,0.2809420595435898,0.19548349108747565
6071,6043,0.679241078432731,0.6643714429121425,0.6545021363235083,0.643950445784417,0.6319789747117969,0.6035373835160339
6073,6043,0.664473211795042,0.6320049162416227,0.6082041400207965,0.5867504516749503,0.5696421204995226,0.5429173264927802
6075,6043,0.5707125207609761,0.5460285182307186,0.5228500442320877,0.5006112694599161,0.48094387493598423,0.4425687574406951
6077,6043,0.7931988976623366,0.7178134719798462,0.6360698891784565,0.5511923924648471,0.4824099680734012,0.42321692289517165
6079,6043,0.7063256983186694,0.6437138875378836,0.5928388062036669,0.5568733671436749,0.5353071052530252,0.50822702003804
6081,6043,0.5728793704829569,0.5465455370317855,0.5199443146808331,0.4923047102958642,0.4653256204242709,0.4250175311949007
6083,6043,0.7675585763683128,0.6575051379767499,0.5488662650632706,0.47078966032813774,0.43391289600796734,0.4195184553870362
6085,6043,0.5235594203053495,0.4945001197621635,0.46588850118456526,0.43649925725878896,0.4102960699743286,0.3758374476266326
6087,6043,0.8684428832878209,0.7227227754233553,0.5443673220198239,0.378688699501986,0.268529491364263,0.2079698666642517
6089,6043,0.7936085191719924,0.7254744374543931,0.6386562777098724,0.5534204930857294,0.48620558572708433,0.43403768367032364
6091,6043,0.8142085460131222,0.6981092654241442,0.5117945048923922,0.3070875825721531,0.14902921188775484,0.053208976269344684
6093,6043,0.8050218047798384,0.678238633144217,0.5210173320011273,0.38506959637873045,0.29464445891743396,0.250014520718032
6095,6043,0.7671536225274734,0.727130614866077,0.6835622662600537,0.6393858442216187,0.6031605048583366,0.5625430027226997
6097,6043,0.6987144191630024,0.6495981802086785,0.599826926732153,0.5522220330227698,0.5142662004515403,0.47126791811704744
6099,6043,0.758392499541786,0.7132570761648385,0.6458711068242964,0.5550125459036456,0.45994170855270566,0.37511766293274923
6101,6043,0.7746453479320149,0.6926456853652072,0.5705991907308247,0.42190700070524273,0.2815391798264379,0.1788030083578072
6103,6043,0.7703983868165021,0.7178785215075917,0.6475799976570245,0.5757807791333924,0.5100516656419655,0.4447924357680534
6105,6043,0.7335169184180657,0.609749986183136,0.4454329734302441,0.28952082288365366,0.17633273231608346,0.11107953017373796
6107,6043,0.6855515389425931,0.5828235767410177,0.45840840654170584,0.35760701806265394,0.29564233147729474,0.26813906459427006
6109,6043,0.8416078205940654,0.7628639720539465,0.6669107295723331,0.5691805896993597,0.4943309787600758,0.43992462643264224
6111,6043,0.6203721403391355,0.5568957233572591,0.5263618931710748,0.5309601309543598,0.5633020567339285,0.5880205976040481
6113,6043,0.774883371798021,0.6669292431383538,0.5464191275764799,0.4437805080035978,0.37205908832728085,0.32914083700674324
6115,6043,0.7624313336016202,0.6994896374340753,0.6125809854711797,0.5230098222934999,0.44660272620089697,0.3831539349958947
32001,6043,0.7245573467259581,0.6580494944348463,0.5842673114727829,0.5119272970437462,0.46793872784267215,0.4402411564388177
32003,6043,0.5813270464475877,0.5335088288976328,0.49986037567779423,0.4652850121145999,0.4391238576213369,0.405095203508208
32005,6043,0.7238084148190861,0.6483460563826496,0.5784725091320325,0.5113858981668589,0.46186226664834534,0.4209662170106598
32007,6043,0.7431942925502973,0.634577942261117,0.5357697834456554,0.43629787652211927,0.3618863913876724,0.29766866290542837
32009,6043,0.3690776970309174,0.36771535698426006,0.3647778744745601,0.3451087581575839,0.31580499332628303,0.2692057737734532
32011,6043,0.5955601466833698,0.5611723180245928,0.494748298260387,0.4095983309744636,0.34912069441828747,0.29612294062410693
32013,6043,0.6374331338412902,0.5750081101558885,0.5032874408901207,0.42773654316705084,0.3760063454581581,0.3265766767449799
32015,6043,0.5980129562312411,0.5515557841254561,0.49097628125497855,0.42486635285885793,0.38125104515689756,0.35014212669980516
32017,6043,0.6023085847001102,0.5624672694738451,0.5358969107248751,0.5054693154759526,0.494364705042846,0.48131701127790216
32019,6043,0.7374644598682983,0.6692197732477667,0.5946402774764656,0.519670311519493,0.4703696749135669,0.4312329794719644
32021,6043,0.5969263848891769,0.5781753371548694,0.5541443800183153,0.522722374457755,0.5015953073126062,0.481545742060254
32023,6043,0.538315541145084,0.5050869047005183,0.4800470099596191,0.45439676858985467,0.43495842293889403,0.4129854073165231
32027,6043,0.6501406957520005,0.5991223865848277,0.5397796963085986,0.4683045555870208,0.41100322370734954,0.3597548804126238
32029,6043,0.6344756463719952,0.5781066929919036,0.5233960313474463,0.47174113102199206,0.44140510928012144,0.42314521942486105
32031,6043,0.6800487476426598,0.6205140221346286,0.5625787542189016,0.5021648177667273,0.4588746420902981,0.4218820342366638
32033,6043,0.5820198989890859,0.542055046368672,0.49070473719029184,0.43564999028770934,0.3937781796807261,0.3593868643398131
32510,6043,0.7486024470918421,0.6758839552559913,0.5990770712282972,0.5219415508693496,0.46962551524618823,0.4289486026729134
4001,6045,0.6614693225362934,0.6565594480876755,0.6704757867016112,0.6960434171608575,0.7224129982377806,0.7098239503223971
4003,6045,0.7592806013688003,0.7282012005009358,0.6948387281425471,0.6741802125386608,0.6702691984044374,0.6712319515518412
4005,6045,0.7609158260177009,0.6938186075571363,0.6486166807267749,0.6323469128148739,0.6331116257780578,0.6213576183813696
4007,6045,0.7914915358525747,0.7510959973970711,0.7104423974569034,0.6790047979395453,0.6711341205073781,0.6660753660790315
4009,6045,0.7106462617849657,0.6916707745903421,0.6667418912254732,0.6535878016129906,0.6484918751423112,0.6404918045808078
4011,6045,0.640155790484342,0.6346014669979133,0.617817852731564,0.6011132179502331,0.5905086039609179,0.5777999724966754
4012,6045,0.717105181512493,0.6842594358812158,0.657353667504417,0.6508198945958146,0.6678400224174016,0.6847191584217882
4013,6045,0.560841187608504,0.5319819981766073,0.5073044235780226,0.48761316869839727,0.4783669272062866,0.46364592463857895
4015,6045,0.6890513788386864,0.6343654993743556,0.588504760553139,0.5580911591595902,0.5470011130253465,0.5443332592170294
4017,6045,0.7565458578949279,0.7293989577770148,0.7087125196437445,0.6996458106138157,0.7012951423366232,0.683920919719215
4019,6045,0.4214333880050761,0.3910373569075483,0.3700801865714499,0.3558166493424291,0.3519989474793471,0.3413833780175384
4021,6045,0.6162494035661281,0.5834870882596959,0.5531819200283962,0.5343502763566906,0.5299094779980846,0.5159992184652394
4023,6045,0.39292953313982165,0.4131894959727534,0.4693174340164291,0.546829305804083,0.6378322807250777,0.7060814731951199
4025,6045,0.6331915005162014,0.5827222497091787,0.5367876594132166,0.5034027871814395,0.4864071167086837,0.47500146172885876
4027,6045,0.36015340882059105,0.4556140336012421,0.565446511439676,0.6570896196556405,0.7008213828500512,0.6851281519821649
6001,6045,0.6716402106125019,0.6511143786108651,0.6294644031673667,0.6085269948504601,0.5894857761065905,0.5641315013165664
6003,6045,0.4037949444649791,0.503434935944018,0.6138259133183733,0.700170118889953,0.7071063497068242,0.6642492231724069
6005,6045,0.7956758142345338,0.742718416273928,0.6819569462714659,0.6309108471008511,0.5944140368578069,0.5729514034970966
6007,6045,0.8984785237911815,0.8515214182380474,0.8007266777186736,0.757109320405308,0.7209081344807203,0.6818863056148101
6009,6045,0.8954219906935309,0.8507039979074286,0.7954292827420064,0.7492843368030042,0.7123981445898039,0.6890418441195
6011,6045,0.5973405974754489,0.4395515500588243,0.2799525065956028,0.18463458968669913,0.13875998323777813,0.14668531958595435
6013,6045,0.6762505496598902,0.6517650569123016,0.6268688169045508,0.6042223475738617,0.5857631411711813,0.5627189156886563
6015,6045,0.894608260467322,0.841105237781236,0.7839529411698476,0.7410730082870287,0.7041162108531978,0.6856633320103096
6017,6045,0.8055470643530165,0.7606434758508179,0.7097735283648047,0.6667092901063733,0.628218928731815,0.601865607317061
6019,6045,0.8779966205225863,0.8080448426174711,0.7262143986129075,0.6497359887750214,0.5876798927921956,0.5648048460007165
6021,6045,0.8710518585618331,0.8232189940115499,0.766159128679588,0.7310855188120686,0.6982109052940726,0.6567489305722789
6023,6045,0.9103318343259519,0.8411148428945331,0.76581521069396,0.7041105657369877,0.6581267014198033,0.6268669697502971
6025,6045,0.5133805609446805,0.5274028310128266,0.5758800725289831,0.6339244853075772,0.6972320336596042,0.7383050093044063
6027,6045,0.9016460802034869,0.8430131326929161,0.7888703965837802,0.7450608422163049,0.7163614526294488,0.7003665229667161
6029,6045,0.8783545213932523,0.8179724060839378,0.7435552474569656,0.6795973918812062,0.6308534034155531,0.6117469040341699
6031,6045,0.8640716082928112,0.7795365825820629,0.6756646108378596,0.5876269204213797,0.5318535183752524,0.5128058833167844
6033,6045,0.884034107487865,0.8254928040967148,0.7604759472258852,0.7000451240640888,0.6520584094119519,0.624876044139537
6035,6045,0.8667308035617686,0.7767296188704961,0.6589474829172925,0.5588208717781421,0.49382721538472873,0.46501954503222837
6037,6045,0.7744418484458369,0.751585804871166,0.7293804435634995,0.7063881555805543,0.6801629426855093,0.6664919407143153
6039,6045,0.8847842628401281,0.8299410446965959,0.7703769033054673,0.7092425099472534,0.6400927399755256,0.5955765658795793
6041,6045,0.6325148855731134,0.6053977396524755,0.5766521278854336,0.5512521097381674,0.5298742938861943,0.5052560263954038
6043,6045,0.7516622884502063,0.6283209659241306,0.4986785875455654,0.4108893770370673,0.36188841637176355,0.3620735680378179
6047,6045,0.8854144101237684,0.8076772080488795,0.7182244379788714,0.6315657245192531,0.5623125282889443,0.5165424303859334
6049,6045,0.8232156990376647,0.7258684044482898,0.6021712509630343,0.5030824028120598,0.44167936425368365,0.4251616745284989
6051,6045,0.6020790128636094,0.6186603407440134,0.649018217525873,0.6664066112751307,0.6265213714864559,0.5857174990046279
6053,6045,0.7227330144795656,0.5605648313103416,0.39247242300267876,0.2807782112786837,0.23442215747518852,0.2367258732854436
6055,6045,0.7719602495705608,0.6987230270234727,0.6449425062682782,0.6156364502974225,0.5989159780603445,0.5867576861128034
6057,6045,0.8440590074721906,0.8044289880872763,0.7562385928818781,0.710793856725082,0.6683957636396884,0.6357981741831776
6059,6045,0.6891740030040375,0.6652213843445107,0.6436250888107816,0.6232417578456936,0.6046529225197186,0.5813591156905764
6061,6045,0.7966249982841054,0.7641473807753483,0.726660513151511,0.6918988809092756,0.6608963631756465,0.6347928427906612
6063,6045,0.7761764977169061,0.6585640872484588,0.5072448221227768,0.38014538054219243,0.3018876512783999,0.2831507597085121
6065,6045,0.7977314194285009,0.7759105568363918,0.7694370895092798,0.7717987962896126,0.7811766396707575,0.783879418087407
6067,6045,0.7479069061909567,0.720841456706512,0.6933011326326987,0.6699210544868716,0.6505718512756974,0.6307363997378174
6069,6045,0.9135002047651227,0.8436675342475847,0.7549338672880883,0.6665698411118006,0.592332336580955,0.5460419471930558
6071,6045,0.7758207347102583,0.7649460640133828,0.7546612796750019,0.7436943446050966,0.7313966490623218,0.7117049793215809
6073,6045,0.7238569385881966,0.699353954403726,0.6794554784460957,0.6618770960110194,0.646838069920925,0.6283600572064043
6075,6045,0.7087468160770846,0.6889767273059311,0.6655865704300692,0.645079187113173,0.6256575750838551,0.5968159992631527
6077,6045,0.90101537779297,0.8408546147109716,0.7836937057194927,0.7300283604752776,0.6887629032458662,0.6567670205743974
6079,6045,0.8075164013940606,0.7594392709382689,0.7207573586163053,0.6969016125874082,0.6822981241892463,0.6672727598985315
6081,6045,0.6200286309031685,0.5981067709293577,0.5727386247089997,0.5472818805561375,0.5223584857776957,0.4921670715832797
6083,6045,0.795878300825955,0.7178068975620757,0.644292836244755,0.6012080444302099,0.5874797726484223,0.5923340649823208
6085,6045,0.6291526792651452,0.6060221769513597,0.5798975159831576,0.5540514658295629,0.5307164102012513,0.5050734698926793
6087,6045,0.8353084074869537,0.7215258241585674,0.5977371331111409,0.5010813057092681,0.4487278558215664,0.43384947235214083
6089,6045,0.8892294008899314,0.8327417321721418,0.7657826801660633,0.7094994673965679,0.6700607966567043,0.6476666120764072
6091,6045,0.7733492491193072,0.6679512397770432,0.5255283195953436,0.39330928838066037,0.30306347355368657,0.26448094839287617
6093,6045,0.8762327927105532,0.7782645942193186,0.6670295362437552,0.5907277063093793,0.5499410220597857,0.5433924974114941
6095,6045,0.7593481417502896,0.7286802237295666,0.6944588365421075,0.6654173136502235,0.6434232165427101,0.6229977949226947
6097,6045,0.7417707051613195,0.7009439124740038,0.6589667666405283,0.6240115028140473,0.5955585338953838,0.568552649240583
6099,6045,0.9184226033164588,0.880482234000287,0.8325901957031888,0.7724245371664965,0.7089238210625252,0.6596491155391343
6101,6045,0.891550634445241,0.8244705512631443,0.7395855322725566,0.641449397199804,0.5550425322037815,0.4994673741078936
6103,6045,0.8944294522329173,0.8453623890613212,0.7862688414493126,0.7395370474456945,0.6990802707037667,0.6654533965744084
6105,6045,0.8396229340798778,0.7373343489955821,0.6131060575070764,0.5129118453433886,0.4518448643573768,0.432082546584507
6107,6045,0.8311460176339076,0.7552806254751955,0.67131628822767,0.6115719764641734,0.5736621175572418,0.5755686530552202
6109,6045,0.890731216917023,0.8281700137647735,0.7557326755833048,0.691747974103856,0.6473711197467095,0.625428636301464
6111,6045,0.7649805806500009,0.7226112430000036,0.7012715153773388,0.7105349816375561,0.7362608735666639,0.755028881373962
6113,6045,0.7825320343337794,0.6972083974048039,0.6106083023977769,0.5485027820312207,0.5081234045317742,0.4919173255019376
6115,6045,0.9204578884860406,0.8672707120298756,0.7993593246908272,0.7375518777369136,0.6912659400729555,0.6597082035486986
32001,6045,0.7516501000248923,0.6983509012796357,0.6397545256048761,0.5974395877895885,0.581457857031831,0.5798356753117662
32003,6045,0.5241625655309774,0.4816454138883211,0.45197079029257503,0.42119985545392086,0.3984723475128615,0.37129008052444457
32005,6045,0.6667427163739589,0.6085696987358069,0.5585134952238389,0.5153865869574134,0.48422878982938383,0.46267639620316037
32007,6045,0.7748567692617692,0.6784515776846844,0.5972630024947475,0.5322312113803099,0.4921748591015224,0.4690128728274909
32009,6045,0.5113399307162197,0.5152777090014337,0.5199883051597282,0.5077262666679453,0.48823052361316266,0.46497818985520806
32011,6045,0.6543317289606556,0.6150334634710881,0.5652535263234082,0.5180926462447344,0.4958732482162095,0.48125998426953615
32013,6045,0.6461289564085363,0.58611484076779,0.5223786431002053,0.46950798274347916,0.43998235411962405,0.41740907731184385
32015,6045,0.6993581318793121,0.6705576593823342,0.6321682093185464,0.6018071414672848,0.5902080788864633,0.5884216025427942
32017,6045,0.7420614790505973,0.7235591995336212,0.7070546681383527,0.696902364820523,0.6977330158713434,0.7015811474275113
32019,6045,0.7047957187104168,0.6495764840516662,0.592272449994293,0.5444095557165708,0.5200364643797747,0.5075766396998522
32021,6045,0.5010332901374255,0.49056086283900924,0.4754647158000058,0.46573742355314685,0.4626859851208836,0.463008740865184
32023,6045,0.4160942382129608,0.3882788636698922,0.3686307204813459,0.35012405958874526,0.336825739329066,0.32397175074111634
32027,6045,0.5766618159768432,0.5364734071423959,0.49086747441147277,0.4485713168788141,0.4189514692731465,0.3965253267486076
32029,6045,0.4834006687462416,0.43998221246152414,0.4051986417381682,0.37571834677451804,0.36417547026423186,0.36181156098103323
32031,6045,0.6352747279126268,0.5830652866555754,0.534805479838147,0.4920874085255049,0.4646338496261042,0.44470276024378763
32033,6045,0.8060718033558828,0.7772993026599226,0.7364244965854009,0.7054143576223877,0.6841144520866372,0.6724655153978611
32510,6045,0.7710221327689722,0.7140441383670649,0.6545332909230457,0.6048836605780152,0.5773528389509365,0.5616684589032683
4001,6047,0.7288372892889696,0.7263977272496897,0.7394345817877366,0.7592738481630099,0.7623762197535335,0.7426184816871269
4003,6047,0.7830234361801779,0.7545118751314406,0.7185940296705378,0.6896100116230275,0.6777125339878743,0.6783505242245671
4005,6047,0.749375843282074,0.6903439955016373,0.6411552284484382,0.614651945636122,0.6028559204285807,0.5977434789830421
4007,6047,0.767086686388245,0.7263343203053977,0.6862355870455201,0.6556811159515614,0.6415540202008695,0.6411150951329425
4009,6047,0.7312412476876445,0.7182676592784335,0.7041982586497085,0.692781811779151,0.6831560401122189,0.671749771832796
4011,6047,0.6348300604829643,0.6347402742002133,0.6249657491364187,0.6097957322939271,0.5960776649817427,0.5826915549411404
4012,6047,0.6995276182271611,0.6690177334616694,0.6394532110942786,0.6278843723114277,0.6396076418848359,0.6606557264255929
4013,6047,0.43828079585566765,0.42566779316112763,0.4126705282342833,0.40014811323295185,0.3915990403486022,0.3798857334853037
4015,6047,0.6200238652668725,0.5770922518582681,0.5352866987628652,0.504055976281267,0.4919657598288424,0.4973181550304113
4017,6047,0.8185876087364665,0.7919790220611453,0.7696651690656854,0.7538641942840927,0.7369573530906753,0.7151827474327757
4019,6047,0.31569380083419496,0.30181752678521784,0.2948463871744245,0.2908137759785301,0.28799445832689985,0.2786636892486035
4021,6047,0.529195582764138,0.5114413186281626,0.49418736786501666,0.4808940176104146,0.4744048149102725,0.4631090419478009
4023,6047,0.4276337080283679,0.4808462546543786,0.5706435052074345,0.6736144909738866,0.7699139276556076,0.8340659467223568
4025,6047,0.5536738903303324,0.514050956036484,0.4733219213421546,0.44058427977229647,0.42324237464772113,0.41653174181581254
4027,6047,0.43146873004506053,0.5703896621767041,0.7049942449695941,0.8080735977322566,0.8534592176775642,0.8131441467374
6001,6047,0.5594318482388648,0.5537533272011814,0.5428193536397111,0.5251379727902263,0.5023533238241851,0.47468249229123693
6003,6047,0.35056957811831874,0.4844654964060733,0.6293735148615193,0.7084826710097983,0.7008173963639908,0.6413046525829231
6005,6047,0.7271019350012532,0.6712929194995704,0.602117881119517,0.5426432690741859,0.5021141497903652,0.4849568128123185
6007,6047,0.8629114494313668,0.8057630847596776,0.7413265567445382,0.6836196360557721,0.635130722713405,0.5970076291016612
6009,6047,0.8728878575339092,0.8188225596594494,0.7539875801871444,0.695070823092936,0.6521817752927552,0.6321191080220478
6011,6047,0.6471573188481422,0.42039555173738097,0.21203535927904812,0.0863128863215662,0.03910492834675782,0.07551106230533848
6013,6047,0.5662607314038561,0.5539659915736148,0.5368935132094808,0.5154381557752703,0.4924405712668186,0.4677767986489938
6015,6047,0.8442054653401914,0.7704341934632415,0.7064801293743388,0.6649536204703859,0.6277806298743837,0.6047379717266294
6017,6047,0.7342628440933174,0.691502138107103,0.6389942314651675,0.5882924443818042,0.5453858643376801,0.5203538306245925
6019,6047,0.8835212279230578,0.7813475497976637,0.6856533529487746,0.6031772817342484,0.5326108806684158,0.5129481428507697
6021,6047,0.9004435211146418,0.8333076528668286,0.7510994808614201,0.6875152542693215,0.6360660878964596,0.5930617331030369
6023,6047,0.8457785598232539,0.7715357827041295,0.6886242906405703,0.6200693219135376,0.5697732732581524,0.5394602796785951
6025,6047,0.5218465144188938,0.5680686442203337,0.6409459014643201,0.722709617297655,0.798248491529065,0.8212325605486024
6027,6047,0.8551879146707818,0.7893593945383947,0.7260652424293207,0.6731799248229582,0.6390385510858901,0.6257310035272043
6029,6047,0.8742296491020778,0.785599401131514,0.6993891022865937,0.6284785597632838,0.5662087467677486,0.5399601219287199
6031,6047,0.8803947160952169,0.7675127524051929,0.6450771151398791,0.5329717519185622,0.45520018996336775,0.4442495817011026
6033,6047,0.8566132621097856,0.7785543236493735,0.7025881926736147,0.6352612783800191,0.5848805119579057,0.5613139838700317
6035,6047,0.8823268927712066,0.7633877350360528,0.612441136350229,0.48353770709001864,0.4063787453901244,0.3831690184438524
6037,6047,0.6634692568616328,0.6546736532355957,0.6446499790869797,0.631455932583987,0.6118536723483672,0.5916698217061324
6039,6047,0.9003522200834929,0.8033051814743886,0.7187691917498517,0.6565547862442835,0.5842316505141739,0.5317643804781073
6041,6047,0.5041876010415608,0.49152152866198445,0.47348809320921825,0.4498563234487637,0.4235564651450249,0.3963871846960928
6043,6047,0.7483784918769079,0.5972846810558193,0.43557291823415173,0.32108620902584895,0.26579299700418596,0.28156157209051175
6045,6047,0.8751113041575415,0.7708832470738267,0.6552363069747873,0.5649446672721776,0.5092588845559269,0.48702577039456496
6049,6047,0.859246562149818,0.7179464010353515,0.5527709167781993,0.4205349307599113,0.34891967777191607,0.34462910712664535
6051,6047,0.5540495697297961,0.5878840718162829,0.6488039086196654,0.6750638349687467,0.635044521794183,0.595432219817184
6053,6047,0.7423255404975054,0.5287528528454353,0.305968877225963,0.15835589948010043,0.11032921762062536,0.14322024185487575
6055,6047,0.6821119801517639,0.6016327927049262,0.5378038254095876,0.5111292375616985,0.5017047001710194,0.49456497343960387
6057,6047,0.7875862944594099,0.7489423351920148,0.6976248538981651,0.6429579139366702,0.5933081131776715,0.5610380046828408
6059,6047,0.550996187874903,0.5449306437061265,0.5357718860571244,0.5212601321202425,0.5005759673061059,0.4752418293969528
6061,6047,0.706313878600356,0.6797971566074571,0.6449500882218384,0.6069635139671078,0.5718535869204877,0.5471134953912065
6063,6047,0.7964860242322154,0.6318121846686685,0.43301472121434226,0.269873307811325,0.18026368319454308,0.17570160897356019
6065,6047,0.7035819194550733,0.7006140949634212,0.7074024459129413,0.7158599545655343,0.7228551389164221,0.7186694512801912
6067,6047,0.656593903233366,0.6378450977106108,0.6161293163923853,0.5923976262865019,0.568934351608724,0.5493287811292958
6069,6047,0.8759880914067373,0.7794851766534877,0.6682295512055878,0.5655027693986058,0.4842047243118764,0.4481403536773127
6071,6047,0.6914403246172555,0.6918708913820829,0.6897533961579367,0.6802396135431515,0.662764153110752,0.6391810858216285
6073,6047,0.6068431489884156,0.5983342347735099,0.5889513492325226,0.5751274428195549,0.5564760355952827,0.5345293458777914
6075,6047,0.576595934795576,0.57322578859615,0.5610058641142947,0.5421377564217674,0.5175399866255488,0.48566788187852017
6077,6047,0.8670548208142748,0.7889798037102138,0.7189338718735756,0.6598674028866283,0.6135092356566347,0.5871838109505949
6079,6047,0.7119922964958201,0.6731946204072189,0.6379765182768438,0.6138922243730038,0.5979811838570329,0.5841178996109992
6081,6047,0.48923093053513833,0.4813342495301191,0.46599655420351166,0.4423575999191743,0.4132740716729523,0.3809544189603725
6083,6047,0.7089601501168469,0.623121667257722,0.542977577084842,0.49507935814780774,0.4815995145963957,0.4961695904384257
6085,6047,0.5002341497947959,0.4871455120762841,0.4690271768696869,0.44500463891508296,0.4190258969622891,0.39260931969823476
6087,6047,0.8167554310066336,0.6705117171823595,0.5103322392633853,0.3916248779032816,0.33336324578822646,0.33081958244451376
6089,6047,0.863095520731087,0.7953959147644146,0.7146477734292918,0.6421597847162187,0.5921645205033561,0.5720789065445103
6091,6047,0.8177048499741663,0.6760149441258901,0.4901571787607175,0.3262278804086466,0.22699178624757096,0.19641900012548286
6093,6047,0.8860959968217578,0.7563016434779894,0.613629863434213,0.5117334716320923,0.4654310983885641,0.4700486269911198
6095,6047,0.6995162583473945,0.6743575456858105,0.6407469824260189,0.6059600985745246,0.5775027035526917,0.5573300205738426
6097,6047,0.6346749883521774,0.6016436939778457,0.5609301168768451,0.5223540923145696,0.4881939935514594,0.4606071365747282
6099,6047,0.9198653896159359,0.8596571498090446,0.7961555833756204,0.7235649906343985,0.6490238948749336,0.5998893130098235
6101,6047,0.9139047589048956,0.8046146744443508,0.6912130237651858,0.5781342672929611,0.4819722887498456,0.42954653705312906
6103,6047,0.8779054292227592,0.8155126593795132,0.7407774763990966,0.6754911795255379,0.6227751617981027,0.5850510622464073
6105,6047,0.8520363081422679,0.7199691488759744,0.5652407282888278,0.44138558931927707,0.374083953195906,0.36587148558606414
6107,6047,0.8427819309339957,0.7323646040135996,0.6378008073969312,0.5755575977957357,0.5327455340625352,0.5354450607202286
6109,6047,0.854264844827629,0.7874387722402892,0.7034103351495195,0.624664503744433,0.5721425827139607,0.5527666007499883
6111,6047,0.665950004905893,0.6412511679231632,0.6336664141446194,0.6536246821046939,0.6860088938891621,0.7057000721658874
6113,6047,0.7237044896752558,0.6163079858069596,0.5152377137691095,0.4452635064723771,0.4048495347566793,0.4006598192490313
6115,6047,0.9187357540717974,0.8481971715477666,0.7640664743725994,0.6856357745882716,0.6278659004146505,0.5979598711734712
32001,6047,0.7494330888655439,0.6953651343524863,0.6308486850844506,0.576774013629499,0.5538500279944263,0.5589504503873209
32003,6047,0.41267874025038453,0.39278400373409944,0.3741742745004032,0.35134357837014074,0.32870642458194366,0.30236570735166346
32005,6047,0.6365507685570726,0.5822050876465665,0.5258798075628873,0.4777355748060255,0.44513267853313315,0.428131461776697
32007,6047,0.7747692737152531,0.6898836780848411,0.5941876661911568,0.5068274850910605,0.45074881224248536,0.4253467391608747
32009,6047,0.5300325502173047,0.5354567629467402,0.5375170499003726,0.5177184210903417,0.49460821514846587,0.47376591269810236
32011,6047,0.7118474761546988,0.662877812917975,0.5898243612928624,0.5221561476190661,0.4870073118281049,0.47207871241342586
32013,6047,0.6464643303405099,0.5951677033132817,0.526008566333854,0.46169053758144496,0.42088088944027835,0.4026248391018654
32015,6047,0.7592534346180515,0.7209752681278344,0.6699951830850213,0.6227166354107322,0.5964828338706165,0.5929057260055254
32017,6047,0.767702537291311,0.739090348753621,0.7131104440354413,0.6963688858867703,0.6964207116412894,0.7008852412529392
32019,6047,0.6957310336503044,0.6397926938682573,0.5723205987758094,0.5123762758624292,0.48176577825739125,0.4760090828447539
32021,6047,0.5334870744506439,0.5205225058241253,0.49997604221760494,0.48158189179283645,0.47175151022729556,0.47092612697131225
32023,6047,0.3644731460684589,0.3434752222886919,0.3231816558634504,0.30531823466232066,0.2927555044641243,0.282372530442256
32027,6047,0.5732081252350026,0.5233357866404823,0.46420414769733526,0.41022961994546053,0.37553460629554525,0.354893873195958
32029,6047,0.4674173842655981,0.42606223702090373,0.38324865837103583,0.3477729918435484,0.33063183418479797,0.33172218328911235
32031,6047,0.5815009520464459,0.5392848439314982,0.48834747374928505,0.43936443262903047,0.40624791376358266,0.3892109855040468
32033,6047,0.7780066195814148,0.7421130924026523,0.6927441718600211,0.6463007375684531,0.6140932600735408,0.5968015969299381
32510,6047,0.7322845506079795,0.6760534433983741,0.6078705864482031,0.5460079760767177,0.5097215875058935,0.49691589376069406
4001,6049,0.6247061447391474,0.6348045935370044,0.6766438386485323,0.7259597193530705,0.7533317919066391,0.7188597416880578
4003,6049,0.7134365096640239,0.683485078128581,0.6593486511364811,0.6475292164271353,0.6439588403353601,0.6332890467805874
4005,6049,0.6561020983076843,0.602497269529041,0.5745807925489308,0.5712280665637605,0.56843131920684,0.537762002038089
4007,6049,0.7141265229450608,0.6679682226043502,0.6317744595812287,0.6107109045976096,0.605596815770852,0.5986301707153018
4009,6049,0.6071520752530946,0.5906965959715591,0.5841114173828689,0.5922624315261135,0.5975495517343167,0.5824414668365986
4011,6049,0.5232274610348333,0.5179218577432689,0.513598576217557,0.5106694009697944,0.506930045843729,0.4913952806954411
4012,6049,0.5793945035728191,0.5403915026043841,0.5209837421380119,0.5300626786428503,0.5540113421030023,0.5644231765995935
4013,6049,0.4356050744156856,0.4247455461055666,0.4266222188729037,0.43250413191971493,0.43693558696237517,0.4229888822878692
4015,6049,0.6178821609344788,0.5760396073219595,0.5436763432519457,0.5251025586620774,0.5190128428597027,0.5143530128380313
4017,6049,0.7058325665319133,0.684333575658764,0.6777440380167653,0.6826689257582501,0.6827824250653811,0.6473500880343559
4019,6049,0.3297405554342873,0.3191868552744876,0.3270548537927593,0.3411259147944535,0.35228041612007593,0.3412467436441557
4021,6049,0.4843384745266485,0.46870338388037175,0.46995829894300156,0.4825174551251115,0.49292414532845047,0.4766011418188253
4023,6049,0.26608583288742604,0.3057896368453406,0.40258030933534106,0.5383709300505811,0.6795723185300433,0.7745551238194496
4025,6049,0.5653144928043884,0.5267668172211578,0.4970503924153108,0.47747835219291285,0.4656789467211369,0.4487435830126241
4027,6049,0.2643006261240069,0.4242511390286541,0.6049180727918766,0.7522868944921234,0.8212532415501274,0.79686127866495
6001,6049,0.5167396830622482,0.5179209768609783,0.5209192328427003,0.520241340704084,0.5107258957771845,0.48216232448515145
6003,6049,0.2124116560601086,0.37835673568239553,0.5497148538820257,0.6690868123601524,0.6713231616281546,0.6166000277149984
6005,6049,0.7386130278759505,0.6839044634486837,0.61571795138948,0.5565396752382998,0.5094567749512635,0.4754756022226972
6007,6049,0.8223356645480017,0.7734245722267358,0.7180636764493701,0.6678188244650307,0.6164113002815739,0.5574265895058945
6009,6049,0.827335091449055,0.7757973541472989,0.712134255183915,0.6544459718933189,0.6067279062634304,0.5717369858948631
6011,6049,0.7015726311012589,0.4697482913337669,0.23442680109145186,0.06950949716163242,-0.022688841064053465,-0.03266043240276009
6013,6049,0.5427941416461742,0.535964826109184,0.5305539706941638,0.52390811324939,0.5110319469807473,0.483388289734191
6015,6049,0.786047547149547,0.7258383180606865,0.6622161282458124,0.6129134947129815,0.5691145558229249,0.5426491890967226
6017,6049,0.7232921229676742,0.6889295168372463,0.6418735762330048,0.5945082188456401,0.5481641316726207,0.5103045070628112
6019,6049,0.8342308993403906,0.7412473966161051,0.6272828256631586,0.5231132129678445,0.4432704862428452,0.4089599770040138
6021,6049,0.8138092421526406,0.7586112618072844,0.691963138320693,0.6409753790159004,0.583325716665858,0.5126445474486526
6023,6049,0.7759139349486188,0.7094627463206439,0.635104533753559,0.5706844450700213,0.5169224950040137,0.4708232401817662
6025,6049,0.3967902167477514,0.44470901793836237,0.5379377287662703,0.650556771503246,0.7567005948173869,0.8163108622076121
6027,6049,0.773122184669068,0.7122029633310354,0.6526063806707293,0.6032505609214783,0.5668411615868441,0.5435916416846212
6029,6049,0.8042015121110061,0.729926735292638,0.6332400288003035,0.5488277674512957,0.4822070167392164,0.44552177000916543
6031,6049,0.8507171372705554,0.7342804110747663,0.5937337174539528,0.47002990530930444,0.3838922773944238,0.33957560113062923
6033,6049,0.8107738635498212,0.7395524975952525,0.6563278335305768,0.5789981435724924,0.5169467813490985,0.4793883444111685
6035,6049,0.8925488741156816,0.7657524875328767,0.6035707369037029,0.4637196808962984,0.3662488700752989,0.31294700389436536
6037,6049,0.5785725406427638,0.579547949743966,0.587406703604819,0.5981100569520253,0.5943163656426015,0.5751145222399776
6039,6049,0.8321660352612622,0.7663191149437996,0.6765337239166531,0.5825677526191233,0.48805097177069545,0.42739109823576993
6041,6049,0.47848514784018925,0.47253084779519056,0.46756301167436487,0.46064427012504966,0.44636278139226926,0.4156006653711797
6043,6049,0.7670436889807473,0.6094952626442095,0.43041909575586634,0.29447725766009497,0.21398264982671514,0.2028050512721503
6045,6049,0.8226892629528736,0.722622224846048,0.6075037236281227,0.5113061790481953,0.4407305416064579,0.39859919610250005
6047,6049,0.8911024980145245,0.7859938396742994,0.654997148537566,0.527368630472021,0.42255961753094334,0.3516168303962153
6051,6049,0.4524207701334765,0.5246926084857356,0.6005080768433937,0.6332874344753979,0.5887093913100476,0.5431331093712064
6053,6049,0.7608539669627795,0.5306406564433022,0.2897959311784866,0.11790415888549526,0.030325616078651363,0.01535726317582982
6055,6049,0.6493277761725953,0.5796520102596971,0.5245937818803112,0.48911852110254,0.4690796875710733,0.4527098815241089
6057,6049,0.7585503323447588,0.7276706518530516,0.684023376117874,0.6360181675128177,0.5848027792955188,0.5382620320272707
6059,6049,0.5112349176042461,0.5135164159677437,0.5188168250060848,0.522246593764767,0.5149564010629356,0.4898052297736876
6061,6049,0.6883304417140681,0.6674819104251651,0.6402799160247522,0.6122219883451754,0.5809375045887365,0.5471029973735787
6063,6049,0.867117608842396,0.6892751431113955,0.46387451019828263,0.26895540242339644,0.1445594535039909,0.10068770335961913
6065,6049,0.6249686720762266,0.6238125965466733,0.6417508080944196,0.6714582787961003,0.697429804151624,0.7004104446251062
6067,6049,0.6350527284284281,0.6208608681147157,0.606924860174335,0.5953934032934337,0.5801871592753061,0.5552462716141741
6069,6049,0.839859320457425,0.7523137658115576,0.6351616980901107,0.5154061070083048,0.4141526079661634,0.3505522876982962
6071,6049,0.6411093841915314,0.6466660916015575,0.6558205080670712,0.6629757966908768,0.6583740097567472,0.6338355938101125
6073,6049,0.5714613528201181,0.5704737333228729,0.5736188902612411,0.5757326654708639,0.5689646359640999,0.5460655139502979
6075,6049,0.49586354621245105,0.5003408165782969,0.5046835524529701,0.5058032413905611,0.4958873776260929,0.4630545945167741
6077,6049,0.8217423965850988,0.7546048014968726,0.6856345107461351,0.6200214126723991,0.5666320637008885,0.5260993238774002
6079,6049,0.6627412139075278,0.6303773724688173,0.6080949196753938,0.5973383833736375,0.5866753049996843,0.5638861464490229
6081,6049,0.4567892828620527,0.45587864136095846,0.4531446881101491,0.4454999460575294,0.4281696217017698,0.39349246052741194
6083,6049,0.6981807819006128,0.6060490697081122,0.5220738519688454,0.4759418308610274,0.46067093724560093,0.46150648817107914
6085,6049,0.46746481893763786,0.4586824338157203,0.44894338974140224,0.43631069543302553,0.4189710294484891,0.39011250834276945
6087,6049,0.8409861266140201,0.6911950303355096,0.5221709393395073,0.38342771853565205,0.2998652345210454,0.26816959528402434
6089,6049,0.8502920377164231,0.7813205473656714,0.698545396081502,0.6261006629289003,0.5695475427658659,0.5307837487503941
6091,6049,0.8568350949230171,0.7105593480353519,0.512131720581193,0.3271238519620232,0.19655681471313466,0.13604571830897463
6093,6049,0.8824197596618022,0.7427752645011213,0.5879991976368167,0.47390272957404644,0.40589720566002224,0.38217357159862636
6095,6049,0.6754541086630299,0.6530766307915413,0.6255205311555722,0.6003275839801755,0.5755152434201934,0.5448556846973674
6097,6049,0.6253666259707339,0.5986517060071483,0.5683861993968078,0.5389136017070165,0.5079167986962461,0.46994774548241125
6099,6049,0.854321865183018,0.8118191904805929,0.7474132458413868,0.6656706199760102,0.5810000172810782,0.5137556174984415
6101,6049,0.8876837658941977,0.7937236439228297,0.6654756687885106,0.5234300840501933,0.3991266921815596,0.32406216646102565
6103,6049,0.853692112174927,0.7993382426122877,0.729541616751449,0.6672810581199831,0.6075936850729011,0.5505955691458301
6105,6049,0.8385129334697339,0.6984732805418855,0.530372819169064,0.3894674801305158,0.29680024263857047,0.26016870209576753
6107,6049,0.778684930007713,0.6778372808039067,0.5654276267341574,0.4907107639320858,0.4464936052764084,0.4422628362831494
6109,6049,0.8287606897711601,0.7623708311095468,0.6783362415824554,0.5999580509784984,0.5403892065693836,0.5025754665864895
6111,6049,0.5838312362193765,0.556289035099389,0.5614456904455727,0.6002198620390098,0.6448634518696329,0.6693531888347833
6113,6049,0.7493263611520559,0.6413235938741301,0.5315112923111335,0.45152608507806524,0.4010201947245674,0.3782809543227956
6115,6049,0.8556105574173436,0.7896121142506688,0.7039512923193673,0.6269121837294218,0.5643876132971627,0.5140760915264874
32001,6049,0.7504810045330288,0.6888857557037026,0.6262541822022956,0.5772262070387185,0.5491605129171527,0.5336442825207152
32003,6049,0.4053139436627096,0.40103097854252356,0.4017855128969232,0.39191488584460504,0.3750379960915516,0.3462803540331654
32005,6049,0.6612118057498586,0.6151468404698961,0.5663485468607656,0.5169562903211541,0.4737120190579106,0.4427589213646473
32007,6049,0.7491772373510164,0.6717895837743512,0.5832076946690223,0.5037319103505975,0.43651967397543523,0.38525271870492517
32009,6049,0.43206826128868897,0.43417254160192015,0.43535698920964616,0.41912810962624136,0.3974184877851483,0.36718201782454873
32011,6049,0.6698371377799864,0.6109810229313175,0.5397933105777941,0.4702691985843107,0.4221880990016576,0.3813349622425576
32013,6049,0.6289760094920941,0.5763002847040601,0.51386226272838,0.45911330369382286,0.4168135232569771,0.3758808996998932
32015,6049,0.6826716684785612,0.637825044232952,0.5854737726625104,0.5374667785769688,0.5037847357865566,0.481951043779691
32017,6049,0.7127557012343678,0.6856249372618495,0.6653996764919917,0.6536840006383021,0.6514039022275885,0.6450125347923518
32019,6049,0.7199563645720533,0.6608867756540576,0.5955413198320363,0.5397054230026375,0.5019848769924714,0.47748364340332283
32021,6049,0.5758071179357876,0.5586785113227459,0.5381847879486763,0.5199892014883722,0.5061325674127733,0.4944824027270261
32023,6049,0.4241848882720107,0.4061807979913033,0.3918031598355124,0.3780356529773177,0.364833242870763,0.34881353764543366
32027,6049,0.6421401744437799,0.5903506975343372,0.530083933072131,0.4698815572314008,0.4220043463326163,0.38181567226468616
32029,6049,0.5373276796611274,0.49426816321612227,0.45318812900284183,0.41812679785270235,0.39633248396439275,0.3855224640946024
32031,6049,0.6187712515524636,0.5811444650882477,0.5379521241542178,0.49550449696474963,0.4597140224690205,0.42891068250906306
32033,6049,0.7415659341070879,0.7012925932437597,0.6503675185825335,0.6049139525932702,0.5698465767791119,0.5386456832646199
32510,6049,0.7490824583224943,0.6921820852921114,0.6278847898671646,0.5692769557567136,0.5284433368736188,0.4995495252329126
4001,6051,0.6697734977652433,0.657256048363937,0.5792763331883753,0.520146040698093,0.49379837916578034,0.4993743809237892
4003,6051,0.6383306407772895,0.6412925940634352,0.6254080647254445,0.5980850612340736,0.5751934699674699,0.5732876438533434
4005,6051,0.7059425055385835,0.6803180651986825,0.6196913922940775,0.5537675548963411,0.5183008124533747,0.533212270851834
4007,6051,0.5593707099712051,0.5591894630011615,0.5517462486928911,0.5340781231383278,0.518150870681124,0.5058547829798081
4009,6051,0.5349976971049039,0.5364505062495669,0.5148585828443074,0.48325553491503925,0.44901944918741904,0.43604029881863143
4011,6051,0.43066467328452945,0.42835954372107987,0.4235178189910499,0.406252122387922,0.3737658804969354,0.35906856695154243
4012,6051,0.5506194685017956,0.5850182761860498,0.5938983337118404,0.5604829378787012,0.5233690189845057,0.5165567093410118
4013,6051,0.417396169218875,0.3864182142583676,0.3527303779314971,0.3048132682973427,0.2617516268041376,0.23528387560592717
4015,6051,0.532125944659863,0.500992851833641,0.4856062472738235,0.45179245166255366,0.42333215662384843,0.4025651103250291
4017,6051,0.6640323738981343,0.6606436562750857,0.6086555587693159,0.5700516596519899,0.539389623627432,0.5366143843954296
4019,6051,0.33198038463131135,0.29581085935386636,0.2550849804827928,0.2073669105014841,0.1690431664089309,0.14294328042772977
4021,6051,0.4345818122775043,0.41644493249010833,0.3801432415664897,0.3171136175954512,0.2643528952219139,0.24120104124538136
4023,6051,0.629915800127976,0.6405663696242245,0.6188472104673773,0.5678698435789966,0.4852650909608962,0.41305393740689084
4025,6051,0.4364202199953889,0.41149706598943026,0.3854329873332894,0.34398771983859405,0.31022067572137746,0.29668246007443716
4027,6051,0.5462487422486517,0.5183758900296795,0.45138171484833933,0.36224567245853134,0.33526811222629105,0.34072795324372945
6001,6051,0.5393894379075401,0.5027139952170657,0.45474531297950216,0.3976289039315478,0.35226310308028846,0.3131812016238524
6003,6051,0.5901784945352766,0.44347171548605624,0.3566721039619712,0.2978283579186919,0.26496410043193386,0.27983166228263284
6005,6051,0.5450222595077322,0.5212061503713808,0.4994411996926581,0.4711904635547206,0.4578134702472143,0.453185672911497
6007,6051,0.6291284328112613,0.5996692940272564,0.5616962001303598,0.5305120736934865,0.5126512865941968,0.5141090620143608
6009,6051,0.6122562042971118,0.5994804005236252,0.5819570907431694,0.5616854427454335,0.5526839036764086,0.5517574531258846
6011,6051,0.27471171187025345,0.30073954126610536,0.32858316971262375,0.3544337758724834,0.3870517750190178,0.4353499276063173
6013,6051,0.5481708731614747,0.5127961346445701,0.4691411959690306,0.41668145936956835,0.37416572232918044,0.33885185048225536
6015,6051,0.6175747165342373,0.6041212307996204,0.5868379807567726,0.5735121463262731,0.5883687547209738,0.5891132907990994
6017,6051,0.5877180469350007,0.539694017052567,0.506046727505495,0.48007175919869394,0.46625797621728876,0.4587825994872765
6019,6051,0.568324743365979,0.5455279748787253,0.5470059170095222,0.5750348029928832,0.5989078001486783,0.5738978466693333
6021,6051,0.606677353162598,0.6024736808086114,0.5597715213955593,0.5063380073993798,0.49156013407441623,0.5297923653595277
6023,6051,0.6213122399438601,0.6021449779551533,0.5646015547264193,0.5258369966948979,0.5102545476345829,0.5070409861819193
6025,6051,0.6486665179119707,0.6718640770951881,0.6051925027571742,0.5256817440623789,0.46484774281054164,0.40510216302653207
6027,6051,0.7097488700831499,0.6875428910002126,0.6549053324760017,0.6261694982034829,0.6122483924873325,0.5996640657154431
6029,6051,0.6370661089633469,0.6060238478791439,0.5937194606307666,0.6060180212717267,0.606997275280767,0.5693192293013427
6031,6051,0.5106703870370191,0.505696185599893,0.5235915858753017,0.5344594015371924,0.5346152077490808,0.528344681934183
6033,6051,0.6008479692552262,0.567945558417521,0.5413236384336436,0.5481736296195524,0.5515913858989016,0.5419513947364987
6035,6051,0.41499449885873063,0.4478363749444625,0.4609182245963296,0.45903529105831514,0.4613372823606605,0.4820803648431635
6037,6051,0.7118215261152793,0.6923959121524628,0.6410820036425626,0.5660756668552761,0.49762370901356506,0.46995821542294836
6039,6051,0.6083708935109794,0.5715244913096466,0.5328979021023063,0.5579072516645139,0.6295352710173889,0.6270436826749131
6041,6051,0.4948046586453223,0.4507843523875855,0.4010510307392301,0.3420984737284611,0.29540126551333956,0.2577476499209956
6043,6051,0.4641946841427857,0.4672694561148979,0.4717744310743031,0.4757308180801619,0.492618528923188,0.5130393447881844
6045,6051,0.6230397060030021,0.6137404317457386,0.5900408527076305,0.5657302631044958,0.561324175003275,0.5703550615338422
6047,6051,0.5600012029396174,0.5430321082880549,0.5278805103169616,0.5444437521965801,0.5743934634905704,0.5939333411697106
6049,6051,0.4080895190453418,0.4401540510516675,0.46520909044905123,0.4783031034849256,0.49533238722044426,0.5198801616337723
6053,6051,0.3458134406295788,0.38870826264048003,0.4023993086712015,0.4026516601440989,0.4052672822830272,0.450950974003701
6055,6051,0.6452635611402755,0.6078883731956627,0.554328935434049,0.5115709311539305,0.5117289336707256,0.5059311808183307
6057,6051,0.6240252719020895,0.5853433961071998,0.5498222763264944,0.5152519165662864,0.4953377586331423,0.4867542259275083
6059,6051,0.5932561382706847,0.548022055718243,0.49811364363654115,0.44059426952055564,0.39216496386741495,0.35006060140396705
6061,6051,0.5842374424382434,0.5431310506031184,0.508376836179788,0.47110039523911257,0.44275165679152034,0.42424913445782153
6063,6051,0.29121341538523543,0.3306481520496345,0.3661123233063637,0.39264984692359267,0.4137617682474194,0.43979132093065065
6065,6051,0.7032309918727426,0.688977078625824,0.6433499637215532,0.5791280945933777,0.5232610788610934,0.4755553420310128
6067,6051,0.5985565502925781,0.5663998196225912,0.5302198595641865,0.48917289045435164,0.45338047027832,0.42387598020449896
6069,6051,0.5555398480490807,0.5192125903441545,0.515474448078349,0.5248006873351917,0.5419697510479873,0.5542143641113323
6071,6051,0.6512712120238116,0.620406097834376,0.5817829350526365,0.5349033096472231,0.49527654210913075,0.4628242605754668
6073,6051,0.6290863597447335,0.5816041301024872,0.5335565889839876,0.4801789398453497,0.43437986324491606,0.39650254285970604
6075,6051,0.5690347336695546,0.5304065579381595,0.4750714516309076,0.4091293434200472,0.3569932622014981,0.3116150357771215
6077,6051,0.6549619778872718,0.6178784714029278,0.5823274109673706,0.573443828835117,0.5782170587662006,0.5711727451905468
6079,6051,0.6545790601556338,0.6174249755516823,0.5665484321197585,0.5081753777200898,0.46941231950759615,0.45289611816539566
6081,6051,0.4658672002481836,0.42367771604856946,0.3740759246376354,0.32079622529966306,0.2765679788811268,0.23663674863701067
6083,6051,0.6042004343458155,0.5867566995833114,0.5646439301108771,0.5278186300058905,0.4872102064062577,0.46520846438393243
6085,6051,0.40588650589605385,0.3689919481070219,0.33004878155078804,0.28745805598741486,0.2502700615986039,0.21661411177401793
6087,6051,0.47069854931895266,0.48655937170532854,0.48567976666389356,0.4803432829567278,0.4816771505483291,0.48899675486457256
6089,6051,0.5732105392994388,0.5644229084321606,0.5568875512286838,0.5374766140190519,0.5236790114459812,0.5225737506200051
6091,6051,0.28362505661055837,0.3217629998313079,0.3506603889232934,0.36985362644394093,0.3933050269357744,0.41922639534876605
6093,6051,0.5140226215568832,0.5449374307767272,0.5508893740442347,0.5337306912666244,0.5271545625354672,0.5489601064082692
6095,6051,0.6197663442172263,0.5916220324511751,0.5625479783327874,0.5247923783345595,0.4921729244932286,0.46845606434748177
6097,6051,0.5470014135873932,0.5081955084637013,0.4654962038931213,0.416217620071137,0.3850912852415143,0.3627817180184032
6099,6051,0.653589869721076,0.6016844505780923,0.5744430797214439,0.5868549430026636,0.6095377872799588,0.6055164699964843
6101,6051,0.5229909885575913,0.480407740833156,0.4819616982906101,0.5363607860002918,0.5799993513029391,0.600663069174461
6103,6051,0.6068375821621756,0.5919550024646192,0.5568494846151322,0.5178715800821146,0.5072337774645915,0.5155032531626063
6105,6051,0.40112368849657204,0.42955130993392976,0.4447425253916751,0.45032931968819706,0.4638627325505154,0.484218360481712
6107,6051,0.6286639865537311,0.622631083805585,0.6081332587752238,0.6162510075358446,0.6089712388044762,0.5604004420866889
6109,6051,0.6205052909888236,0.6001612889498149,0.5850313292267573,0.5677837436729503,0.5537028106116353,0.5484844749163307
6111,6051,0.7231601031309716,0.707999073973614,0.6609374686093976,0.5825638107719401,0.5204940989064301,0.48999901736574386
6113,6051,0.4836216892087658,0.47444829449382414,0.45722717469605006,0.44572199170713456,0.44473786244478497,0.4357378622642469
6115,6051,0.6084465041112537,0.6000826626381511,0.5833479710573238,0.5732131416149742,0.558227710863379,0.5572099986447664
32001,6051,0.481948279955433,0.4866198202656833,0.4843173070620481,0.4586746377779986,0.44005039015338615,0.4382876226437186
32003,6051,0.506066063401771,0.43556246249304437,0.37718514288320065,0.32311404875070193,0.281024925044264,0.249323166744787
32005,6051,0.4914191060193916,0.43629758151437087,0.4036653937437753,0.38005338084111606,0.370341682653707,0.370116358412378
32007,6051,0.5006722389080854,0.43184576018101145,0.4136912576895563,0.38640500567462016,0.37382378442883696,0.3900337876129625
32009,6051,0.3180741515376646,0.28018914178515664,0.2868134014811068,0.2828899185802148,0.28002517755927786,0.2888697797736732
32011,6051,0.38791927769198975,0.40673425922516937,0.41340969713562176,0.4086009253388796,0.3987281746429876,0.41655272120240844
32013,6051,0.3550246540805401,0.3398954076764652,0.3279750661837541,0.2975546234696073,0.27813439546738833,0.2856505553101743
32015,6051,0.48024216726486946,0.49545448016606136,0.5002489063920159,0.49118721850227004,0.48565814742176694,0.49792863378461827
32017,6051,0.6057935201111445,0.6079966235032576,0.5831790075587721,0.5713580078435662,0.5591087112463534,0.5559146282543787
32019,6051,0.4454659172517522,0.44130085659686324,0.4349617067677027,0.4043222086026384,0.3863588230858199,0.38378794694199475
32021,6051,0.3443601837487558,0.3341409286144562,0.3290016693495228,0.31177562152053306,0.3015742547322793,0.295589565486811
32023,6051,0.2632822675582765,0.23497520484113063,0.21444677665409168,0.19012885909460028,0.1684165080806679,0.1528061307909201
32027,6051,0.29249401041561063,0.2776240009929549,0.26634727083854504,0.25214564293653763,0.24842947258436965,0.26181716464218086
32029,6051,0.32271412407617944,0.31492112156163393,0.30745674215165375,0.28416798143314165,0.2680756992116612,0.2613620605746767
32031,6051,0.43288441743232603,0.3928106669159232,0.3666165444352411,0.32861711667722904,0.30228296486793516,0.29099789147913796
32033,6051,0.5559938828703825,0.5604275687883163,0.548208008575973,0.5310679039553333,0.5115458634646639,0.5061560481246878
32510,6051,0.5243438376706717,0.5033531589477377,0.4897869392779951,0.46075046014079546,0.4398278993875942,0.4324645020230359
4001,6053,0.46809511455903896,0.4491082630214565,0.4823117700279569,0.5472270301288383,0.6007755495068485,0.5895827829590585
4003,6053,0.5932089030624355,0.5430421109219665,0.5014086602005712,0.4749206537695062,0.46404118352667817,0.4521116241139181
4005,6053,0.6069255796257724,0.5098489014326749,0.45522349806095697,0.44227994350858285,0.4465649563612151,0.42296811063105927
4007,6053,0.5863748548654328,0.520904656700652,0.4647380625500367,0.42300414154298355,0.40848136284814546,0.4033037294560308
4009,6053,0.49999147783795317,0.4702415647628949,0.4551378094955745,0.4565483195655407,0.4659384072633433,0.45969297884303856
4011,6053,0.43456281167714655,0.4257296639998448,0.41650256868092145,0.409520728059614,0.4058862947010942,0.3942774775315986
4012,6053,0.5205497799815334,0.45293841688089537,0.4066282502053188,0.39951889739391233,0.42313849450620356,0.44390902278514577
4013,6053,0.3238393024879309,0.2984933158961215,0.2928768762894672,0.2953826192928859,0.30426892363305347,0.3003956401365989
4015,6053,0.4926327628781045,0.42366811495512463,0.3684530734690234,0.3332654978672822,0.3187659038622539,0.31301943526318593
4017,6053,0.5823570331211562,0.5377436895572836,0.5186581311018365,0.5227394955032144,0.5326823183773794,0.5111297504627164
4019,6053,0.2282015898510047,0.20088021747964896,0.20240518710556424,0.21472112016425055,0.23263515081032204,0.23479846962763115
4021,6053,0.3662650613956355,0.33109720123120184,0.3197319167164291,0.32722769327647566,0.3481772639521316,0.34958240217863085
4023,6053,0.11024415879656163,0.12033776172357549,0.20872322826150608,0.35976007561768614,0.5465339119758374,0.7084528340329654
4025,6053,0.4356106179610164,0.37563059267515414,0.3308490270834153,0.2997647970444705,0.28447147017596075,0.2711305252941711
4027,6053,0.03782491598839614,0.21407653583044917,0.44056330898256235,0.6600727891600612,0.7863334422116675,0.7861870258499281
6001,6053,0.41564877154706853,0.4081410612029916,0.4080712457362845,0.4084052421576199,0.40671012026301095,0.3876618315950154
6003,6053,0.007227855502361057,0.19671972622484268,0.43045438137938974,0.6215158304325357,0.7000405734774545,0.6490471938531012
6005,6053,0.6168920831748671,0.5481693222703735,0.464188799260935,0.38453768392572496,0.32283339267492067,0.2797102162132584
6007,6053,0.6988927254583548,0.6365353166322314,0.5721214389525854,0.5093701006543032,0.45221379873645684,0.38639638383445024
6009,6053,0.693114005817452,0.6324053777546206,0.5549156721003832,0.4803729618441615,0.41970461818395177,0.373712078371557
6011,6053,0.7834105768674717,0.4948036063428437,0.1825820519964283,-0.06993689108043045,-0.21936480535392833,-0.26818002510817296
6013,6053,0.4307167601966749,0.4148841985755753,0.4056927414698395,0.39735443233140694,0.39004884060322326,0.3696583202610771
6015,6053,0.6902213919050774,0.6132664202385715,0.5266592773379433,0.44887158100339575,0.3891972407664563,0.3470374671977093
6017,6053,0.5889337225115051,0.5443944624258179,0.4867700691451183,0.4259815115373847,0.36946521777138547,0.3204434701743202
6019,6053,0.7903478038417554,0.684787465954442,0.5436976573278001,0.3929520823120669,0.2696490831794772,0.20589309261736655
6021,6053,0.7273531304384006,0.6580536904370523,0.5770362255484788,0.5141451658313281,0.45864150214045135,0.37912752079875145
6023,6053,0.7198183939015762,0.6350440668555355,0.5397219006455192,0.4506776456977958,0.3797796878724092,0.32231082272961464
6025,6053,0.17920093530254966,0.20392603342895826,0.2962693395857123,0.4331892051645968,0.5735403209560481,0.6822537005421915
6027,6053,0.6968076293212638,0.6169030132600667,0.536227944469396,0.4629938441458734,0.4140942921253019,0.38253341183335554
6029,6053,0.7696295453386036,0.6825049511109766,0.5637684233656147,0.43311718443947034,0.3305491586181962,0.27733906620169857
6031,6053,0.840312939485896,0.7038900181771072,0.524271944363126,0.34666886434364924,0.21823581372236223,0.15052914307449553
6033,6053,0.7093250527340458,0.6257261260446918,0.5289376539728156,0.4262266361139838,0.3390616139298349,0.28411802024299754
6035,6053,0.8459115801410619,0.7088941237276062,0.5110278362041621,0.31861810598081314,0.1803176286550436,0.09798247609928132
6037,6053,0.4927167198134636,0.4799167737115088,0.47833519953111914,0.483333513682093,0.4801987810766543,0.4663572363832176
6039,6053,0.7702345165688398,0.6999739722604894,0.6035482434213474,0.47920973719538534,0.3431940783686402,0.24492711765527136
6041,6053,0.39307757729701714,0.37620365001423917,0.3666495112876888,0.35781665730657397,0.3509732450263464,0.3304428687571854
6043,6053,0.7909969899471216,0.5932557868502877,0.358433945735324,0.1590863847633649,0.029350283261777743,-0.01970541544923067
6045,6053,0.7920981249533768,0.6703524373110046,0.5238154700559097,0.3898800205922309,0.29078372684207815,0.22814078928569057
6047,6053,0.852163353730924,0.7379507343087491,0.5818369533783558,0.4108074543670205,0.2622415267914336,0.15220761175651587
6049,6053,0.8608814221092994,0.6892397400650669,0.45887524054307605,0.24391888782328452,0.09538148670434501,0.02231432166388501
6051,6053,0.30696295159264086,0.38770980517163106,0.48788489787758765,0.5490719521917593,0.5323942968093539,0.46225252547915485
6055,6053,0.5752929016549926,0.47436661527947094,0.396194437288728,0.3436860943529698,0.3123144312273059,0.29268326035832265
6057,6053,0.6275455353045253,0.5897280980667032,0.5370750221900907,0.4772300067106895,0.41818002045775443,0.36201351131622894
6059,6053,0.4150635039701891,0.40610559136362684,0.40709629186563,0.40898259662491054,0.40769751154235845,0.390501816431735
6061,6053,0.538002782143236,0.5091579522597617,0.47601213969229106,0.44072329874243066,0.4078972971384887,0.37324415060652366
6063,6053,0.8894850444444974,0.6918162671291548,0.4133648740116596,0.1423826743211074,-0.04668198275121232,-0.1334456971383003
6065,6053,0.465429990614625,0.44761388709035976,0.4566973021307832,0.4891248721450786,0.5339506459490523,0.5623440756468219
6067,6053,0.49381969964797723,0.4684386116233712,0.4481476120569587,0.432206728486825,0.4201371426809691,0.40085338544942173
6069,6053,0.791699663794188,0.7033114046480581,0.5683997709842681,0.4150124150239373,0.27540332701903636,0.17608215458854928
6071,6053,0.4794147658428242,0.4784867697780211,0.4879382286997214,0.49893775415812125,0.504852347284042,0.48996542298427936
6073,6053,0.450555016819354,0.43758666751201447,0.43679282491193383,0.43792764014565305,0.43745046973672336,0.42340615504118556
6075,6053,0.43619312575050734,0.4301889838302702,0.4322666821822399,0.4351518513492228,0.4354887209090387,0.41412910050021284
6077,6053,0.7118192033511522,0.6297418396537836,0.5440708762365446,0.4580867544962698,0.3835493749543897,0.32645863059916463
6079,6053,0.5476346761230442,0.4945086462518118,0.459119678685219,0.4412404914644451,0.4346872229612495,0.41977137610375226
6081,6053,0.37857661671437853,0.3714811984074451,0.36832676612124454,0.3612308404536632,0.3504654173181076,0.323829841609887
6083,6053,0.629125540764641,0.5026983042484039,0.38490533166146257,0.3031132138530207,0.27712404139074465,0.2829203105124066
6085,6053,0.38543406858785867,0.3716833704388713,0.3608247425983298,0.34811089687920693,0.33526146809317725,0.31330270019369694
6087,6053,0.8314299303423982,0.6506504376143801,0.43179558727122525,0.23239916438466848,0.09984955286545105,0.043130326830684386
6089,6053,0.7172490481808267,0.638337734717596,0.53606503313638,0.43862389483249065,0.3664239518374649,0.3178741258585307
6091,6053,0.8582760275376796,0.7035243367009762,0.4616637557334856,0.20737293252845038,0.007692687373537667,-0.10465755249184647
6093,6053,0.8315742116524417,0.6633278308384204,0.4631685064516065,0.29532559331162367,0.19611363939039925,0.1518657076107276
6095,6053,0.5499835041242447,0.5166697977147204,0.4813198763634544,0.4477657897746114,0.42121300711986737,0.3920751901673586
6097,6053,0.511395834863346,0.4732860315042638,0.43362282377506534,0.39785790411911975,0.36692265548570213,0.33219344565190384
6099,6053,0.748153383778247,0.7079554569893518,0.6415841268918039,0.5433111510417052,0.4305450549608246,0.3325788597294343
6101,6053,0.8324395652110707,0.74452631581015,0.6015374424416685,0.4156413807212608,0.23933213221117966,0.11289554591040062
6103,6053,0.7150859494176444,0.6540110280874204,0.572606076109171,0.4942438462033822,0.42646888741530403,0.35993564094709535
6105,6053,0.8203064607423894,0.6607581454617744,0.4509877507903032,0.2563951194902473,0.11972059586590436,0.05197279973543921
6107,6053,0.7453579863049485,0.6148990452039509,0.46786681526187024,0.33937900982931923,0.2622198176253534,0.252150949917804
6109,6053,0.7366031383578343,0.6562415696557178,0.5499888682808696,0.44273940356611524,0.3589673994230089,0.30547897899131193
6111,6053,0.4527499241469918,0.3906691485255348,0.37411996193752495,0.4083580096737578,0.4756462359189242,0.5292147378293076
6113,6053,0.655726744994979,0.5227970071980712,0.3828720244787707,0.2665531685212396,0.1906303827856811,0.15361196730805415
6115,6053,0.7660084189462871,0.6888831428824763,0.5863626237529039,0.4822924537976209,0.3981898914453978,0.3355057979424364
32001,6053,0.614699774798991,0.5298228185830843,0.44046205687690415,0.3693514139423745,0.32405761788131715,0.3003697410027302
32003,6053,0.3384249734812184,0.316362735791432,0.3079275442899657,0.2939781245262675,0.27283868435826913,0.24443494472042424
32005,6053,0.518400782160534,0.45346413441081396,0.3893562963532416,0.32551508076911206,0.26676954418991167,0.21998716071500157
32007,6053,0.7057125482908113,0.5951528370776044,0.4819558420899185,0.3759642869082148,0.2850160367422711,0.21535840998778533
32009,6053,0.38327596127219177,0.3878442167907078,0.39772320954900725,0.38818796342578904,0.36090499868612713,0.3288487570593619
32011,6053,0.6129891542915817,0.5466297048584442,0.4617097115048507,0.38030071630137735,0.31371272869525957,0.2560156092668602
32013,6053,0.5586835669440966,0.48089652298089264,0.3958548914980681,0.32289860761889766,0.2650496294126707,0.21701826341270503
32015,6053,0.6338919069867298,0.5726054973933898,0.49724952324329136,0.4285582931588175,0.379067176242568,0.34497663016867597
32017,6053,0.5528995209372384,0.5060522858361067,0.47946454557328727,0.46256926340935317,0.45335914981663505,0.4474324079661638
32019,6053,0.5692853864990604,0.4903827371123329,0.40374474417774436,0.32811216610222266,0.27539601130528124,0.2407086067560944
32021,6053,0.3978841454719734,0.3714823585016395,0.3404210929047631,0.31597903470512345,0.295517869324983,0.27855546569766254
32023,6053,0.2740331943196141,0.24471912694526224,0.2250161570504023,0.20782061498336102,0.19124868873372383,0.17509984923374228
32027,6053,0.47899025665052347,0.4154510391128374,0.3473968340784398,0.2777730731903713,0.21144548238870758,0.15542563152131483
32029,6053,0.3857664058070355,0.3249271630692159,0.26463124278635286,0.21563704539485623,0.18185575598293705,0.16346456220633004
32031,6053,0.4753324890191178,0.4198305869656325,0.36295741878130183,0.3079110217705154,0.2618643709115932,0.2246822096752462
32033,6053,0.6205929773109585,0.5695306842420473,0.5073475413733546,0.45086910353883386,0.40604918432860304,0.36925085286105314
32510,6053,0.6091199241327925,0.5326136057081606,0.4484152414204317,0.3705239420105912,0.31288818660217016,0.2743879955870741
4001,6055,0.5817333163057135,0.5813215735297074,0.579272594377502,0.5768486279780707,0.5945519526291835,0.6025035157222319
4003,6055,0.6862098539133544,0.669624979911846,0.6416878037782663,0.6179642718952079,0.6152176894280976,0.6083422400890726
4005,6055,0.7376805052875692,0.6882077574094617,0.6386032257722993,0.5981634177165389,0.593394403119029,0.5840017701836742
4007,6055,0.7615209043984668,0.7387614837674366,0.7048072310156789,0.6699286717963292,0.6536979681357298,0.6367550360398386
4009,6055,0.6407831126021044,0.6290035825840539,0.5963628424228963,0.5631995430710626,0.551495316783846,0.5360587318856403
4011,6055,0.6179668195408305,0.6147935779174617,0.5907573897541266,0.5621355575175612,0.5440937036117336,0.5210444462805736
4012,6055,0.5625872473821544,0.5430500334856224,0.5095544903612977,0.4837226743066171,0.4764825591937756,0.46738609079304083
4013,6055,0.7673061353061159,0.7245499979123854,0.6807878237859848,0.6405537178601911,0.6201101501684945,0.5957721542815788
4015,6055,0.8332634985319555,0.7772207403491972,0.730619132842251,0.6894894657563169,0.6701995010991099,0.6524401339503962
4017,6055,0.5978429529476256,0.5870353148066815,0.5683123340661298,0.5475065663870462,0.5470616498413353,0.5405912072678029
4019,6055,0.6955337541460983,0.6522134041909811,0.6110401595160169,0.5735298307899439,0.5578512644447919,0.5384947263383797
4021,6055,0.717107085531494,0.6771176090407454,0.6324862091311139,0.5917487159218922,0.5753940531711853,0.5533996357963081
4023,6055,0.3423897314892298,0.33396798834939073,0.33615439829942595,0.34603611783711385,0.3788721327251462,0.4210819578956224
4025,6055,0.7960365973426606,0.745966228207205,0.6977087697848632,0.6556178952211892,0.6337593587636908,0.611043580231114
4027,6055,0.26709904491562536,0.2829024956888352,0.3206533137323844,0.3683552817192398,0.40735379873572725,0.4163990882329854
6001,6055,0.8578402815269246,0.8174874634066298,0.7755588132913225,0.7332813098956502,0.7061619737766315,0.6758943353870679
6003,6055,0.35703646640934533,0.3566135424031976,0.3763531095517926,0.401149949322432,0.41591716964635356,0.42342101977389424
6005,6055,0.910355441038541,0.8667338779868922,0.8216865913232801,0.777457970054056,0.7490484870806755,0.7224275038495155
6007,6055,0.8553855909733721,0.8201942089221895,0.782608871855678,0.7452528751114907,0.7208666034599833,0.6908071182891754
6009,6055,0.8323279182477982,0.8026321418449962,0.765671486483022,0.7284770765060615,0.7023794776336232,0.6796749610818122
6011,6055,0.4902511943920361,0.42529912993835045,0.3478263120398293,0.28199668426965685,0.23326967889820263,0.20813573365914376
6013,6055,0.8835421049467541,0.8432795036774384,0.8018312441619704,0.7610722646857537,0.7360420075038266,0.7076125876300735
6015,6055,0.7454367877539976,0.7135654842448088,0.6911089792957524,0.6618317951229994,0.6284078445157041,0.6020447000411965
6017,6055,0.9098711692237901,0.8601199783378243,0.8119410457805062,0.7693373444895641,0.7369247095793158,0.7084066503124243
6019,6055,0.7170869891976694,0.6896276695911079,0.6539654948775538,0.5993166869825857,0.5468257454725981,0.5163484936548588
6021,6055,0.6282851268641483,0.6019553931828442,0.5692535875866289,0.5429338025841763,0.5269043190112972,0.5059820735273477
6023,6055,0.830770527294544,0.7836853325257214,0.7306797537851253,0.679113614497112,0.6409917420200761,0.605765647140175
6025,6055,0.49843411799349935,0.46866428120050924,0.4670892320216958,0.47302820500562665,0.49684438686362936,0.5120289061394357
6027,6055,0.7810461434875158,0.7322611780398439,0.690914473694891,0.6497371373443896,0.6218508353964286,0.600340509505127
6029,6055,0.7809295011125506,0.7480109401690389,0.7037516297413623,0.6459381486336968,0.594850489038959,0.5614636276504246
6031,6055,0.7076807654823914,0.6805331470997638,0.6265436336577764,0.5649209469031743,0.5236237820330463,0.49852841542574505
6033,6055,0.8198817642100775,0.7806720718723631,0.7398576692162852,0.6924945308311194,0.6568779357602125,0.6260956099396909
6035,6055,0.71916675732602,0.6903109053711093,0.6410154296987852,0.5843162239161319,0.5448754363680222,0.5091668548313574
6037,6055,0.9123122195110768,0.8742139421967929,0.833614953653006,0.7816108172171645,0.7355033579916862,0.7164005441687132
6039,6055,0.6918347388163659,0.6630669097473056,0.6493856770742676,0.619181643092845,0.5654892877118155,0.5212662102809236
6041,6055,0.8418951310088555,0.7939525845817239,0.7444307039049711,0.6969692861449139,0.6679878304896226,0.6381394236899692
6043,6055,0.792428617076381,0.7227377527355446,0.6420293731786735,0.5792885886749192,0.533723122478235,0.5054363741178746
6045,6055,0.8028984551411735,0.7527498185760947,0.6942624061637075,0.6366757785913174,0.5923693486585044,0.5524507845616109
6047,6055,0.7067480183368258,0.6763549923184667,0.6391849186693312,0.5855114038005038,0.5393116699623195,0.5011344198450048
6049,6055,0.6890905947167729,0.6545194532038864,0.5990378023299213,0.5392262946809702,0.5011470018237443,0.4781388291522536
6051,6055,0.5921107827752897,0.5439277771118618,0.5256085272917272,0.5224661934828919,0.4971239254490821,0.4960075062830621
6053,6055,0.6012905699466112,0.5246332816439382,0.43066906383027537,0.3577920727954185,0.31411875119498694,0.2876567538972968
6057,6055,0.9047389213649039,0.8649343484822432,0.8224344261121634,0.7803305254244431,0.7490167256719196,0.7190822055343236
6059,6055,0.8890467112873628,0.8419055673172388,0.7968892912715099,0.7520935791983894,0.722588922101431,0.6911912362129886
6061,6055,0.8943921181672605,0.8536528828762217,0.8118998574591243,0.7714946035712333,0.7435681652190359,0.7168692491028225
6063,6055,0.6979348846956013,0.6603447907895911,0.5924260316702331,0.5194765478586334,0.46610615404135497,0.43099103073485423
6065,6055,0.860602745033661,0.817215385558483,0.7866091283090297,0.7566281229441147,0.7436305397014704,0.7331071230241689
6067,6055,0.9078303922865519,0.8720356725416648,0.8358053314647924,0.7982915735691177,0.7749159641510112,0.7510915507684297
6069,6055,0.7061878644027767,0.6758254339287814,0.6334565781137472,0.5818742632534298,0.5346358523088216,0.4959203409469052
6071,6055,0.8948422573181126,0.8673203520862804,0.8398618899097332,0.8090321192478432,0.7918715590621989,0.7714377597746864
6073,6055,0.9035803148179217,0.8566430400447766,0.8156224346896105,0.7756722096665185,0.7510475404314562,0.7269888225633732
6075,6055,0.8136317426318807,0.769763941475553,0.7215428566968817,0.6754513298676065,0.6456355477626197,0.6088572067911625
6077,6055,0.8589858785443808,0.8226385787925944,0.7873413286534509,0.7391287730591817,0.7024183468458634,0.6695067195094039
6079,6055,0.9077731107537209,0.8498817380469282,0.8008671854292868,0.758870678276278,0.7361835879576545,0.7130774724065218
6081,6055,0.8129334663344404,0.7706331780354836,0.7251898155957418,0.68061043488609,0.6495548640189933,0.615549917218266
6083,6055,0.9143930763132618,0.846474617993874,0.7792530737986617,0.7249692402122151,0.6978350673108397,0.6801630663984113
6085,6055,0.7520984987774997,0.7132299802032711,0.6717219315692812,0.6297355966011684,0.6005979173136635,0.5695025762194151
6087,6055,0.8360355439963687,0.7751965493148854,0.7031039221081951,0.6365554543419437,0.5889744731749699,0.5508810467313456
6089,6055,0.8480701885346442,0.815691847517922,0.7758393970507904,0.7334699583909263,0.7048791765800009,0.6813415532488644
6091,6055,0.63113660671863,0.6019282659699432,0.5460309033606138,0.48301385173088274,0.42629974993157516,0.3763852167948851
6093,6055,0.7436782236119515,0.6997287821301967,0.6420382771499307,0.5896347562384031,0.5551706175366664,0.533266217523819
6095,6055,0.9198760399933202,0.8851214435175317,0.8468342340566973,0.8092852497139255,0.7880885550413393,0.7637522378131049
6097,6055,0.8944433947971164,0.844649079526734,0.7966165342803101,0.7536514615074488,0.7261553612635364,0.6974752498115129
6099,6055,0.7599857718034461,0.7419846356505337,0.7208191102557983,0.6790691178839411,0.6394820825664079,0.6049004254279319
6101,6055,0.6697413385264624,0.6469390345721178,0.62235965525654,0.5719085427306669,0.5167191528279667,0.46837510297249374
6103,6055,0.8295616394333293,0.7971628528797617,0.7608983180339317,0.7264424093234301,0.7006826059952012,0.6731498993345527
6105,6055,0.6215608401951513,0.5863365103761375,0.5293216519801841,0.4729229461007092,0.42908439988528596,0.3934705761153261
6107,6055,0.642009951349485,0.6052577106653495,0.56094051139352,0.510616771742224,0.4659427620388876,0.44964582212119536
6109,6055,0.8970869962848247,0.8519817487893105,0.800829829846299,0.751931222136428,0.719336879000287,0.6918575790815387
6111,6055,0.8735514666486519,0.8113744958409572,0.7634254730912535,0.7307138127293925,0.7227972905103117,0.7115209022686322
6113,6055,0.8525130714960499,0.8074453887463713,0.7525964202036625,0.6988404427219042,0.6577689933550175,0.6272220035430235
6115,6055,0.7621059331774904,0.7381261911836005,0.7024402615925563,0.6588446171163448,0.6293327992852025,0.6020806302296164
32001,6055,0.7392108047951533,0.711351166856273,0.6749286731236456,0.6361796080773245,0.6227463996815296,0.6083234538671626
32003,6055,0.7855645471932656,0.7178946347212557,0.6689798489732764,0.6228730689518702,0.5930036674216532,0.5577391552207517
32005,6055,0.827721701290263,0.7676291480427706,0.7215053057046419,0.6801036135118215,0.6525465130049899,0.6226427935134728
32007,6055,0.7353639291161971,0.6509618024194741,0.5990229050038078,0.5495617178554155,0.5257697582665036,0.5003220215489746
32009,6055,0.3394436447101334,0.3391864679949966,0.34120824453055865,0.3215901459124891,0.3139991558228499,0.30080189536698426
32011,6055,0.5625912670882735,0.5596164705771198,0.5355619233775194,0.49858158238749184,0.4956544888033576,0.47639192197069574
32013,6055,0.6364064424292065,0.5984414823194774,0.5555016867900225,0.5106915579733703,0.4904497042661959,0.4675026010098624
32015,6055,0.5205567130513745,0.5182978361144874,0.50178456695669,0.4763563540218488,0.4701071600028516,0.46283331380454706
32017,6055,0.6630698621392412,0.6515732166085357,0.6344367967961976,0.6134032024062162,0.6139454071610956,0.6090349976537454
32019,6055,0.7985114781011945,0.7618109533114346,0.7209063626856583,0.6772779522657283,0.6577683510864236,0.6356871095045626
32021,6055,0.6237180415727506,0.615957977148935,0.6042009544260527,0.5899272485180226,0.5883432256457927,0.5828723147343151
32023,6055,0.6819761358842422,0.644321936760972,0.6196385590359765,0.5927876980875078,0.5759106457146842,0.5569634333909547
32027,6055,0.6994313417210188,0.6791362515783577,0.6510311832796195,0.6162728349230835,0.5980661815449232,0.5717576198757497
32029,6055,0.7299152598438925,0.6917629424202623,0.6612091641431989,0.6266280249909243,0.6093960090298295,0.5965903071469681
32031,6055,0.8057933658883576,0.7528970749454529,0.7082991692773778,0.6640724004590551,0.6399986599106312,0.6149090312753978
32033,6055,0.6443240698270641,0.6343673199344461,0.6126433654378389,0.5845804684929284,0.5681927919778187,0.5502209894513815
32510,6055,0.8463191435459023,0.8007971826474074,0.7542839761144096,0.7058529613973747,0.6831468593942517,0.6583460811873496
4001,6057,0.6768641025016524,0.668103211021565,0.6665418067209814,0.6757964053570689,0.6920332327096949,0.6805825960103592
4003,6057,0.7378293707191879,0.7142813796108959,0.6946456964689263,0.6827055769768802,0.684188036190645,0.685634328504184
4005,6057,0.7448557575380065,0.6923608922996201,0.6587723226560325,0.6453592034903853,0.6471786308998324,0.6390764691913313
4007,6057,0.835468561741949,0.8064710502300556,0.7825152011032925,0.7626100861658927,0.7596857711757589,0.7525096362184304
4009,6057,0.7512485443978806,0.7330133039502086,0.7094949186543975,0.6899141026178764,0.6787189928707351,0.6625289085528988
4011,6057,0.7167530057721214,0.7101055687583817,0.6941965807169678,0.6741217749293648,0.6563082498771023,0.6360326514132686
4012,6057,0.5929901697204742,0.5719041905447717,0.5567707355188061,0.5507961501200707,0.5559546040267813,0.5581371529487232
4013,6057,0.7901013990097856,0.756143105302371,0.7267503955335594,0.6968567238966296,0.6771603757676806,0.6536655750814316
4015,6057,0.854543382146929,0.8030207143245857,0.7701520586977559,0.7458665719918033,0.7351851544755863,0.7263414242222123
4017,6057,0.7030442509700914,0.6775002439826969,0.6561911476046859,0.6471462770990974,0.6504355688145466,0.6378645397236554
4019,6057,0.7111650713921686,0.6767225238838943,0.649353296386026,0.623054493085395,0.6081209756751655,0.5873910646011284
4021,6057,0.790003465488324,0.7530211352851236,0.7192705310167352,0.6889309437763521,0.6717565486371312,0.6459321047880187
4023,6057,0.41894571989812057,0.43830077919126115,0.46431358348587437,0.491612527946399,0.5204001603596493,0.5323132952154956
4025,6057,0.8395736994325553,0.7922223937749874,0.7553836202816085,0.7242917005751988,0.7077087161896746,0.6926943002027112
4027,6057,0.40269986759378323,0.4473755831174271,0.4856334851426246,0.5007314149390958,0.4951088890059607,0.47131039667078384
6001,6057,0.8835592137969095,0.8491432152941383,0.8155055634103958,0.7815517282472667,0.7534081948669653,0.7204399881351348
6003,6057,0.460200924683577,0.4832149741438097,0.5123714782416472,0.52799737868222,0.4905434953283229,0.4336764577557921
6005,6057,0.9393069785420344,0.8899378081387304,0.8478761154440263,0.8140601117957876,0.7955138762036792,0.7845210164495622
6007,6057,0.921223480259234,0.8732455583558588,0.8322545526253297,0.8030497781773442,0.7855031605891531,0.7629711399958642
6009,6057,0.9115661311696709,0.8699388564123548,0.8308752117644707,0.8017391297314417,0.7830210945008282,0.7700733325589324
6011,6057,0.4343413632860919,0.3497835787573523,0.2803796319789671,0.264666684333596,0.2824940308943095,0.31292674539028975
6013,6057,0.8988561705927502,0.8638478329867681,0.8310064456442257,0.7996122050342753,0.7749368079059884,0.7461173768572886
6015,6057,0.8056244963208924,0.765747972393749,0.7311329152355668,0.7120995909549834,0.7016040797521771,0.6937407944243318
6017,6057,0.9488264196796091,0.8974961489612873,0.8537209501128131,0.820667836393808,0.79539632246957,0.7762432157837814
6019,6057,0.7713136657576917,0.7190583529369845,0.6738009840088744,0.6444078323110604,0.6294728759148283,0.6228059668084975
6021,6057,0.7161870931642882,0.6723178642004991,0.62918269588169,0.6059241677395443,0.5952571972246856,0.5798397705363143
6023,6057,0.8714533957282626,0.8124785347376521,0.758009076356718,0.7173992586846833,0.6936027604204615,0.6750716794382003
6025,6057,0.5912729968853837,0.6022397996285784,0.6161962606703454,0.6212406219400233,0.6328834697847732,0.6348596853249552
6027,6057,0.8102083901461161,0.7590655467751438,0.7193023799675792,0.6921434490114683,0.6791301154227117,0.6695689047977621
6029,6057,0.8036002902222239,0.7548671489584805,0.7053898176998982,0.6739883244965922,0.659662246017234,0.6476556780465926
6031,6057,0.7446959349271998,0.6828087880594303,0.6305426812708436,0.6005174480381713,0.591926587921391,0.5902980559383371
6033,6057,0.8830036199686644,0.8315595440922232,0.7863674220656158,0.7537776199217439,0.7340177663552586,0.7188832063607669
6035,6057,0.7695787450720957,0.7090694972112966,0.647494295838484,0.60589342529738,0.5931101883657897,0.5965286991966097
6037,6057,0.9133169146625051,0.8830645461538256,0.85214421268356,0.8144001736235198,0.7745390011405897,0.753310225383234
6039,6057,0.7473196683938818,0.7052014659486836,0.6660254213117641,0.6410603934083909,0.6255378818071152,0.612169052464969
6041,6057,0.8523696476722463,0.8103346106388926,0.7705720264575929,0.7332809577045972,0.7036828197085665,0.6706751889465269
6043,6057,0.7426398258390333,0.6599357919577375,0.5944181788862859,0.5651147178024033,0.5631777267576008,0.5820162411127661
6045,6057,0.8189676048293816,0.754253543628267,0.6930542664804877,0.6517309140727319,0.6319202144316635,0.62150657282491
6047,6057,0.7576410733827668,0.6989584423606013,0.6455330237757378,0.6100765961793668,0.5946740842539607,0.5854797861492577
6049,6057,0.7138861712339588,0.6528148847896861,0.5925829761550232,0.5582965792796942,0.5533676612837413,0.5695302996589503
6051,6057,0.6302448389228401,0.5989026554302096,0.5858323604798432,0.5815519364946576,0.5420201344097343,0.5037284453236642
6053,6057,0.5399885130464266,0.44825249498092296,0.3683779486139592,0.3345472870885065,0.3438766085768492,0.3714968044463783
6055,6057,0.8910923992224651,0.8307366680405248,0.7879204895373386,0.7634488768482024,0.7554389866265458,0.7462449498170597
6059,6057,0.8880170361217646,0.8501070634338882,0.8160193270218256,0.7818978035700497,0.7530312700978637,0.7205303544931398
6061,6057,0.9463677450390683,0.9039880060660161,0.8666543961379173,0.8341241242485877,0.8077474170859928,0.783215246774888
6063,6057,0.6891539470502407,0.616178228176208,0.5434269654920858,0.4973711941000228,0.4885114894390859,0.5061513040268547
6065,6057,0.9116296698440667,0.8828832107750993,0.8619548319041425,0.8434318264707715,0.8302252082398717,0.8116597975537724
6067,6057,0.9418783807451225,0.9068670081887527,0.8761960554842698,0.8491385987582429,0.8279397701082639,0.8039383892097414
6069,6057,0.7480122624755097,0.6904452633279345,0.6365749721658935,0.5954585758721358,0.5702083604753801,0.5571806315274124
6071,6057,0.9469989090801225,0.9224690226243865,0.9005875894005863,0.8772996808864918,0.85629591378926,0.8297791279631246
6073,6057,0.9130842101696734,0.8754044157371599,0.8446759949895714,0.8151960550097253,0.7912887209866212,0.764741415413901
6075,6057,0.8323795295833604,0.7955844681532792,0.7569708207155689,0.7186883077627492,0.6861296746566982,0.6466726217605779
6077,6057,0.9112603587841558,0.8623932491654125,0.8218589402848088,0.7917798889624572,0.7753284283106614,0.7567657330923537
6079,6057,0.9272085034375228,0.8765643156357751,0.8373153642893816,0.8091925481013478,0.7919977556636185,0.7733177752002681
6081,6057,0.8309665421494883,0.7926678473127957,0.7543796801497332,0.717229326578569,0.6848241765687134,0.648014798824709
6083,6057,0.8980364851665718,0.8375887925428926,0.7883910672212303,0.761778457539805,0.7555901906080389,0.753007458668594
6085,6057,0.7900461580550986,0.7542287445295042,0.7193588106445616,0.6851976439021342,0.6561287306494018,0.6243978893639672
6087,6057,0.8186894275951263,0.7455623323336917,0.6793274005354233,0.6391370459731234,0.6327665002466015,0.6402579263228445
6089,6057,0.9163159105068815,0.8684398930924836,0.8256941957386698,0.7953636949210222,0.7796442567430177,0.7703423691914001
6091,6057,0.6684697680427786,0.6042835878395997,0.5353869771869989,0.48235666136828703,0.46359797065657715,0.47134380235131595
6093,6057,0.771888597009621,0.7140228833638559,0.659011862123948,0.6314208612690703,0.6295184634073385,0.6419763933069146
6095,6057,0.942370021679775,0.9066027038094656,0.8755541518073324,0.8491960800606629,0.8311913407481216,0.8122271601450538
6097,6057,0.9177479020390062,0.869180403710576,0.8270410207065438,0.7923622152353336,0.7680745196322185,0.7438362603730121
6099,6057,0.8366905082779977,0.7955291851362014,0.7598081841222725,0.7278169738444693,0.7015474228052313,0.6777954291349724
6101,6057,0.727957806597134,0.6747470669250621,0.6267610671269076,0.5895909313654709,0.5657861954192748,0.55128769844368
6103,6057,0.9019126490609114,0.8563408432898145,0.8128511616256129,0.7839864497897168,0.7683419851654864,0.7550378179102932
6105,6057,0.669328166066869,0.6050373065572353,0.542508456775978,0.5030865998622496,0.49192749409740066,0.49710201593052095
6107,6057,0.6755789179159698,0.6259019049373551,0.5776390338957902,0.5564824742452483,0.5544854077412509,0.5580137544381304
6109,6057,0.9306547939185181,0.8747091266587097,0.8267899709052792,0.7909330450033317,0.772040840899564,0.763203146329671
6111,6057,0.8898780623404553,0.8537316488265337,0.8292786536703892,0.8163461680909369,0.813624967608521,0.8042703535548128
6113,6057,0.8765631761925914,0.8193215764246012,0.7687101870230983,0.7390129102747819,0.727961459555267,0.7212755055602225
6115,6057,0.8407105464904455,0.7940764156804558,0.7493292717737048,0.7169709746069682,0.6995578347842402,0.6864263083016865
32001,6057,0.8054344560810125,0.7695318965574939,0.7417938529989013,0.7226953473021747,0.7209352953138584,0.7262309933030562
32003,6057,0.7603524540360925,0.7080777599454688,0.6702828728554654,0.6325176000911787,0.6059575091321301,0.5775041771151737
32005,6057,0.8647900035872544,0.8100980743351603,0.7729921076712365,0.7434704629326677,0.7266166767776612,0.714505092620653
32007,6057,0.7723063119831526,0.681064293260515,0.6328296854819804,0.5976411996977964,0.5840466806494679,0.5811438147349944
32009,6057,0.42924472687821846,0.4205989554594592,0.4189895357018366,0.40877011972261973,0.3939319810939691,0.3753667706890749
32011,6057,0.6126138026277792,0.5874087631102197,0.5658984441834358,0.5436784207287162,0.5388199766570163,0.5446183769575145
32013,6057,0.7097647815836071,0.6578925651221751,0.6215833574157199,0.5931035654766921,0.5825073171111916,0.5748422466479622
32015,6057,0.5802484252019682,0.5638287156013022,0.5512568508921003,0.5421753540502456,0.5449497187330606,0.5517064733362504
32017,6057,0.7350573798380947,0.7230761594314867,0.7151426113119377,0.7101048702051505,0.7126295805670384,0.7164927420129571
32019,6057,0.8627819526527835,0.818843011505481,0.7856557139523679,0.7579566015802128,0.7468836077139491,0.7423617071968087
32021,6057,0.6911107170962062,0.6811171243212636,0.6780745661155076,0.6743271601673847,0.6769629609430285,0.682311371752963
32023,6057,0.7256605500151481,0.6950840140798935,0.6769020936231392,0.6576487191008284,0.6447502145236521,0.6318467021974489
32027,6057,0.7737275236125061,0.7392357723611326,0.712503036669188,0.6875396339919015,0.6754758865839758,0.66851808317264
32029,6057,0.7616927159461654,0.7278427860447422,0.707131785112236,0.6883460889709432,0.6812298960586226,0.6804198250501047
32031,6057,0.8507178143621921,0.7996700638171274,0.7634417250273694,0.7306687249869247,0.7119090980802966,0.6985898848401642
32033,6057,0.7033354326915519,0.6794437219976731,0.655995601760726,0.639614271202479,0.6313423639444737,0.6268666302430507
32510,6057,0.8920541396378759,0.8417558291643554,0.803463712523768,0.7714533976558936,0.7576281021389013,0.7500430619553459
4001,6059,0.4716683800579689,0.45515818214864606,0.4492899375609464,0.45413216885524577,0.46614404288303257,0.46280659667359275
4003,6059,0.5569388905600022,0.5402722275059063,0.5313474238762312,0.5283334116525552,0.5358395389640416,0.5382263201469486
4005,6059,0.6176930629578289,0.5711108945357553,0.547209079510676,0.5386110615149722,0.5412386056895053,0.5316369030584867
4007,6059,0.6982885723026099,0.6787411911655196,0.6658503088502582,0.6544037824825192,0.6526878783407474,0.6417475231933987
4009,6059,0.5857516309501158,0.5653640565738633,0.5423856654532446,0.5227659147752031,0.5112485311964547,0.49428376056768025
4011,6059,0.6180889744772392,0.6083534577101319,0.5900788600886152,0.5681023680064947,0.5502855399639819,0.5307260487243214
4012,6059,0.4319465720583676,0.4221131250944413,0.4149978340963359,0.40802963252642627,0.40556398054767145,0.39802237385787975
4013,6059,0.867512081156608,0.8226187323247756,0.7827042910411895,0.7449573584828479,0.7200885514448654,0.6929533985535148
4015,6059,0.8293375356474597,0.781140545049058,0.754259912589193,0.733850794834239,0.7211701149093629,0.7055898890243928
4017,6059,0.45990209000552273,0.43677141022525123,0.4240632350902001,0.4217792513279899,0.4278506334227092,0.4209629381830131
4019,6059,0.8158889710295536,0.7688884314766726,0.729246440840672,0.6932568998292064,0.671602714838523,0.6461694278073965
4021,6059,0.7890127135410703,0.7444929253084172,0.7047974661271307,0.6694486526213866,0.6480449224041723,0.6199795537199165
4023,6059,0.28678444159221933,0.27857281073434137,0.2629239905705758,0.24518649339606613,0.23546698058192872,0.22836804325802684
4025,6059,0.8363845793805931,0.7903084098276516,0.757491840090526,0.7295230618920261,0.7137220125889097,0.694200440921666
4027,6059,0.2549179650243491,0.2398145765246543,0.21970697922601917,0.19350951233046015,0.17445813736131252,0.16859968741788867
6001,6059,0.9211366546479871,0.8716478198999509,0.8269479273247055,0.7873394059003613,0.7581986535201082,0.7267632227544706
6003,6059,0.43610271380468657,0.39222355236377987,0.35334810669576794,0.3196042037333753,0.2756307888608047,0.24209162246491123
6005,6059,0.8766227653053565,0.8381803434613505,0.8155905415806911,0.8004980890799861,0.7956313687614518,0.7868407863086765
6007,6059,0.7732114278556081,0.7338415768571902,0.7123055126929713,0.7042947629366535,0.7041407222918211,0.691729439538789
6009,6059,0.7337374309753636,0.7059986271701397,0.6891258986922533,0.680743097688553,0.6782222827036254,0.6704289802994368
6011,6059,0.24299363403230395,0.23423428777517374,0.24621390065514562,0.2861099536111705,0.32516031732063444,0.3354345225821573
6013,6059,0.9381487862363369,0.8916066221767188,0.8513589964557742,0.8170551937619893,0.7928627264501922,0.7654010895269825
6015,6059,0.6354139516807757,0.6141628785980343,0.6040966382601072,0.6057561280733579,0.6079469794936595,0.5993614261929551
6017,6059,0.8862124959679444,0.8375732021297616,0.8044134387578487,0.7840568655767246,0.770151135593643,0.7548170785023797
6019,6059,0.5658928304276252,0.5435951455955429,0.5356834473895429,0.5373918232236541,0.5395011581892124,0.5312805733994491
6021,6059,0.4668624129450427,0.4362307781507984,0.4213725007690877,0.42833911387540685,0.4435061639527637,0.444606969977208
6023,6059,0.7411271358783258,0.6953362134163743,0.6626845474546412,0.6429494493300969,0.6339072854679704,0.61724286752768
6025,6059,0.48498571167729676,0.4599920961142002,0.429593652194864,0.3943197582524209,0.37641230721642405,0.3646732946285851
6027,6059,0.6520716249191318,0.6129495143845873,0.5910113686272281,0.5805702151384703,0.5783293318572913,0.5680847941811707
6029,6059,0.6414922716536875,0.6111378466662861,0.5883582816981459,0.5793691851255036,0.579316330208848,0.5687997942708928
6031,6059,0.5327605310673006,0.5089391059367814,0.5041779136406157,0.5134903711163474,0.5280036642036673,0.5284248057456485
6033,6059,0.7092376788659812,0.677841533791879,0.6609315703169969,0.6539560375811013,0.6514595579727626,0.6387783353827319
6035,6059,0.5391138587515865,0.5206310902053322,0.5168312509674087,0.5278679339449124,0.5493810048614792,0.5580064701535746
6037,6059,0.9298836515366002,0.8836128317250562,0.8386683738101579,0.7883857015746754,0.744826260341366,0.7231770581067034
6039,6059,0.5354239841403292,0.5158021605465236,0.510460007228647,0.5184042152008342,0.5251790230987345,0.5195041129494261
6041,6059,0.9156065816229692,0.8594812627588443,0.8104759392486818,0.7695342575844183,0.7407919843840522,0.7100928028801036
6043,6059,0.6118390182740587,0.5755636401987896,0.5657736951946731,0.5796969229231365,0.5983031139212421,0.6061966517062032
6045,6059,0.6632196965167596,0.6262801044540701,0.6023587070764073,0.5919349637010621,0.5903050719190028,0.577574630275578
6047,6059,0.5121709621224378,0.4876634169137473,0.4813433587802141,0.49208069398912546,0.5091160199689997,0.5109163060078459
6049,6059,0.47621185936578286,0.46252461300677983,0.46471477818273266,0.4854294409172719,0.5161394471865757,0.5361179610111999
6051,6059,0.5526312066399223,0.4895164991338351,0.447338707120106,0.4213993752112014,0.38301001390908135,0.3560780082857056
6053,6059,0.3613046064273236,0.33807222479523047,0.3344780847091976,0.36036153839671053,0.39470746046962,0.40776694652374057
6055,6059,0.8696155501691828,0.8178022085644805,0.7861574599125248,0.7693410700948562,0.7610421484303745,0.7415299511050711
6057,6059,0.8600481440982215,0.816791216594741,0.7874175840690226,0.7672589770134208,0.7543400627850211,0.7392992368167178
6061,6059,0.8996488643114313,0.8553082272140641,0.8223322320479518,0.7967435557835637,0.7780812102465492,0.7577125808096191
6063,6059,0.5016647430849505,0.49000281660407174,0.49421276554691196,0.5152537477561485,0.5473799493453149,0.5673567425315286
6065,6059,0.8715351764957702,0.8269839186583796,0.7901561249945376,0.7580436761215945,0.7347865884625558,0.7103847514545462
6067,6059,0.9308813331828175,0.8898539186368496,0.8577305327624861,0.8311490985746901,0.8120495238200441,0.7889544041855949
6069,6059,0.5482164917222401,0.5224229075818067,0.5121283292971464,0.5130977466576976,0.5165680936380078,0.512214668325307
6071,6059,0.9210905951546342,0.8843533411788769,0.8534463268218383,0.825146165951608,0.8035028116129047,0.7791765423577398
6073,6059,0.9452463540086927,0.8924400046278561,0.8505502776176574,0.8143308337930056,0.7884226488992974,0.7623433784066826
6075,6059,0.8609088323933725,0.8070050315606807,0.7557283792115252,0.7103789736606907,0.6760953471053053,0.6380759806108648
6077,6059,0.7646441857935853,0.7333452550115965,0.7155172717152714,0.7051765247049455,0.7004560401748232,0.683363513266333
6079,6059,0.8916970013283069,0.8372920841914812,0.7984362537987454,0.7718202371669827,0.7551648786691832,0.7342990841462479
6081,6059,0.8960457325816291,0.843623499551564,0.7963508928115925,0.7560107271293013,0.7250262937743776,0.6915056549363207
6083,6059,0.8643365957229825,0.8169827326534892,0.7847939843259311,0.769873496450114,0.7660699378038182,0.7532390345771395
6085,6059,0.8326982094924104,0.7877714678309751,0.7478846452066208,0.7125206018687975,0.6851019460663333,0.6553340079367193
6087,6059,0.6850214234528974,0.6538938473994506,0.6400246218074147,0.644438485373743,0.6609877068201973,0.6631947342978968
6089,6059,0.7500400253418158,0.7214326085217067,0.7070207157354746,0.7031654952888057,0.7062777603378666,0.7024533830951349
6091,6059,0.44115786458434453,0.42903275303942806,0.4294922095698042,0.44154653958403384,0.46352943331456997,0.47692949755548675
6093,6059,0.5509484761407315,0.5358009108703182,0.5325014548096381,0.5462455701008844,0.566486783454031,0.5741951897126819
6095,6059,0.9016774920763655,0.8632790546509579,0.8357770245613723,0.815603370648182,0.804144487778563,0.7875944297962022
6097,6059,0.9170731319342643,0.8642903491800534,0.825808942462098,0.7990304388268865,0.7827554800038535,0.762589162809212
6099,6059,0.623427201828162,0.5978290016556315,0.5877253941961561,0.5834617603453797,0.5816069250703124,0.5721394016323615
6101,6059,0.4793344530851054,0.4641057606064447,0.46563318633036915,0.4755579545581512,0.4852644176173685,0.4823991193718999
6103,6059,0.7330381851642258,0.6995441128927343,0.679831338249796,0.6763160442034976,0.6821225645867965,0.6793369465857478
6105,6059,0.41992024449372245,0.4050885016385316,0.40246177872328387,0.4118883927357636,0.42756123442816074,0.4309094610294291
6107,6059,0.4744217107158627,0.4516732891974855,0.43720092351491946,0.43928941965481094,0.44595156083409265,0.44067872428996674
6109,6059,0.7890580885738988,0.7493749757111938,0.7279499386210889,0.7181413440894956,0.718066027544733,0.7133498860958212
6111,6059,0.8706263203006775,0.8238920438969245,0.7839157941732553,0.7519189624051925,0.7299428058367137,0.7031375528682265
6113,6059,0.7972659423274848,0.7689736613860924,0.7516321705687328,0.7466092666246681,0.7461335223527569,0.7318806133840243
6115,6059,0.6222689946512151,0.5960608994189066,0.5834716766634068,0.5819961038833233,0.5872060317201279,0.5821717082683632
32001,6059,0.6588474487792321,0.637076545976345,0.6287104337564137,0.6243968450778999,0.6290637301083511,0.6298230332424006
32003,6059,0.8524192293608036,0.7825537077605053,0.7314475717151403,0.6853471845471311,0.6542468636438731,0.6232014638026186
32005,6059,0.8002366821290748,0.7516600766845966,0.7260304430424601,0.7068849007975537,0.6958470029171017,0.6822012082556904
32007,6059,0.6222166902126096,0.5435260612220195,0.5222320760125423,0.5135993744276477,0.5196656803063848,0.5213001848899109
32009,6059,0.2845031152986946,0.26617463763153293,0.2596201185087843,0.2527137114082503,0.24926903784342114,0.24179334516891773
32011,6059,0.42125053348284097,0.4170680412795911,0.42193632664737185,0.4255818398919674,0.4392946720375354,0.4515488201367939
32013,6059,0.6044961663602489,0.5619906759241566,0.5415621603454557,0.5278798362065502,0.5270749195182741,0.5197834371907559
32015,6059,0.3568947988454508,0.3543410952697986,0.3623126878410199,0.37243607214982427,0.38783749847992993,0.39802273984679276
32017,6059,0.5302001011034451,0.5293493618776768,0.5346638065976967,0.5389064772255361,0.5437654660050204,0.5454526604999294
32019,6059,0.7560674268637603,0.7254031408588169,0.710398832626561,0.6987948431830663,0.6964310459028203,0.6905296673025886
32021,6059,0.5967036271656243,0.5876651713579435,0.5890960687483408,0.5903401119135883,0.5967588075159882,0.6028818179511072
32023,6059,0.7666664989538309,0.7328442323351105,0.7134776466964375,0.6930722587097689,0.679954168638609,0.6644249964867225
32027,6059,0.6860834928774618,0.6707047019332136,0.6679921836181377,0.6646065963369555,0.6666725660792664,0.6637195802363831
32029,6059,0.7453759899429665,0.7163431619578952,0.7033601839558745,0.691086880284264,0.6874788175926062,0.6839630877768395
32031,6059,0.8221333940380324,0.7720177105768107,0.7423917279139257,0.7178242560181335,0.705670516061589,0.6933816882736472
32033,6059,0.5299513745408521,0.5190861960518696,0.5147991610417488,0.5149892661879226,0.5182875236735439,0.517882287492116
32510,6059,0.7938876367628768,0.7540554420240791,0.7330304463891343,0.7172758645176516,0.7139637943429431,0.707622323127565
4001,6061,0.6065497719450559,0.5995375265016316,0.6007642463296273,0.6123666980966206,0.6284517790381695,0.6241380495072559
4003,6061,0.6837967446705064,0.6684759641319139,0.6590686322769145,0.6553481908252478,0.6612453642584544,0.6655096906852835
4005,6061,0.6870428628711903,0.6473083612371198,0.6251347446648013,0.6185131821707601,0.623503945546348,0.6184621749805089
4007,6061,0.8219866214447072,0.8019258828465253,0.787107033271681,0.7750371530847658,0.774359390544556,0.7675243615560267
4009,6061,0.7175549105118451,0.7019326799243661,0.6833569162374765,0.6685060157349322,0.6588806790846257,0.6444454501139867
4011,6061,0.7156262221098773,0.7090192587564069,0.6957769630251989,0.6787525066662693,0.6631240281951146,0.6449597753266709
4012,6061,0.555900149287203,0.5428686935219776,0.5349094182431968,0.5316325297953189,0.5358369901553861,0.5370629306311214
4013,6061,0.8526319344179912,0.820632703393012,0.7939025592320638,0.7677603111240132,0.7501701989116317,0.7289624274783957
4015,6061,0.8784553944889638,0.8377221887476031,0.8144289177498825,0.7977919569430413,0.7893192077492215,0.7813415712702659
4017,6061,0.6231657506781899,0.6040353405956362,0.5908432477499572,0.5879436647706144,0.5933393869789838,0.5851820415610407
4019,6061,0.7749767499190378,0.7415123841884452,0.7156698623424932,0.6923385747805344,0.6785161242019362,0.6589913219116021
4021,6061,0.8386073743617681,0.8039717974424806,0.7732352994089579,0.7462608850557354,0.7289017481807345,0.7043827736312587
4023,6061,0.3571210412131586,0.3653486519052957,0.37654492473032064,0.389366106465466,0.4057607988950759,0.4144074673433245
4025,6061,0.8797170987794766,0.8399518123704318,0.8112879430357529,0.7872107953971752,0.7738089541322613,0.7593956490939022
4027,6061,0.3451989363049636,0.368873772691522,0.3877659277395896,0.39197615349523357,0.3858708494401425,0.3751298934304766
6001,6061,0.9064252636501413,0.8737047910347586,0.8436098813032537,0.8154057341676988,0.7923880117710638,0.7647555345804974
6003,6061,0.4639899815093424,0.4650654985399185,0.47434982445007584,0.47802671089621274,0.4462174244289779,0.4040564663561909
6005,6061,0.9458304261193958,0.9094201493692737,0.8809061953907625,0.8598162282923114,0.849712759220548,0.8410571728480858
6007,6061,0.8990598342284362,0.86225322983865,0.8355062204896083,0.8198027127629045,0.8116889424282288,0.7950753730243387
6009,6061,0.882957220649126,0.8535095112948748,0.8280913516899774,0.8108367070344873,0.8000249455906385,0.7899682468127123
6011,6061,0.3833177166865803,0.3353107304541461,0.3009148840831142,0.3047639040571302,0.32840431138366066,0.3470500304684215
6013,6061,0.9258920603863007,0.89415567869301,0.8661213634249785,0.8411402868049338,0.8218108668605689,0.7979168531905305
6015,6061,0.7748078640325499,0.7490314739564239,0.7283447045294797,0.7212842791270871,0.7189363310598543,0.711148205663041
6017,6061,0.9576233282333715,0.9164439006233188,0.8840652104971396,0.8618791831267192,0.8446633391471445,0.829362857127404
6019,6061,0.7125135617270641,0.6783036440809688,0.6520795226843653,0.6397832213739144,0.6335218353294615,0.6262662151792888
6021,6061,0.6564103762833999,0.6247620551919747,0.5969451508814029,0.5878202523431869,0.5884783340968128,0.5797459934397119
6023,6061,0.8419456799234394,0.7967101564870904,0.7577536762699171,0.7308071638848055,0.7156147104029087,0.6995412922806507
6025,6061,0.5742711376949802,0.5756385740047212,0.576050336573076,0.5706545514685927,0.5749967617252896,0.5761993575907525
6027,6061,0.7691307503378076,0.731074165737798,0.7040808684398022,0.6878578199301824,0.6810907047176484,0.6726833520344656
6029,6061,0.7519125565719285,0.7179558226352722,0.6861248843474548,0.6712718923829731,0.6665136241733689,0.6577734838446609
6031,6061,0.6802644131959241,0.640676471340327,0.6122217286418367,0.6020726412586781,0.6023074540713138,0.6004631007351064
6033,6061,0.8503553599520761,0.8135124493772906,0.7849040311979839,0.7667300509374214,0.7552375205160362,0.7413106995381822
6035,6061,0.7229560151246586,0.6857160345418779,0.6520352150429353,0.6330569323673184,0.6326819598260575,0.6355274984596099
6037,6061,0.9073593586591917,0.87926049724942,0.8517773313521263,0.8193694165251081,0.7872639094776551,0.7702452716711569
6039,6061,0.6881536906091755,0.661248122971908,0.6389530487075211,0.6310097109158996,0.6273044627429768,0.6181221416956441
6041,6061,0.8876315368244462,0.8487635174288527,0.8140934226101445,0.7838731644678449,0.7601391399402558,0.7326022768112959
6043,6061,0.6925661406911335,0.6400598261593764,0.6026625605347387,0.5918463643746981,0.5972858855472235,0.6105955764036821
6045,6061,0.7823538092663429,0.7373393223728499,0.6962810749280717,0.670332410626831,0.6592944506390649,0.6491991196612686
6047,6061,0.6857284971809289,0.6471030201753627,0.6171822118997535,0.6036221697362267,0.6023306899158873,0.5963252352880958
6049,6061,0.6614385492640034,0.6258135469487431,0.5953670264351815,0.5843772536297221,0.5919526924836471,0.6058731679102771
6051,6061,0.5804174015307617,0.5456443593585443,0.5287579284287944,0.5232867355722122,0.49085331383952135,0.46046336541761645
6053,6061,0.4803543026617225,0.42471844303859013,0.3804156569365249,0.37060416368691174,0.38668962059459716,0.40552518089909995
6055,6061,0.8878358306223484,0.8418757822863198,0.8106660047845505,0.7945066350590654,0.7915084918857993,0.7810823954423572
6057,6061,0.9450778970854573,0.9081650547122756,0.8782315381831275,0.8548184691002163,0.8366273289421357,0.8194607151511998
6059,6061,0.9203671309838322,0.8848790260912892,0.8542403065756575,0.8257717359302076,0.8019165292835856,0.7745832746428011
6063,6061,0.64988194216219,0.6083134115870732,0.5707592822508668,0.5521585931591725,0.557565688413526,0.5723143495542186
6065,6061,0.9238502836740444,0.8961594057061503,0.8753138583478279,0.8581123673280975,0.8458085246499254,0.8293352909925902
6067,6061,0.9609451835725583,0.9307309684055118,0.9062415139512114,0.8860146231993341,0.8700792940651918,0.8502285594056928
6069,6061,0.7074435282263324,0.6681083574759171,0.6357527194497301,0.6141758577565247,0.6012139112691609,0.5913642508740959
6071,6061,0.9629898019280221,0.939699810296824,0.9203344634520922,0.9019315889249684,0.8853284109681068,0.8636663687803878
6073,6061,0.9353123169104212,0.9007945342158877,0.8740118046669484,0.8503807662091946,0.8315648442335319,0.8098866080507577
6075,6061,0.8426983139631068,0.8076637315157358,0.7732783121734703,0.74118944366941,0.714100576980043,0.6806759626698364
6077,6061,0.8870986684151497,0.8512947828446018,0.8247615026715552,0.8074207286776909,0.7986529884059458,0.7831336485295765
6079,6061,0.934007057662909,0.8913979229963708,0.8597459252203693,0.8384200386646694,0.8258524910022601,0.8102885883327179
6081,6061,0.8663994420521426,0.8303153584746242,0.7967138163121609,0.7661514694456543,0.7396713999938154,0.7085867814600969
6083,6061,0.9001364076928728,0.8547002508417302,0.8206457124125037,0.8048119273381033,0.8030349977215591,0.7987090452791521
6085,6061,0.8365614947327692,0.8032745566450402,0.7726710503622459,0.7441962140602951,0.7198141147829673,0.6921280738116363
6087,6061,0.7910665232767335,0.7437031399043041,0.70455847221291,0.6854646181188709,0.6885868584000073,0.6937193181695775
6089,6061,0.8986936311941585,0.8652670641519982,0.8388155098156196,0.822358188656966,0.8152555181208183,0.8084421606976627
6091,6061,0.6164827889068512,0.5797487876670095,0.5424209295847192,0.5165380999914463,0.5117634109496202,0.5188464654066093
6093,6061,0.720808747867507,0.6869318697958982,0.6573974396465556,0.6476161415448338,0.653776190450533,0.66251696761672
6095,6061,0.9317619664198619,0.9027977456085511,0.8804051613284346,0.8633283278647039,0.852461634836051,0.8380862734513126
6097,6061,0.9418932762527655,0.9005727299462828,0.8673411914929479,0.8421274161299225,0.825093868613592,0.8052611960023869
6099,6061,0.7844067995498853,0.7552258082784429,0.7342193275707791,0.7182682647507992,0.704252637494371,0.6876045119423171
6101,6061,0.6671335647723237,0.63444743627398,0.6094627806182836,0.5931258392155861,0.5831496753557407,0.5720915148824721
6103,6061,0.8801113825993228,0.8464043382966511,0.8171416597859719,0.8021702758762355,0.7969934685185579,0.7884157525055169
6105,6061,0.6165329820144421,0.5773606783392291,0.5419847616216763,0.5216316219572522,0.5187449769534135,0.5206212756286719
6107,6061,0.61336103354735,0.5794132946614867,0.5483989284444567,0.5407339555297618,0.5434715708302256,0.5440349192951726
6109,6061,0.894843814893047,0.8549191769159806,0.8246990321323191,0.804298676807733,0.7949141720375436,0.7891941386384294
6111,6061,0.8973434735750646,0.8649079368662207,0.8412789642768806,0.8274879221547353,0.822375853795174,0.8104980686984444
6113,6061,0.8914721433433015,0.8519074642633868,0.8188051795990039,0.802158477462472,0.7967152581499015,0.7873571670817039
6115,6061,0.792045561803082,0.7598698207258837,0.7328517630471546,0.7159800979280869,0.7083005886769722,0.6987978286822987
32001,6061,0.7974446352213869,0.7738418475205399,0.7594354693574894,0.7498710466248131,0.7515610294382326,0.7556756789710631
32003,6061,0.7858404000333112,0.738404004143452,0.7051323357462225,0.673190729063194,0.6510068541906543,0.6272124054221283
32005,6061,0.8771027758744971,0.8346770873362346,0.8088041044773407,0.7886279739460367,0.7767535027968812,0.7666676640261142
32007,6061,0.7348209896706077,0.6651010003893207,0.6347341839143615,0.6151266238814932,0.6103071707358151,0.6100489546716413
32009,6061,0.38153778506040975,0.37515765509935256,0.3761780329184659,0.3703408137668333,0.36156943196613045,0.3499700078195049
32011,6061,0.5621221000580247,0.5499071731003532,0.5459195018327554,0.537444036234954,0.5428650613776052,0.5512421949810369
32013,6061,0.710612170291233,0.6714105267271289,0.6477366437196609,0.6298064941302889,0.6243547148659435,0.6178346486675417
32015,6061,0.5041440317166827,0.500052359550129,0.5013542099873632,0.5032945898253984,0.512056935444244,0.5205832809825869
32017,6061,0.6884111108371007,0.684501522082691,0.684667014204868,0.686302118163076,0.6914755771773107,0.6960495066783667
32019,6061,0.8752587972745227,0.8441569011056063,0.8234379252751636,0.8058473798424753,0.7998914503060304,0.7962605365329481
32021,6061,0.7003627252740207,0.6955438376704793,0.697883958292671,0.7008559397006273,0.7082643814482487,0.7160650330094077
32023,6061,0.7825860218607458,0.757476925879005,0.743747438909452,0.729141279547119,0.7196052573872156,0.7087099110313283
32027,6061,0.8086829816439419,0.7875058138834655,0.7743506024678319,0.761012011943341,0.7550076629614095,0.7502158009692399
32029,6061,0.7951380416793448,0.769995978336856,0.7574420376913276,0.746332389082158,0.7429991541216123,0.7423465749653393
32031,6061,0.881541594524499,0.8401517950040676,0.8132621097752046,0.7893990609530882,0.7762392944969105,0.7653601478932461
32033,6061,0.6892813980474748,0.6756710261371919,0.663876420043789,0.6565222372079978,0.6537862173638951,0.6517137989922329
32510,6061,0.8985397403888076,0.8615418550826264,0.8370085801596916,0.8163902647631462,0.8089054396745653,0.8034859125189181
4001,6063,0.4939442336583706,0.5122556141511152,0.5679006360657518,0.621334173456944,0.6411242909123493,0.5952848812131198
4003,6063,0.6194279005130529,0.5857789241915446,0.5573391238230693,0.538936915273867,0.5265023346984046,0.5089956462386291
4005,6063,0.5890482160194589,0.531409558333311,0.5028895288030031,0.49232421128773196,0.4780210668121918,0.4369131837237146
4007,6063,0.6582514076445345,0.6060555473858382,0.5616139580330474,0.5300044351830451,0.5146228754077987,0.5016641658651131
4009,6063,0.5464310769683018,0.5307543649239198,0.5240574721678212,0.5256524627502317,0.5215086686055976,0.49863019622526633
4011,6063,0.5179623702450769,0.5116335716322774,0.5030635382281289,0.4928279378110308,0.48162024357335714,0.4596118790737746
4012,6063,0.4753497788814532,0.4245020905477716,0.3957786945556117,0.39849015220940576,0.41893263712633466,0.42844650344457297
4013,6063,0.47829242108122294,0.46786206516350215,0.4697687362758399,0.47511029148187345,0.478038692743612,0.46186323970833765
4015,6063,0.626229594988552,0.5717067846515635,0.5284587475043635,0.5012885561267791,0.4894979167216063,0.4813183190591042
4017,6063,0.5729712609119232,0.5525170449691956,0.5505664102237305,0.5519574634390916,0.5419484263963921,0.49677569091683194
4019,6063,0.39340551386026157,0.38578661901982947,0.39673478309653293,0.412410160099906,0.4232784926842122,0.41095621787665887
4021,6063,0.49515152618747654,0.4785485963632575,0.47888602007859604,0.4879266636085556,0.49368604736174687,0.47084383088163895
4023,6063,0.08466191615825394,0.13007332236619723,0.24860652979209985,0.4118293986270369,0.5791502153115555,0.6921563749033077
4025,6063,0.5859235681839184,0.5399211896442828,0.5039966102720095,0.47867230525684584,0.4618336669251999,0.44197222493939625
4027,6063,0.10628390562829026,0.29691811553965275,0.5104387138021881,0.6862573043826952,0.7675222749180904,0.737486569217922
6001,6063,0.5358412584558613,0.5377222591526457,0.5425293020724685,0.5428354916329355,0.5315935022988629,0.49876025247253103
6003,6063,0.07417764275192516,0.28607561659147074,0.4972240434001468,0.6480634742974105,0.672533851980467,0.6124643389356779
6005,6063,0.7460235848208004,0.6798644265483879,0.6000991381491331,0.5279201498393437,0.46887863240990263,0.4280545926463901
6007,6063,0.768647495436738,0.7175162649110581,0.6577905188007457,0.5944794540944733,0.5263431417305277,0.4524644842783159
6009,6063,0.7624462500294021,0.7018174998393074,0.6273183235359153,0.556863150832559,0.49487954613832646,0.4502134620309293
6011,6063,0.6878472525755146,0.4144636853750175,0.13483894964207496,-0.07313709801950839,-0.1952563841423185,-0.21237820912629646
6013,6063,0.5662979596656049,0.5603276586480076,0.557024020892865,0.5512142728389465,0.5368268962506081,0.5054643505674412
6015,6063,0.7062758192127615,0.632463866555355,0.5517528105126787,0.4840417041175931,0.4263732346500744,0.39214889372502226
6017,6063,0.7178786718126201,0.6753049133461521,0.6176352569102278,0.5592452335160331,0.502089765143313,0.4574074179062553
6019,6063,0.7651451343522044,0.6518688289024579,0.5138604343923707,0.3821399379209405,0.2804081785431802,0.23827918067016182
6021,6063,0.7028893423613711,0.6456173946511314,0.5768041049646353,0.5139532728534788,0.43486510273013246,0.34065945213941967
6023,6063,0.7300638118612656,0.6513483949961256,0.562744271301509,0.4816681476070832,0.4111272385852862,0.3532639740189447
6025,6063,0.24093055433350963,0.2957245251685515,0.41181109090916307,0.5522591842755808,0.6803053087281422,0.7522718476809381
6027,6063,0.6872779724721444,0.6162406924469799,0.5439903427905043,0.4817655389570317,0.43377597129665296,0.40301369801964937
6029,6063,0.7584674476687764,0.6681338641057621,0.5546870663660046,0.44725707912147517,0.3633969740385762,0.31896623184433104
6031,6063,0.8015425553988488,0.6635793488504429,0.4957967725471576,0.34239069916215314,0.23170972843735724,0.1766066226624644
6033,6063,0.7563607370337933,0.6728567603644572,0.5747105377883553,0.4768761530856302,0.39786644303281576,0.353679206538536
6035,6063,0.8583537756009798,0.7101580497778901,0.5236351331950767,0.3545367388401567,0.22914560769827932,0.1573791986473811
6037,6063,0.564755948334179,0.5639774800475544,0.5719268326073941,0.5798654282407394,0.5704065283377513,0.5470908135816404
6039,6063,0.7575095216140957,0.6793923630639767,0.5731278887434459,0.4552543187813073,0.3363405530384365,0.2625448149728495
6041,6063,0.5165605352925807,0.5107801964106938,0.5071936941925733,0.5010610018991777,0.4859017684407595,0.4517481463631187
6043,6063,0.7778215375292628,0.5875625158654518,0.37508387958255346,0.20763640805375555,0.10289645037835467,0.08075262180683972
6045,6063,0.7672568380070802,0.6475156291146111,0.5108991859411176,0.3924386115324163,0.30235052196186896,0.24941682337940485
6047,6063,0.8287084004657845,0.7092759649434707,0.5570472675597182,0.3984974660201854,0.2606404772706898,0.16992733214471145
6049,6063,0.8561514705258687,0.6793875346358486,0.46619732727079044,0.28076309473923994,0.15395814077184639,0.10050410062743223
6051,6063,0.33877986471254073,0.42848509383325817,0.5037894391441228,0.5384197968123541,0.4997110701448691,0.4539446701640836
6053,6063,0.7545042050400945,0.4857071091158201,0.20615482804991356,-0.0022091746686782737,-0.11954135939495124,-0.14580309103249084
6055,6063,0.6439129897113683,0.5596348130408692,0.49360867610986214,0.45263302572926156,0.42642683509767637,0.4111708682911725
6057,6063,0.738602505596737,0.7017644423106643,0.6493111491935267,0.5899884200589633,0.5274325026787352,0.47215389120947704
6059,6063,0.5340331297196331,0.5362614182292168,0.5433479870583826,0.5473843410910626,0.5394883409794266,0.5121751311782214
6061,6063,0.6776500985005475,0.6531354670146647,0.6209987552797286,0.5863766959689767,0.547917374247523,0.5082574941037842
6065,6063,0.5560100119425464,0.5550840608956998,0.5797042823588209,0.6188370108926223,0.6517103376503455,0.6582860774445091
6067,6063,0.6332833559103698,0.6165948703332572,0.6012606113824371,0.5868559533497058,0.5677309333464924,0.5385982748093323
6069,6063,0.7788479402393245,0.6770270971578519,0.5359459218760507,0.38700268621979356,0.26059236016041004,0.1846613397781569
6071,6063,0.6124484002680175,0.6208242822365483,0.6338977388708924,0.6423120438709687,0.636221189424181,0.6078903008112277
6073,6063,0.5737976929272609,0.5736363963530198,0.579356095055897,0.5830249084147173,0.576525071045443,0.5523747241971174
6075,6063,0.4940709404198275,0.4992319238932796,0.5060917190036794,0.508985480977071,0.49833418235841387,0.4615430460643099
6077,6063,0.7662431206120348,0.689020971261406,0.6078363030827104,0.5249445813911535,0.45487852316265753,0.40471246299917474
6079,6063,0.6383044392139936,0.6012630863075997,0.5770704020002998,0.5646881817820042,0.550012357400247,0.5241912863990166
6081,6063,0.49706859807538717,0.49765085652342217,0.4967500130889193,0.4891298212028349,0.46924164248899963,0.42946051729694035
6083,6063,0.6908195522676712,0.5852329566176427,0.4907227420326588,0.435435493677644,0.41551469367250865,0.41633498873410696
6085,6063,0.49660534116768273,0.4878000601161179,0.4781670021357804,0.4641287202099015,0.44361685404929513,0.4103675849417421
6087,6063,0.8508934099608412,0.6713608992393475,0.4717868995629324,0.3037093385607658,0.19752016934569036,0.15650508869372998
6089,6063,0.8027160411485892,0.7231587491496912,0.6280403247510299,0.5404092135951805,0.46978886113274027,0.42098047408291894
6091,6063,0.8639265009569398,0.6859176675597063,0.4484382206157621,0.22007343297453177,0.05378549674794196,-0.02844725307603981
6093,6063,0.8202106227409964,0.6554884346768534,0.4760798217374365,0.3372013446721392,0.24930444958273387,0.21545882846417697
6095,6063,0.6671466230639711,0.6422153331403296,0.6126348555708024,0.5834278529154313,0.5538292605029628,0.5185120599294261
6097,6063,0.6415169127417795,0.6113528579386581,0.5777302241686224,0.5442754590048053,0.5076821085096411,0.4642047531582007
6099,6063,0.7748867760128443,0.7283853267024918,0.6518832463115636,0.5482634465272743,0.4405226930107256,0.35808899914114234
6101,6063,0.8231167634265696,0.7130077597577211,0.5575380098227569,0.3792560927586772,0.2238418810420962,0.13317407993684072
6103,6063,0.7940347515200451,0.7354639850660453,0.6604182761951636,0.5871384879912265,0.5114007311354858,0.43976329593979074
6105,6063,0.7782513786785363,0.6092838578502644,0.4110776586065351,0.2382613909435859,0.12105500752279756,0.07046586745851595
6107,6063,0.6791723588636405,0.5545909679899242,0.42355099695598913,0.32635553189511346,0.2674823399307195,0.25960045276077637
6109,6063,0.8020858728420898,0.7222706710233135,0.6213598552947307,0.5249979456040237,0.4496141708065488,0.4020619461509856
6111,6063,0.5149932067962834,0.4808465445238528,0.48903757105719464,0.5376496794416136,0.5938270065405608,0.6271566620560491
6113,6063,0.7486973568618088,0.6247661459445419,0.49909917909202633,0.39999671215131144,0.33307463265309833,0.3052959353689047
6115,6063,0.7826015017819352,0.7053801315858892,0.6065634429533352,0.5085362829585203,0.42420722659783644,0.3596595024725801
32001,6063,0.7080058016597859,0.6353095131009445,0.5606570501483696,0.4984539223119527,0.4594871092608508,0.4377285267592656
32003,6063,0.4579551784040324,0.4489582424407889,0.44650798654007484,0.43532601159286843,0.41786891423997324,0.3884861131786317
32005,6063,0.6714711577621646,0.6149397933184261,0.5537040635362094,0.4934504236008176,0.4426677308695216,0.4082136086125787
32007,6063,0.7300027365784435,0.6351766847031884,0.5329086475074858,0.43597836470938295,0.35405263491322236,0.2905600390309761
32009,6063,0.37983108310343844,0.38601577198929615,0.39096965113008875,0.37093312589882654,0.3314210464101917,0.27958907440786623
32011,6063,0.6317075047296564,0.5693213004897087,0.489122240929997,0.40760265743116647,0.34884276979561174,0.30074065305835845
32013,6063,0.6305566019919057,0.562370737321812,0.4890678866729306,0.42095283384654564,0.366110277945625,0.3151750251030491
32015,6063,0.6026455717344313,0.5468604426872429,0.4816710755766474,0.42041335304356797,0.3759055956007056,0.34655260129699716
32017,6063,0.6085454778571195,0.5756801239922524,0.5538969807689134,0.5352262671563696,0.5258642544139321,0.5190169506468314
32019,6063,0.7193411924062096,0.6474031082309107,0.5704432235052992,0.5022567430734374,0.45433124646816486,0.42270267920414983
32021,6063,0.5567962988058073,0.5381005237965044,0.5170536170610738,0.4956825468489231,0.4802801022208812,0.46697243469692257
32023,6063,0.4787707607412943,0.45687097340007404,0.44068578923174023,0.4253439402431234,0.4100509141958706,0.3927635718707038
32027,6063,0.6765722408763738,0.6152330933132633,0.5440897463874139,0.4668275817234899,0.40266892503245466,0.3532566760007636
32029,6063,0.5770022910602811,0.5253993666264419,0.4754076994710478,0.4338629295243558,0.4073878637034147,0.39428175338199956
32031,6063,0.6396485743626776,0.5937975413647061,0.5437249723199962,0.4942590374908682,0.45292597047834143,0.41812636449823715
32033,6063,0.6470418465564907,0.6002918997065007,0.5448755396119679,0.49253655977000443,0.4500959162828864,0.4148706123005838
32510,6063,0.7311170048587797,0.6628124294205984,0.5875249545380514,0.5185428311616415,0.4691522137154605,0.4359097751718655
4001,6065,0.6583991290701573,0.6381390929572268,0.6441891596451058,0.6693212871014722,0.6930870983068428,0.6927144326923043
4003,6065,0.7488463407368575,0.7416731364548309,0.7436772594177001,0.7548177260186948,0.7711652619945959,0.7749204804610595
4005,6065,0.7271368507015978,0.6949130323097166,0.6927391806908408,0.7102366477235613,0.7253726202340988,0.7157991832534605
4007,6065,0.815500633805976,0.806195019720549,0.8048948766376275,0.8076200609144424,0.8135840284321421,0.805809088959554
4009,6065,0.7511708224000253,0.7371928063204652,0.7230310150680971,0.7167411482082613,0.7149688092076396,0.703472030796868
4011,6065,0.7248743578364066,0.7192980932529336,0.7073001301474525,0.6950505896831867,0.684915433652803,0.6723358086923252
4012,6065,0.6807546786341744,0.6738896505780567,0.6736201397411781,0.6788135585223304,0.683928967962907,0.6750666035200582
4013,6065,0.7611937732229368,0.723943347362374,0.691973964120617,0.6654634234622891,0.6485107455216147,0.6282532593189251
4015,6065,0.8324794185850111,0.8017293694137645,0.7880299787961977,0.7801763629860509,0.7757313091231579,0.7646672034035532
4017,6065,0.6871390979648745,0.6672649588634842,0.6682686329613485,0.68768215312693,0.7084547410626932,0.705234064879445
4019,6065,0.6521799586083892,0.6131530852108322,0.5815746845158469,0.5555351304250604,0.5401546383452028,0.520798875681369
4021,6065,0.7656198772679089,0.7245030997540354,0.69248524050226,0.6707350533790722,0.6588626933245305,0.6365430016048401
4023,6065,0.5669602653132791,0.539848574091148,0.5026188023271148,0.4723837499375214,0.45990514924329473,0.4565635441453358
4025,6065,0.7846190920336437,0.7506177517475517,0.7297730170927842,0.7158090342872511,0.7089268121920063,0.6936571529880989
4027,6065,0.4877840766368577,0.45238530258933063,0.419927994454695,0.39303103951291063,0.38409507987091607,0.39614344833888343
6001,6065,0.8348656884613239,0.7929319136376182,0.7579241236053839,0.7305803215839904,0.7125044005394496,0.692645293366611
6003,6065,0.56784175623088,0.5199694103178202,0.4755845565664143,0.43246761072214296,0.38465232920587494,0.3683632960099386
6005,6065,0.8619966713899634,0.8404713743999512,0.8346199211093148,0.8366881173893487,0.8422747473353234,0.8361956495823718
6007,6065,0.8681926789362943,0.8416402350773023,0.8379824304428922,0.8517431853810489,0.8641984993890289,0.8553068112465227
6009,6065,0.8735127149336585,0.8589371260012102,0.8572717665381937,0.8638043453765998,0.8705001343114869,0.8649025403967693
6011,6065,0.35353768553225134,0.37703573870157614,0.42690700389710506,0.4923069673156687,0.5259908926971607,0.5111963536601561
6013,6065,0.8503671427304171,0.8122027642109846,0.7819589992923409,0.759702618130071,0.7457144286507252,0.7277091902671594
6015,6065,0.8096146508433135,0.801723754497817,0.8093652151906727,0.8245032022662837,0.8253597850539399,0.8158825990034759
6017,6065,0.8917926340102763,0.862083528403232,0.8460356809363803,0.8387860061504753,0.8326561955833742,0.8213693563676895
6019,6065,0.7274364527764158,0.7309387193297209,0.7488808614730674,0.7652307238599934,0.7707151506881209,0.7628413441714345
6021,6065,0.6939165659617731,0.6688118530338326,0.6748850704961898,0.7083833686191542,0.7374144080284737,0.7392496176337652
6023,6065,0.8389677790793182,0.8089465853303387,0.7968405600245115,0.7982849970930277,0.8006386252812967,0.7863581728739046
6025,6065,0.7307706044333936,0.691076710362612,0.6439829056453182,0.6016321964690381,0.5843396050902926,0.5763179169981785
6027,6065,0.8403319078507051,0.8161284538219818,0.80953637916537,0.8121630954809889,0.8149188117672176,0.803847194184768
6029,6065,0.7949225240361365,0.7852282584047995,0.7838693474575336,0.7899172806879451,0.7945698677822635,0.7850461992188442
6031,6065,0.6745544200397608,0.6752687781428239,0.6965902728391978,0.7278209325663415,0.7528393004604034,0.7519760183562618
6033,6065,0.8401751416298198,0.8299404990618223,0.8302123221799989,0.8349831740341888,0.8365214458481985,0.8217725713956409
6035,6065,0.6707077244641954,0.6699990446712826,0.6898767356916023,0.7280874479044753,0.7639772096258531,0.7698203412755111
6037,6065,0.9079317052380753,0.8714984487884843,0.8400105023095287,0.807187928296013,0.7790846458882362,0.7640039519249545
6039,6065,0.7203418626873825,0.7233560376600627,0.7475300832524029,0.7703888876587779,0.7758891094496921,0.766992533790648
6041,6065,0.8026466641683715,0.7561451250308119,0.7186250732801174,0.6910300195775437,0.6735139197111788,0.6536643689741112
6043,6065,0.6368435264452875,0.6328830507122476,0.6529264269894272,0.6887086602776585,0.7132150594923925,0.7120145236215969
6045,6065,0.7916670840100983,0.7765467546029995,0.7781868060483441,0.7916280667724457,0.7996455218771398,0.7845146305774596
6047,6065,0.680579743490785,0.6816867625568008,0.7058989499299636,0.7405367765698476,0.7638695516679241,0.7612538562215901
6049,6065,0.6198879515632401,0.6262881025262901,0.6539288833182447,0.6972860770548992,0.7370742295323496,0.7509046923652011
6051,6065,0.6695681722970916,0.6293918158298535,0.6069547737158132,0.5753874598131137,0.5261806202459042,0.5047483636664315
6053,6065,0.45812212834807814,0.46541334399758233,0.49656151959870853,0.5533607639952495,0.5951214067402368,0.5873776457718631
6055,6065,0.8622870634557404,0.8294853585958989,0.8187044722479515,0.8152357067786314,0.8068125093275805,0.78385058794786
6057,6065,0.892864171407741,0.8648047053657528,0.8521479402372623,0.8481105753085211,0.8461323705983246,0.8367846000581045
6059,6065,0.8719886336209243,0.8279429152558847,0.7908062983382458,0.760514478799011,0.7388336138149865,0.716675341321563
6061,6065,0.9094693455694952,0.8777563710772458,0.8573472876736022,0.8442290323227217,0.8344900677224605,0.8200320592329091
6063,6065,0.5624136220147896,0.5767026365338912,0.6100315243999574,0.6576448116039059,0.7010095743725258,0.7125842954512288
6067,6065,0.9004118866029527,0.8688624573651925,0.8471386674107577,0.8324433036101266,0.822992311164404,0.8079789492477164
6069,6065,0.7191276981622178,0.7164176514188008,0.7301065930682029,0.7480583273521781,0.756293554809223,0.7480289688479218
6071,6065,0.9414248501340393,0.9097245346241664,0.8851044709165055,0.8662314135535237,0.8532507366258988,0.8379464237170748
6073,6065,0.9007280640410847,0.858273229334323,0.8254938988251006,0.8000645938789007,0.7829293925243882,0.7657370190402828
6075,6065,0.814511879696614,0.7675890789114745,0.726636437782384,0.6949031936275091,0.6736112195980273,0.6491779107788483
6077,6065,0.875389110781543,0.8640291195714718,0.8676689430684627,0.8736964269225976,0.8730602566216614,0.8544131865249097
6079,6065,0.9193094693375585,0.877568849003594,0.8524340151556976,0.8402949042128548,0.8316288197431376,0.8142385258533464
6081,6065,0.7760980182884509,0.7325479627463684,0.6961997258238313,0.6683868105890266,0.6490375901154969,0.6273306081505496
6083,6065,0.876174376397351,0.8457515486318091,0.8297444848796366,0.8302675709315142,0.8318804317294765,0.817462703800942
6085,6065,0.7567172684904182,0.7197352226351283,0.6883073343188696,0.6624053700345306,0.6434746613169453,0.6220234625009535
6087,6065,0.7257535174571833,0.7201146255771037,0.7327397818658699,0.7622556109380213,0.7878446375408541,0.7823117826099124
6089,6065,0.8648505213483251,0.8486245639880208,0.8494089011207877,0.8622422201572075,0.874920990052608,0.8723879170268336
6091,6065,0.5221684014360383,0.5353785870417641,0.5645072417914211,0.6054001062900424,0.6411346285404336,0.6491157422309467
6093,6065,0.715868900625429,0.7165278464874569,0.7350920637209921,0.770930632429892,0.7979935657000977,0.7971348574924847
6095,6065,0.8765538549070677,0.8493463217471928,0.8338589285206895,0.8273270068007068,0.8265383738311275,0.8180793021206766
6097,6065,0.8595485405002367,0.8188107141413299,0.7941650326150581,0.7816493409768048,0.7754499859807523,0.7622592302713482
6099,6065,0.8049388077785437,0.8008487512731205,0.8130245707750086,0.8230325044076537,0.8266498954115465,0.8190147671555463
6101,6065,0.664536098787016,0.6800249675823538,0.7095562332425885,0.7394734125591668,0.7518049391295574,0.7436418464366097
6103,6065,0.8574120935652413,0.8328403769064497,0.8310834808922315,0.8465325069101574,0.8625795862287542,0.861358110495661
6105,6065,0.6039928008659279,0.6094960389384776,0.6307620481605456,0.6634907775267471,0.6889465684673093,0.6837046627854954
6107,6065,0.6850365945484566,0.6815537421520628,0.688084137744496,0.7040410255824382,0.714929751758647,0.7060465124066765
6109,6065,0.8607341318930357,0.8412485867636555,0.8385840669894461,0.847088541312513,0.8595531374623656,0.858497034187711
6111,6065,0.9469363660561257,0.9034180335371914,0.866738949043014,0.8423094048777681,0.8219945733423829,0.7970514255129557
6113,6065,0.8071661894644083,0.7980135367450172,0.803257048776752,0.8147890806827306,0.8179187556003146,0.7976680696945248
6115,6065,0.8012277426093654,0.789578446139831,0.7946427982728738,0.8126366661057224,0.8307403973321342,0.8276729840428109
32001,6065,0.7616958223958213,0.7549405671041821,0.7611958069563247,0.7738556665297954,0.7887208620406336,0.7908243420436766
32003,6065,0.7040235800374907,0.6529060290792221,0.6158350790925042,0.5849753198397094,0.565283467513742,0.5438986766506726
32005,6065,0.7837758844773476,0.7568636991082882,0.7474900415794449,0.7418681967082977,0.7367724479744433,0.7232888587855889
32007,6065,0.6931053663611901,0.6455534584178708,0.6448473807967295,0.6609101891863489,0.6838460226109879,0.6889572242061178
32009,6065,0.42351158096611907,0.4157226567896324,0.4170801357143471,0.4218576261486936,0.4324390194356117,0.4388644697075151
32011,6065,0.5835179492794953,0.5908547616064046,0.6079544969715195,0.6287990246626528,0.654628098660275,0.6686448265356992
32013,6065,0.6351954862534258,0.6105614187682231,0.6088897360503515,0.6186560910653842,0.6343138884719401,0.6341156732975168
32015,6065,0.5757688084607869,0.5855346922718289,0.6067639916707771,0.6327528330663598,0.6587618362994833,0.6729266934184358
32017,6065,0.7485022675075121,0.7553091783080252,0.7658290137824233,0.7766323965604187,0.7844424120223271,0.7816673497578043
32019,6065,0.7881888268589746,0.772939058317046,0.7716527642202032,0.7759071905027969,0.7842948956657194,0.780519361418673
32021,6065,0.6218547736400348,0.6226133995180833,0.6328551107153597,0.6453307305957615,0.6578140003777938,0.6678301034938071
32023,6065,0.6299010144130958,0.6073995851450105,0.5964905061923935,0.5862507911178749,0.5798716339053882,0.5690645889407329
32027,6065,0.6778315597119012,0.6742530630015978,0.6831868283133911,0.69491481608448,0.7047678710052575,0.7017641075973682
32029,6065,0.6582877747175879,0.6431953127211448,0.6409700604543405,0.6399346749787492,0.6430505363648163,0.6418609532957887
32031,6065,0.7677021815021731,0.7339100647459385,0.7171278592636933,0.7067534389912525,0.7038936022827335,0.6956689884131303
32033,6065,0.747255132221974,0.7426556851330607,0.7473812152278136,0.759712249463291,0.7715637931462482,0.7729628198662661
32510,6065,0.8308479296863168,0.8077616160912552,0.8002656396069515,0.8001189785410686,0.8064828839308631,0.8027105335791697
4001,6067,0.5792291615067713,0.5602293977077144,0.5587961603904363,0.5722586890099174,0.5886983339176991,0.5818190006419471
4003,6067,0.6401938208594795,0.6204324234554415,0.6093921406552378,0.6056586115330108,0.6117424011380916,0.6144484400766917
4005,6067,0.6702892775526818,0.6216142664501411,0.598912591883013,0.5943645774223544,0.5985385547046832,0.5880402569154493
4007,6067,0.7824048386265986,0.7582218105648707,0.7428224154507794,0.731102378211591,0.729206219472432,0.7193068675893977
4009,6067,0.6691980325888881,0.6475624316014198,0.6267339105697683,0.6105673530853166,0.6002589293446393,0.5845206282844805
4011,6067,0.6756585247049296,0.6650752806133076,0.6489187641072518,0.6294842839613036,0.6123760412112348,0.5935420398682293
4012,6067,0.4823243990353462,0.4653844582217121,0.4549808944856603,0.44958541777651195,0.4510464209889694,0.4480583524065735
4013,6067,0.8575077568345825,0.8179015617768288,0.7852345213556027,0.7543197173657877,0.7336148648306151,0.7097447662177857
4015,6067,0.8698856838965858,0.8235721602281721,0.7978703182911586,0.7787274957960796,0.7675278351003713,0.7551011818332096
4017,6067,0.5782186365819523,0.5502078611984103,0.5364717150688353,0.5366660341112216,0.5435206851328329,0.5338171404656458
4019,6067,0.8036871021465561,0.7625190994552812,0.7309861583510756,0.7030744048149528,0.6860182225066978,0.6639490172155837
4021,6067,0.8164856698667476,0.7742235258239368,0.7388906216334549,0.7090110856429178,0.6911929741807576,0.6655640718239446
4023,6067,0.3507757914255625,0.3466732399379916,0.34280906333714284,0.3414193398351945,0.34796066134225856,0.3512962375324265
4025,6067,0.8732043255635211,0.8282455265651562,0.7969696400527252,0.7710662774998568,0.7563818431021126,0.7393379247950058
4027,6067,0.3225237071108522,0.32825013151259,0.33101927862917674,0.32445330850045745,0.3152028810990832,0.30766570999925613
6001,6067,0.919593537688088,0.8764480215946786,0.8384829730238309,0.804313012100688,0.7772180290740082,0.7463244602785264
6003,6067,0.42351990331693806,0.4093926335968875,0.40471515871791824,0.3947051825095348,0.35466759673999504,0.3147374849897203
6005,6067,0.9401517000870248,0.9004707812569114,0.8723359426205309,0.852520181625296,0.8422207655398274,0.8310294710913311
6007,6067,0.8545190121099107,0.8123844244631112,0.7866794493699242,0.774296796186839,0.7685011930664832,0.750501064625261
6009,6067,0.8353095785984764,0.8033070089335893,0.7792252662631638,0.7640001331573857,0.7544064343083792,0.7423786062218509
6011,6067,0.3425160600952313,0.3063162553936318,0.28871327691064547,0.3077478784609174,0.3349966631326126,0.34285869649123646
6013,6067,0.9428731505939989,0.901619173862342,0.8666756388743223,0.8364852004656779,0.8135652098021922,0.7863852822278417
6015,6067,0.7130073919758362,0.6852702468507345,0.6674466430672229,0.6648868926419036,0.662186966611682,0.6501705868745787
6017,6067,0.9418358466608073,0.8961721564877002,0.8623647781386772,0.8393437169608332,0.8207925380512427,0.8021110029440042
6019,6067,0.6658240433193758,0.633395581375829,0.6141211943415604,0.6067723624222147,0.5994015561613577,0.5870334753872137
6021,6067,0.5719421456832643,0.5352200528862472,0.5116370053380367,0.5117094976412259,0.51932451316977,0.5112371148738257
6023,6067,0.7996258778018067,0.750565502188305,0.7127862716328357,0.6888035654521647,0.6751840396276714,0.6562913879122744
6025,6067,0.5532841519023018,0.5394222933457908,0.5240740215965215,0.5066336020771547,0.5046435174373434,0.5024586739703487
6027,6067,0.7140752621357971,0.6724377122893139,0.6458248340440742,0.6313114041423569,0.6242259483248203,0.6115039321767968
6029,6067,0.710007364948864,0.6736077807830578,0.6435437132525991,0.6296125653811065,0.6230878572197545,0.6085902604632774
6031,6067,0.6342318034811565,0.5974149363123039,0.57753221897664,0.573458884349145,0.5758295741629262,0.5714639950116419
6033,6067,0.8014608495616024,0.763626038143388,0.7382173160362335,0.7219757896946114,0.7099273519058438,0.6920722535604849
6035,6067,0.6596534628612128,0.6263134748598878,0.6008841743863953,0.5930617091672151,0.6011987542526813,0.6041139289973828
6037,6067,0.9250428356524197,0.8855671485074833,0.849424896438316,0.8103759712635689,0.7731441240031541,0.7518571645790205
6039,6067,0.6262269534670605,0.5991564060729283,0.583255102874905,0.5832712455394407,0.5801650031356241,0.564840353062316
6041,6067,0.8972480244832363,0.8480761712959304,0.8060062107175611,0.7701126228531058,0.7427999265283906,0.7122362232651022
6043,6067,0.6924346922115701,0.6435778446324854,0.6143603024424648,0.6118115743932834,0.6190578081156506,0.6247510127621154
6045,6067,0.7267823701663227,0.6814433066290675,0.6454335393973062,0.6256753069455474,0.6170716389287698,0.6021487012281813
6047,6067,0.6279527121226932,0.591706374210049,0.5704791735619754,0.5675465580890753,0.5703623624179058,0.5616422551010016
6049,6067,0.6078104451133158,0.5772276678700724,0.5559679331727219,0.5554542924571966,0.5699450444557542,0.5827259356937111
6051,6067,0.5685251261496356,0.5261353871850059,0.504093649977427,0.4903719350156111,0.44658995441071364,0.41072022800080843
6053,6067,0.4403174738028648,0.39337288370055734,0.3616577961480306,0.36506943490930144,0.38818625110054167,0.39968765861989713
6055,6067,0.8920168073587039,0.8400435733403108,0.8056192250942675,0.7888736753122358,0.7806864546092145,0.7606143339820884
6057,6067,0.925010802731267,0.8830930164111863,0.852101357032375,0.8287323722757123,0.8102398511211707,0.7907955693810838
6059,6067,0.9350175908378943,0.8889224004344864,0.8500405499817336,0.8148362298887231,0.7861282447987183,0.7550223322093845
6061,6067,0.946945058608206,0.9056740064451099,0.8736840752170221,0.847840037774295,0.8267369542571773,0.8043357096526452
6063,6067,0.6097974604818547,0.5773449955420447,0.5522220870821866,0.5467065903050947,0.5598145949810918,0.5727346817362746
6065,6067,0.9031930572940314,0.8640007840394285,0.8336583723954473,0.8093370873091528,0.7922255727266522,0.7715989838931714
6069,6067,0.6273789370585078,0.5922440102917507,0.5685462733520547,0.5548303566244395,0.5445489552565165,0.5322207719659885
6071,6067,0.9583197862868955,0.9261508901503086,0.9003529620808718,0.8766685150619755,0.8563559693714636,0.8319472384120613
6073,6067,0.944369370556437,0.8996550356289948,0.8652822407336869,0.8354052211254178,0.8119692683192342,0.7866475889042799
6075,6067,0.832671660737676,0.785809289467475,0.742108242961157,0.7031132200343727,0.6715934750615115,0.6346595593516715
6077,6067,0.8475870492361092,0.80984839493261,0.7861411623179707,0.7713011925196744,0.760811316603386,0.7399190602627068
6079,6067,0.9181232816543649,0.8673319493539732,0.8312735174374539,0.8073304672772548,0.7920955728217461,0.7715063410525945
6081,6067,0.8737572316367102,0.8277935268262273,0.7869545267246325,0.7510656088605017,0.7211765867685469,0.6875011781763366
6083,6067,0.89464353788348,0.844488427273092,0.807923059948223,0.7908462915846671,0.7863411960025761,0.7754306623184887
6085,6067,0.8189437937369213,0.7779581148293581,0.7418697493800165,0.709074628647788,0.6816970959428184,0.6515549397697395
6087,6067,0.7656291504641808,0.7210275603157998,0.6882425077700566,0.6767873656460478,0.6835051484030924,0.68307663561114
6089,6067,0.8530912694459533,0.8184012071351627,0.7943919838000212,0.7817233486542476,0.7771139923722605,0.7688750595455759
6091,6067,0.5701291570116597,0.5412448204386049,0.5159668575494397,0.5035777386056504,0.5085331454546232,0.5153395225963001
6093,6067,0.666843914271262,0.6359908198573563,0.6131005422685071,0.6119207901109014,0.6227925997948942,0.6275352986969794
6095,6067,0.9487692424941474,0.9124582938088904,0.8855860245449164,0.8649945415915744,0.8513857095082182,0.833484385546342
6097,6067,0.9398825684974952,0.8912131161791862,0.8542696734046091,0.8274684399446449,0.8090047030519232,0.7866398321348204
6099,6067,0.7196741414160355,0.6898667860596788,0.6738434301757416,0.6619447425339381,0.6483587461130661,0.6295694655898005
6101,6067,0.594075974723757,0.567285785191839,0.5532944181227589,0.5468557140778461,0.5405145745228424,0.526369793451436
6103,6067,0.8277704390238645,0.7903179876433913,0.7635082836778453,0.7537040148473398,0.7521719380506995,0.7429494014685527
6105,6067,0.5412184407033938,0.5085025305876112,0.4827146259326034,0.4733476536024439,0.4766917220338469,0.47640425916133655
6107,6067,0.5653528120600995,0.5312152839909612,0.5051393067467606,0.5007260727059781,0.5025043142602057,0.49643305639575824
6109,6067,0.8692030552682622,0.8268911998487434,0.7980306790030209,0.7793726880389424,0.7711743525721972,0.7629936779559695
6111,6067,0.8920908153524506,0.8487914286294613,0.8145619060920471,0.7923729265222837,0.7798941389787294,0.7603244150424422
6113,6067,0.8698053390235703,0.8310896046748797,0.8030334629831432,0.7911911499640398,0.7858044712902099,0.7706646502504969
6115,6067,0.7292728453080619,0.6952592034903018,0.6719169114904289,0.6602358357650128,0.6560545289622116,0.6452319730778086
32001,6067,0.7663628515581422,0.7416763859851085,0.7291699330921129,0.7217094707630962,0.7241776238706366,0.7266007415463079
32003,6067,0.82878789403537,0.7711900115001243,0.7306276315000416,0.6923486992423962,0.6654626186947433,0.6371058580361364
32005,6067,0.8744174738087876,0.828982891671796,0.8028196093557532,0.7817600286561004,0.7677074874059353,0.7527620004548482
32007,6067,0.6964948475969648,0.6219804658043029,0.5948265561393498,0.5798466976130094,0.578761935030037,0.5770380748353324
32009,6067,0.33549729921326105,0.3269313231064716,0.3262904672088411,0.3200928639130977,0.31325301622082885,0.30304068246392496
32011,6067,0.5084870012626996,0.49544255975464513,0.49239907439460945,0.48659058441430403,0.4917302060318125,0.5003748692178349
32013,6067,0.6878708136769864,0.6459377301465355,0.6235330192313668,0.6084719106768175,0.6059836508811425,0.5996524560257692
32015,6067,0.4550852337142116,0.4477603198877011,0.44969416467349344,0.45412112902401375,0.46385836014119247,0.4709172676229276
32017,6067,0.6298433107630353,0.623494713654608,0.6246152263641852,0.6256460833254953,0.6288922802456981,0.6294203591975036
32019,6067,0.8591117743708607,0.8260411790151706,0.806139155253476,0.7900605818459354,0.7843675940437118,0.7781583981471989
32021,6067,0.6990045608855365,0.6912167638111659,0.6931371306810385,0.6953613625726441,0.7012739617009045,0.7066614026201748
32023,6067,0.8071689092228641,0.7769609912406008,0.7599333989898748,0.7424841127868533,0.7305533802067397,0.7169065244671319
32027,6067,0.7826286038794836,0.761481751113435,0.7521688103157287,0.7424546599988441,0.7383281891237764,0.7319834448917953
32029,6067,0.8212495284431762,0.7926356002644961,0.7787622821282052,0.7664620220200189,0.7617036359348999,0.7585121026269395
32031,6067,0.8822618290034256,0.8362904105836061,0.8078652589822337,0.7830974233331665,0.7691892509812611,0.7565538311685804
32033,6067,0.602783956328225,0.5859574077019246,0.575123314383515,0.5704059576805564,0.569719354653928,0.5667009557498286
32510,6067,0.8711595788453964,0.8301648819832127,0.8051782212531536,0.7849935372545545,0.7773127084870034,0.7695854492168426
4001,6069,0.6617618705238536,0.6766722698859458,0.6908308377433691,0.7010124574069211,0.7065246632272238,0.6898987943032225
4003,6069,0.7484577329158809,0.7254512944674189,0.7004270603911802,0.6758386219987177,0.667131569269942,0.6691701068549714
4005,6069,0.7224450005507234,0.6761116275961727,0.6361422801741757,0.6045398231124041,0.5923484653981942,0.5848899458055494
4007,6069,0.749775770436217,0.7151759180119793,0.6824839339525537,0.6524515691713125,0.641556112250123,0.6394734471239462
4009,6069,0.6900517015021201,0.679413931295761,0.6668121954806933,0.65122373492512,0.6416901032405252,0.6301270820802185
4011,6069,0.5990467617377778,0.5979065028047852,0.5921712822919192,0.5782226598472958,0.5662846596777132,0.5509463950916689
4012,6069,0.7195751507311929,0.6986053607757269,0.6816483130393556,0.6740578009663433,0.6859579154769279,0.7068605473272441
4013,6069,0.47666992107366,0.4585857015160465,0.4468057830049046,0.43082315441123653,0.42111677878753734,0.4077973058488448
4015,6069,0.6045187593817903,0.5602136283937394,0.5270333749012547,0.5001911774862101,0.49051184707740303,0.493055920864874
4017,6069,0.7563755042902207,0.7444883813390861,0.7278743065435048,0.7083417279288727,0.6936027378282571,0.6736795665565263
4019,6069,0.3254442347212889,0.3045844118988798,0.2952904040177473,0.28538552648758503,0.2811308473361895,0.2704777298968661
4021,6069,0.5648052643810042,0.5454148770286793,0.5283037915716643,0.5069064423880671,0.4939941528991931,0.4770821140262483
4023,6069,0.37936071158085916,0.4283086492132381,0.512577015713839,0.6061846335743747,0.6920054418426951,0.7444773280087363
4025,6069,0.5537840664710599,0.5127195612115363,0.4782226192104007,0.4445690791151317,0.42710374624789027,0.41917959576689945
4027,6069,0.37222837239447665,0.49659906636728895,0.6186102363125385,0.7073193649217804,0.7445182054057651,0.7168459914757451
6001,6069,0.5850707125448297,0.5765733275648987,0.5678628361793134,0.5498104733913709,0.530481217236971,0.5032962331562776
6003,6069,0.42610613700762634,0.5303843902775915,0.6565468641337712,0.7474662944383582,0.7636933127021972,0.7173670743582596
6005,6069,0.7169126474123969,0.6678511929535926,0.6118341261791764,0.5568891475322149,0.5202471484713246,0.5021041334125288
6007,6069,0.8726173657866578,0.8286362967952464,0.7778610636825748,0.7216416772848162,0.6776230020857459,0.6411508998666837
6009,6069,0.8698232754834958,0.8267148593361632,0.7746771441767578,0.7221820995335225,0.6845192275538547,0.6644095227270966
6011,6069,0.5903184138762118,0.41599173561937236,0.2440460392350412,0.1281425627341757,0.09020939059764989,0.12002389664769389
6013,6069,0.5881359570960712,0.5747446474453145,0.5619402278832781,0.5420302530869255,0.52347900714956,0.5000943985170646
6015,6069,0.8860580247013639,0.8256536316176549,0.7683638829144582,0.7223975643293659,0.6975102911859596,0.6816041419782544
6017,6069,0.7396254994457948,0.6982269809750888,0.6533379491660912,0.608744499855945,0.5741825133300609,0.5513491850139464
6019,6069,0.8505578452618234,0.7648439950872229,0.6772507656623655,0.6039377295344536,0.5533211880943069,0.5356211004117332
6021,6069,0.9095622831686967,0.8707356650973517,0.8094585310983431,0.7468197397413641,0.6983527556917536,0.6563485872137357
6023,6069,0.8756686485966193,0.8110249737737805,0.739332475796005,0.6710022496921174,0.6253515166318822,0.5988580564508392
6025,6069,0.4931480498145774,0.5412888052155787,0.6117701030263155,0.6835405197259892,0.7473995186969493,0.776717117947432
6027,6069,0.8960192260972065,0.8436251847637691,0.7931680865196846,0.7455638204292536,0.7167726600429029,0.7039436854168784
6029,6069,0.8521115266297643,0.7840201533260539,0.7125395944751978,0.6531721704749605,0.6129421475162568,0.5941946101497408
6031,6069,0.8362812040255163,0.7440257386393503,0.6406041344059078,0.5455909896181214,0.4834548135396193,0.46836227642165323
6033,6069,0.8687954344961439,0.8012896717312589,0.7347302557448074,0.6735683295274524,0.6309652832416693,0.6110311434543567
6035,6069,0.8645930671134053,0.7706982835793922,0.6491756130376208,0.5324970835904208,0.459021568172953,0.43358811785817875
6037,6069,0.6742888380748343,0.6657608396985795,0.6577858362110599,0.6417169218743034,0.6203759966093996,0.6054930634032073
6039,6069,0.8970614468763846,0.8235573667581078,0.7440070825353949,0.6823102361414162,0.6321118006230322,0.5944114884234902
6041,6069,0.5457567217758076,0.530899297628062,0.5171472890659854,0.49427612042411845,0.472290721872409,0.4456823007711097
6043,6069,0.6735038524537161,0.5505993467373116,0.41702921766078016,0.31792413699303507,0.2730823392232287,0.28433526435385187
6045,6069,0.9131939248360094,0.8264640951995335,0.7282158105217255,0.6405627219192177,0.5894392508133135,0.5687737446565769
6047,6069,0.8932854521259219,0.8013880117191345,0.695812154641079,0.5981994741434524,0.5310459691458956,0.4961368191581523
6049,6069,0.8202895738256109,0.7137989500011056,0.5859073581356673,0.472715808778145,0.4079538970310391,0.3959828261778959
6051,6069,0.5857675371497579,0.5976074245548125,0.6294526434456457,0.6588066330539201,0.6424122868583153,0.6128772038848742
6053,6069,0.7002774600660121,0.5361458967117663,0.3605674279186281,0.2270635641590027,0.1752347744110892,0.19600185604235942
6055,6069,0.6922752243404594,0.6292640171568975,0.5760981813997097,0.5448830445855647,0.540002121382946,0.5396609510335452
6057,6069,0.7850969279313286,0.7507787080094244,0.7079277407574036,0.6579983189991877,0.6159339796671863,0.5854948578522653
6059,6069,0.5881224927302845,0.5773842212721219,0.5703892601665963,0.556118471855899,0.540159389532939,0.5171534319371213
6061,6069,0.7348417477846453,0.7090390483035359,0.6804517071660507,0.6457396213383749,0.6158047428149256,0.5918004816897541
6063,6069,0.7548897471421052,0.6248133051167704,0.46551551457865936,0.32170861913703375,0.23788204564121204,0.22486081229590946
6065,6069,0.7400613921030331,0.738735149436706,0.7489675024276305,0.7582273394946286,0.7668146030872149,0.7639019237464879
6067,6069,0.66133134225835,0.6433965031902885,0.6262614978232992,0.6047398241039308,0.5858239634042138,0.5667325164497179
6071,6069,0.7054387891495963,0.7046771045643843,0.7055737139855676,0.6969908319141872,0.6843341824138331,0.6628652555080312
6073,6069,0.6372565282002304,0.6253608404187545,0.6196211905752333,0.6071958588942659,0.5937762076662796,0.5744476750486686
6075,6069,0.6432088059066978,0.6371212825789752,0.628835637083714,0.6101777217863232,0.5893643058482634,0.5583075349303774
6077,6069,0.8732069985759576,0.8082027100440388,0.7450773771876188,0.6892351808764929,0.6526433616452139,0.6318782246884882
6079,6069,0.7417935783399228,0.7078295014429509,0.6803782127973222,0.6551058707316678,0.6409011456139793,0.6285144523741453
6081,6069,0.540608631885631,0.5293608730220672,0.5162729401135724,0.49303995526453864,0.4674917728412612,0.4356836381732441
6083,6069,0.7111880906546761,0.6416637978867299,0.5817405876803374,0.5384864575522684,0.5269798696598749,0.5359700616619323
6085,6069,0.5802356823127023,0.5633203202163517,0.5465682806375152,0.5224625976520081,0.49823962582750864,0.47056478419820424
6087,6069,0.7890086809938942,0.6737968564714083,0.5457452225081791,0.4384285863068261,0.38482362376772766,0.3810311128664136
6089,6069,0.8620960980032311,0.8080302150438222,0.7437867996389046,0.6792256142959197,0.6351762992017348,0.6138498536412919
6091,6069,0.7687314042577639,0.6503682220769001,0.4961220000075266,0.3463467826155026,0.252465395821379,0.22234289863160647
6093,6069,0.865979762189059,0.7674029178000219,0.6552066318893854,0.5614123571217968,0.5166435026681623,0.5163707368065724
6095,6069,0.6708812153493213,0.6486399053874617,0.6241017130549626,0.5940996609191914,0.571174652464892,0.5516829644046003
6097,6069,0.6664104071757841,0.6363345771335736,0.6031937450284239,0.5662145062173745,0.5362026357184092,0.5090145355373544
6099,6069,0.9316789446510497,0.8806522678152586,0.8212745372604984,0.7568645304111964,0.6982928698968667,0.6564441671393708
6101,6069,0.9118927371795889,0.8201340923901829,0.7178494421949799,0.6167330537122545,0.539724101080819,0.4993950458182873
6103,6069,0.8860051797335405,0.8415403430515739,0.7821001513392951,0.7197119157115918,0.6722055645670982,0.6364319749595961
6105,6069,0.8504674271300197,0.7438649172118952,0.6143738787710656,0.4998856663731771,0.4345461781956145,0.424791955489171
6107,6069,0.8144297690044068,0.7321614550562923,0.6514734840874356,0.5948359463860705,0.564698592064374,0.5648449509405404
6109,6069,0.8321432005292508,0.7740977340225443,0.7079952238717557,0.6402670472796361,0.5941508172864177,0.5746456081668752
6111,6069,0.6909519087725698,0.6704615080406406,0.6712471467446739,0.6835236014880359,0.7124023463303669,0.7312443768477673
6113,6069,0.7331272048607755,0.6428097440717119,0.5528698758418027,0.48559386702890833,0.45056117185316413,0.44478262947322605
6115,6069,0.9158832635508428,0.8602798310376764,0.7921561050232351,0.7217592475123179,0.6703394209747202,0.6407601702917928
32001,6069,0.6870379093421598,0.6396286927266867,0.5908379768824984,0.5436572128368643,0.5219994206633305,0.5226398675643307
32003,6069,0.3989286412892846,0.3722558524230647,0.3551083462077225,0.3326341426183728,0.31356104219888853,0.2922675422656547
32005,6069,0.589716411419871,0.5364959300909613,0.4903116831102996,0.44752537689651756,0.4208430718300274,0.407071737950369
32007,6069,0.7298511530495606,0.6432278577678232,0.5687523564000796,0.49454608373957376,0.4454575114500505,0.4248411285696922
32009,6069,0.4718460366358563,0.4800406505824553,0.4873925711237545,0.47358300321201996,0.4494544997106659,0.4233372378217127
32011,6069,0.6835278709242684,0.6404684308841706,0.5882939459633753,0.5253752472967431,0.4905471200551157,0.47685311694520144
32013,6069,0.5812509914210126,0.5285468827037639,0.47103721194005793,0.41051628531999185,0.37023208102526006,0.3505444538960024
32015,6069,0.6824676564643142,0.653812575988682,0.6196943753496277,0.5822042382339139,0.5634097035985427,0.5591941791634443
32017,6069,0.7497043054527891,0.7317738828935454,0.7183050421267987,0.7046418375620912,0.7056798596101587,0.7102202082383817
32019,6069,0.6349993929352826,0.5864440988902145,0.5354603018031656,0.4844093080284401,0.45521792436286,0.4467869942162756
32021,6069,0.43709880550470404,0.42430761722006666,0.41320300615393885,0.40182227607968124,0.39942864318979604,0.3993514127223145
32023,6069,0.3084341021308832,0.2865942768682563,0.27131293112683397,0.2535753540493262,0.2418510683422355,0.23300964528572443
32027,6069,0.5393710081124232,0.4944600718299849,0.4493655403477653,0.39770725117652184,0.36320002835497456,0.3431747978760746
32029,6069,0.3816449905077722,0.3455434656845757,0.31463604265926115,0.287579666686303,0.27520769220467706,0.27562159272468895
32031,6069,0.5530140100784957,0.5092745267321067,0.46927710652850324,0.42583633372815843,0.39652365824800667,0.3791854471066373
32033,6069,0.8341916578038316,0.8071650684341847,0.771951617450601,0.7317223977155654,0.7036154189897942,0.6854246526861286
32510,6069,0.7167563014130917,0.6648928642814389,0.6136373571496071,0.559711667425154,0.5285606630154424,0.5152956866614442
4001,6071,0.6353395005668906,0.6169838968871701,0.6121361294860744,0.6222459288604665,0.639113031455041,0.6367982760546328
4003,6071,0.6945758001878544,0.6814517340686006,0.6761993504167056,0.6776690842737793,0.6887595988783342,0.6948291812959878
4005,6071,0.6998953110758217,0.6606318928062054,0.6434391610417638,0.6440598238494933,0.6543725985768085,0.650269077825379
4007,6071,0.8083032985436296,0.7923133206135701,0.7840685069905692,0.7790527722412061,0.7827171255766179,0.7772688944296496
4009,6071,0.7266770960941294,0.7082666843669573,0.6900177773844502,0.6764749101898512,0.6689007977188481,0.6550788549175601
4011,6071,0.722541705942144,0.7146433720377918,0.700558531877044,0.6834075273925162,0.6685340415333283,0.6515403092166528
4012,6071,0.5646537951713485,0.5546729436045272,0.5492056801247103,0.5468619227054972,0.5505987230046664,0.5487785383788004
4013,6071,0.8347614649311775,0.7992222245532014,0.7681240273659016,0.7388625322572497,0.719516182222176,0.6976349696285151
4015,6071,0.8648735940102931,0.829063249997021,0.809854941308612,0.7968182809539214,0.7904843220184629,0.7810941236539629
4017,6071,0.6401547600021638,0.6161886222096292,0.6044305729783737,0.6067302180273689,0.6180192947515204,0.6138027845978343
4019,6071,0.7594182565088844,0.7218606742635305,0.6908982271726831,0.6635585602910441,0.6469210543536655,0.6262135051231374
4021,6071,0.818981055734699,0.7805295978040734,0.7469210787980501,0.7184987287408308,0.7018750032053056,0.6779008692498734
4023,6071,0.4558906069299373,0.4526859980146571,0.4403702158530204,0.424464507653588,0.41513817419502475,0.4060802921604354
4025,6071,0.8524646644611342,0.8149645451830845,0.7891595787883271,0.7685588907328414,0.7582197908659694,0.7445095709729364
4027,6071,0.4170225719723116,0.40825111412142734,0.39306268407463635,0.3691787119809816,0.3502571036017627,0.343126783526576
6001,6071,0.90090780339454,0.8597854392250973,0.8227387390215846,0.7897837476398801,0.764522559570654,0.7374552540664211
6003,6071,0.5093094332283566,0.47705669548553054,0.44986569531557674,0.420769660231822,0.3710867682095819,0.3302342273024878
6005,6071,0.9184816223211546,0.8873382573890984,0.8684975754559411,0.8581767073271166,0.8564639281203271,0.8518100315034189
6007,6071,0.8733739361587377,0.8360311450347108,0.8158797461763541,0.8110850159278903,0.8146437392162819,0.8058118377572344
6009,6071,0.8620932143962874,0.8367301117151091,0.8213555483187586,0.8149915848724942,0.8140154029763635,0.8087340172645189
6011,6071,0.3265371228371742,0.3163889629534522,0.32849560725786486,0.37434591535502243,0.42152305388348127,0.4378929702301728
6013,6071,0.920469328981697,0.8819712830543525,0.8487033107099623,0.8205818322897336,0.79988037678234,0.7765777626091742
6015,6071,0.7542553021393053,0.7353964569910021,0.7274142224588297,0.7331944777257431,0.7387943931003373,0.7324931581178208
6017,6071,0.9335470480463903,0.8948204102264639,0.8680762331728304,0.8526120666582925,0.8413823814760825,0.8290018313951346
6019,6071,0.6927133835530424,0.6724406685896823,0.6674210341235252,0.6753888110811592,0.6821570472850911,0.6780387734551061
6021,6071,0.6320161913014288,0.59926245566694,0.5815449200885187,0.5893212593489497,0.6070571961609815,0.610253313467937
6023,6071,0.8227692206916847,0.7816230679555073,0.7528507776015059,0.7383328890100517,0.7338047992060753,0.7213808624412318
6025,6071,0.644470441623327,0.6267319705636727,0.6015016098000614,0.5688988785336142,0.5518809047376165,0.5397819280549208
6027,6071,0.7694055412891059,0.7353279303240158,0.7171095769692248,0.7094861524374154,0.7089125239424938,0.7009785303189077
6029,6071,0.742957305297519,0.7165088634142315,0.697903214624561,0.6963620442854985,0.7020215242191595,0.6952445914132862
6031,6071,0.6499660706599807,0.6259681739932919,0.6228472298864327,0.6368581115695028,0.6550002167179825,0.6604631571152738
6033,6071,0.8265783564513445,0.7975147684082784,0.7826394157027003,0.7778197871447461,0.7763822076258136,0.7648691729100422
6035,6071,0.6661591882868098,0.6449328481604107,0.6374275444918154,0.6482861065127027,0.672528430762869,0.6861310702049286
6037,6071,0.9313040649539955,0.8938273735365556,0.8588272183226527,0.8219129567873734,0.7885775974715629,0.7692172931301299
6039,6071,0.6686305905138279,0.6507752351856562,0.6464370204570907,0.659164136695826,0.6696141273526534,0.6656808601511157
6041,6071,0.8701450630149238,0.8241573620593384,0.7841389640206209,0.7505755733939327,0.7257808784437257,0.6992656290014497
6043,6071,0.6606579624458216,0.6319990037741818,0.6253443354493053,0.642774538634533,0.6663599341802746,0.6808015947915279
6045,6071,0.7513786635582572,0.7185426313118585,0.6976027257761205,0.6922821163553402,0.6963827652541872,0.6897023321380785
6047,6071,0.6544271727078663,0.6277590185861736,0.6209722040427313,0.6351663827559219,0.6554209434202293,0.6594460757989884
6049,6071,0.6090282729448738,0.5927666396845174,0.5915629886385545,0.6116081204175806,0.6434380918350946,0.6662248613172513
6051,6071,0.6218482162303396,0.577439531212071,0.5518903938792543,0.5335367047981037,0.49131519565117454,0.4583904813232125
6053,6071,0.4310857594534739,0.4079759044464597,0.40408078553999055,0.4328377954617305,0.4745544691017062,0.4949481933835608
6055,6071,0.8828847491402134,0.8434351012156172,0.8186364415260496,0.8085805217195986,0.8056944947009812,0.7899959883731509
6057,6071,0.9246696044350199,0.8882939156724737,0.8637752461137407,0.8481584845209734,0.8377404083123399,0.8256798409741027
6059,6071,0.921761904229849,0.8783319776222729,0.8401978297566931,0.8060169865823694,0.778738154271535,0.7508300492798716
6061,6071,0.9463686555711158,0.9097888725157105,0.8823760027406534,0.8617539545719209,0.8459091737138618,0.8285331062087168
6063,6071,0.582112729956239,0.5682453517337235,0.5692119737086202,0.5901110746310811,0.6249288406665184,0.6498078335024873
6065,6071,0.9467083100767265,0.9098361690419144,0.8783162414695113,0.8506041662624574,0.8299227652831601,0.8081224161665059
6067,6071,0.9561809139508376,0.9220664105505447,0.8953355389108426,0.8742861427436764,0.8585534093978758,0.8391967412617559
6069,6071,0.6643559603660977,0.6382679302142583,0.6277646755096038,0.6305904121598745,0.6358146262644071,0.6335953149614231
6073,6071,0.9406915628277841,0.8989023614816094,0.8651138390847376,0.8358877103509619,0.813627945827123,0.790790265240538
6075,6071,0.8344520321551929,0.7895207714940469,0.7465658999978431,0.7083993109728586,0.6785812886914077,0.6459283756477577
6077,6071,0.8692193174817855,0.8398129218081676,0.8248719786821896,0.8198520670218408,0.8192706038918993,0.8052014778777196
6079,6071,0.9298248136905385,0.8853403151674929,0.8531801136349327,0.8325188154034511,0.8199403464255682,0.8025173046890873
6081,6071,0.8476531389131458,0.8038796542712054,0.7644502470204615,0.7303242200001834,0.7031151052903398,0.6738738731315478
6083,6071,0.8894925354853556,0.8518794782890994,0.8267155319897973,0.8184736977631475,0.8197241629351621,0.8116214191531156
6085,6071,0.808152176036809,0.7700374150915388,0.7360765315391006,0.705559519403875,0.6807708305358033,0.6540832764794613
6087,6071,0.7454925310947256,0.7180673941651079,0.7062372915900547,0.7148056913042227,0.7372676508980636,0.7463382824757532
6089,6071,0.8687457240991557,0.8420870820156596,0.82788363471769,0.82549308730415,0.8302993126606119,0.8291534185801187
6091,6071,0.5490748131878204,0.5347241926256681,0.5327092721222634,0.5444475920640346,0.5695985466025181,0.5886083732192009
6093,6071,0.6849483374311834,0.6685168329225224,0.6637027823004341,0.6789165834170253,0.7028891436859447,0.7143616094559921
6095,6071,0.9343778763755023,0.9026491841667674,0.8799449454452721,0.8641595204923609,0.8554237267069458,0.8425408501310188
6097,6071,0.9191594853475118,0.8756984612375867,0.8433442264995736,0.8213876265585456,0.8080075930698689,0.7912575364638502
6099,6071,0.7651281595931538,0.7401775318763011,0.7312860705107233,0.7303524758704885,0.7297466172743786,0.7211106422142474
6101,6071,0.6237753013908379,0.6069689573437775,0.6086644784833773,0.6211211080932815,0.6336729405088398,0.6325537025578761
6103,6071,0.8560535236339815,0.8227320201814642,0.8022737672113713,0.7997654475149705,0.8065334330733365,0.805208878390238
6105,6071,0.5632783879907094,0.5456396893404275,0.5398798097865545,0.5494877969919532,0.5677885650630823,0.5757718942187295
6107,6071,0.6152140464010766,0.5943138337322025,0.5819662448130354,0.5902112323566426,0.602406862775065,0.6010432648785247
6109,6071,0.8708876365027782,0.8384014340675744,0.8211555771852017,0.8147559100448037,0.8175360157386365,0.8170833665065433
6111,6071,0.9264072752478163,0.8904492121832481,0.8582707923656967,0.8336590225329519,0.8164095474811731,0.7930813178422583
6113,6071,0.8540145866443372,0.8273259687052177,0.8125600164547162,0.8128901329327795,0.8173008188979554,0.8077718726860614
6115,6071,0.767774935061929,0.7408790430908117,0.7272467746607735,0.7269987171737419,0.7343856902669853,0.7322124188695569
32001,6071,0.7766722024359795,0.7607814391914673,0.7568845055886275,0.758194941214348,0.768129561735925,0.7747859327267053
32003,6071,0.7846551148500228,0.7327019970221627,0.694500127366037,0.6595794772292104,0.6361530656943101,0.6125127067624799
32005,6071,0.8492072209859296,0.8132403343590778,0.7950626732213338,0.7825534297168094,0.7763946730384576,0.7674141056970611
32007,6071,0.6962695151054675,0.6357213636973624,0.6190952329919267,0.6161458236288939,0.6275108033317223,0.635817414732285
32009,6071,0.38030434635113974,0.36758467361401415,0.3636848853898611,0.35988204364293125,0.35856045535345327,0.35524501443807954
32011,6071,0.547059040009946,0.5388711740926576,0.5425174129399322,0.546545155198492,0.5614500422989618,0.5763358512790309
32013,6071,0.6799946174933955,0.646686300029187,0.6319377227818805,0.6257172032204149,0.6328666008254507,0.6338712480137766
32015,6071,0.5057280192290742,0.5049498306089499,0.5148387665600929,0.5281736744865043,0.5469414539117341,0.5612158048283497
32017,6071,0.6902562364535114,0.6891872179958759,0.6950792716881574,0.7006217450054584,0.7073181542972203,0.709447971165011
32019,6071,0.8460006969198279,0.8211153630026868,0.8097798593889447,0.802680169219759,0.8049450432778072,0.8042833346617725
32021,6071,0.6867670903831155,0.6837229613458673,0.688695664453437,0.6947173021868046,0.7052343308675113,0.7138077934019486
32023,6071,0.7540177134069833,0.7284007337485402,0.7135446717619705,0.6987588087790017,0.6899769870856658,0.6788634743378638
32027,6071,0.7587207600141191,0.743918842154956,0.7414899373776949,0.7408367014353653,0.7468016098453071,0.7463276713955536
32029,6071,0.7692276807500668,0.7485147397937791,0.740945009754963,0.7347027716491826,0.7359782663817886,0.7369064536746149
32031,6071,0.8500191364902839,0.8110897563108022,0.7881585206539601,0.769958654360277,0.7621557372734947,0.7544601982911855
32033,6071,0.6726566343387748,0.6610666161077949,0.6553199431513042,0.6562064036712334,0.6613704390308691,0.6619482879549133
32510,6071,0.8650794349813659,0.8332935719272831,0.8166738644140347,0.8058553181604183,0.8062872475460103,0.8041679579334983
4001,6073,0.5469942661079437,0.5306563839115691,0.5247784777118021,0.5305749477349457,0.5431610272353586,0.5394413878671213
4003,6073,0.6318141810072776,0.615271382155254,0.6065730403705791,0.6030862594387539,0.6096940188184901,0.6117812622120903
4005,6073,0.6649477954325905,0.6184771270530863,0.5950025845699556,0.5867859599198183,0.5892728266126709,0.5794710240493988
4007,6073,0.7339789172068829,0.7139995384056942,0.7014687896585273,0.6902609387449853,0.6887462799577456,0.6785045947257566
4009,6073,0.6158429681929098,0.5960224269868695,0.573783864130433,0.5550459890274232,0.5442931438061549,0.5284400071764556
4011,6073,0.6240316476655533,0.6136333825507888,0.5957290776791571,0.5744978328774991,0.5567654511633771,0.5379751089899877
4012,6073,0.4826482603104362,0.47216851809897376,0.46463042592863596,0.45794447135685684,0.4555548586421437,0.4475952592955999
4013,6073,0.8488428912552819,0.8046636837040568,0.7658646227896498,0.728407679684158,0.7038981791830812,0.6772691921746384
4015,6073,0.853167627384077,0.8049579157400265,0.7786110487193052,0.7580716147284676,0.7453299877197324,0.7296463965915624
4017,6073,0.5311338582530858,0.508368366274032,0.4961661825501053,0.49492714761240014,0.5019176918544459,0.4958118647302874
4019,6073,0.7889669739239977,0.7426959712320241,0.7041648229863593,0.6686083229869958,0.6474315537941958,0.6224326810127346
4021,6073,0.7807096060116606,0.7370624681367658,0.6987798332432281,0.6647236048540135,0.6444814392889845,0.6177264714486722
4023,6073,0.3570070591201483,0.3498377641832194,0.33635869271320573,0.32068704530586495,0.3131739090327238,0.3076934893392671
4025,6073,0.8389227325414808,0.7931340362986093,0.7611441683173121,0.7332514096749306,0.717611620569239,0.6988630642162245
4027,6073,0.3177915206558652,0.30539589550154433,0.28876803436081433,0.26523346465125736,0.24786524482029618,0.24266849377934047
6001,6073,0.9114271635276089,0.862375972173613,0.8183290499717476,0.7785915647211313,0.7491044748464027,0.7171867729376912
6003,6073,0.45691144599654526,0.4156507250377047,0.3802283974916161,0.34836170120856286,0.3043110615657545,0.27123476278080333
6005,6073,0.9002942522933287,0.8611657762807119,0.8371971777443439,0.8205418540258564,0.814060746462522,0.8041633390550671
6007,6073,0.8143105858882534,0.7737945648338921,0.7513462084583694,0.7420120490081309,0.7407325563807907,0.7270802075464823
6009,6073,0.7812007287407102,0.7525039215949704,0.7343844524780074,0.7248032527283279,0.7212004562545781,0.71276554660745
6011,6073,0.2861200350653825,0.2751812592701832,0.2834120230774709,0.32038957714401367,0.35716539891208265,0.3655027169058476
6013,6073,0.9358366510592607,0.8894267789363,0.8494109126563674,0.8146255508805104,0.7897984190176174,0.7615927767228484
6015,6073,0.690949817446898,0.6682049313901195,0.6567021015852403,0.6573612835007617,0.6591057433579027,0.6496655756983846
6017,6073,0.9082640221359386,0.8594877522407364,0.8256775297388401,0.8042710833701151,0.7892796466836067,0.7730552764455214
6019,6073,0.6127964916134072,0.5893223497588903,0.5802172249057582,0.5811063917232264,0.5816856532715649,0.5724464517768109
6021,6073,0.5322166451513267,0.5012533440713809,0.48503368915210565,0.49108410110199224,0.5055329002792949,0.5056926379491392
6023,6073,0.7746007702704631,0.7284041759878139,0.6953831199632232,0.6746130659399134,0.6647358152754157,0.6475509620516291
6025,6073,0.5508993841266647,0.527258468556551,0.49938706627627644,0.4658251059079968,0.4501989657651039,0.44021246804049263
6027,6073,0.7100500024418117,0.6705374916852093,0.6481825606881769,0.636557394660741,0.6335418641480791,0.622473130144614
6029,6073,0.68708466871286,0.6561636006598881,0.6322698977148181,0.6220590789060053,0.6199627720768788,0.6073037257179079
6031,6073,0.5791432832548327,0.5538688950081009,0.5475344828118857,0.5553390353446105,0.567566216688358,0.566514686379576
6033,6073,0.7546685599390374,0.7217511394741638,0.7033679804076414,0.694275464717382,0.6900385551989144,0.6762189790314203
6035,6073,0.595256368857883,0.5745305635572217,0.5673255470046639,0.5753744909523995,0.5944468882455599,0.6014328191198266
6037,6073,0.9386331483478232,0.89419692429659,0.8516541216912275,0.8025858461617688,0.7583614643628519,0.7364620373520218
6039,6073,0.5952649092101052,0.5743931925607353,0.5669503806525276,0.5738373408591156,0.5793180586638286,0.5715668671143459
6041,6073,0.8991560512161811,0.8434561528541477,0.7950233743792655,0.7535484489792805,0.7240849934980753,0.6926061261735867
6043,6073,0.6480682380733384,0.6097388675556786,0.5962915322270752,0.6071819354519664,0.6234113864813805,0.6301603871665794
6045,6073,0.702404519272067,0.665491634449976,0.6407249586814716,0.6295823279846459,0.6277311359050058,0.6148139202671384
6047,6073,0.5720148296529097,0.5465686629497969,0.5385624952093653,0.5475227646640939,0.5628198301915438,0.5629565632325706
6049,6073,0.5389690281412612,0.5232128170242132,0.5214772330906269,0.5385691036480202,0.5660444379279828,0.5842354652064308
6051,6073,0.5997137401288932,0.539436930696046,0.5005300607820382,0.4770107972897423,0.4385946069923218,0.411405156080087
6053,6073,0.40057433364691786,0.3750141692798659,0.3671619872408742,0.38896035059156414,0.4210807177006003,0.43281584654257116
6055,6073,0.8901188240285932,0.8379172370880429,0.8041592287393691,0.7853429445988285,0.7759719833796779,0.7550316489577769
6057,6073,0.8893544469771163,0.8459253844172164,0.8160771496802325,0.7949341910475572,0.7807937442688843,0.7649663896760273
6059,6073,0.9497352608438141,0.8955399473728974,0.8487889710656445,0.8061714997520945,0.7732906593461845,0.7396968288259758
6061,6073,0.917853105785436,0.8734414653370987,0.8403997143640872,0.8141522049129122,0.7945886453851332,0.7734838955167629
6063,6073,0.5436764086904075,0.5288786579990503,0.5282538546371406,0.5445459835586605,0.5726290701910299,0.5904593227065725
6065,6073,0.9034333513073833,0.8590368332135984,0.8228680624144359,0.7908081647237983,0.7676418160677839,0.7430245672604526
6067,6073,0.9432358249227065,0.9021990228426376,0.8702594320320973,0.8434725084490924,0.8238039518378794,0.8001898367473776
6069,6073,0.599941246053005,0.5731970954866096,0.5614341856081706,0.5608411191560503,0.562522368657266,0.5568138805032563
6071,6073,0.9419591106864563,0.905515081850231,0.8751598561614561,0.8469171171376276,0.8250301951590985,0.8003819025433458
6075,6073,0.8488850406750305,0.7956725155431269,0.7451696652416473,0.6999954628488503,0.6655390551917763,0.6272790526730031
6077,6073,0.8089271851403788,0.7767197166167281,0.7582760944560418,0.747002985731607,0.7413302724591575,0.7231109687503039
6079,6073,0.9159088213947874,0.8612860753928966,0.8220874111907063,0.7943907482474776,0.7769164365363285,0.7549461271645084
6081,6073,0.8736972358083683,0.8214901994086925,0.7745885213154831,0.7339180180109139,0.7024354322279718,0.6684060270849197
6083,6073,0.8889813384830509,0.8405491209393824,0.806702297560654,0.7896232016643148,0.7840865731827621,0.7699939744229061
6085,6073,0.8121359503343744,0.7667085199490383,0.7264728318246139,0.6902520518871345,0.6618327961020235,0.6311467472711293
6087,6073,0.7219279655582514,0.689018517043266,0.6719530100131017,0.6728975001827351,0.6869814788251347,0.6874395192021946
6089,6073,0.7988690400495482,0.7687840754447097,0.7526760092566321,0.7468746573165198,0.7483656134461064,0.7433857795546354
6091,6073,0.483688102365523,0.4698565156533655,0.4674909161213593,0.4760759977689846,0.4955793524138281,0.507905825288965
6093,6073,0.6118467238588372,0.5942953222102455,0.587548638881799,0.5980720886452107,0.615870452519546,0.6220419293868805
6095,6073,0.9244636911254543,0.8858842366936064,0.8581008833715065,0.8368488548047966,0.8241946836850805,0.8066820398782492
6097,6073,0.9220757644325241,0.8690747010494304,0.8301160968273683,0.8022278360459348,0.7848335823435806,0.7636117099228954
6099,6073,0.6849006612663482,0.6585441148348429,0.6478137841238284,0.6426322653766893,0.6392660212432264,0.6283959256253796
6101,6073,0.5395281918106896,0.5230014034383385,0.5233414749259102,0.5315304917350385,0.5395513225153957,0.5347960111826104
6103,6073,0.7869367800394643,0.7520983302131665,0.7306475287724641,0.7251072760619088,0.7289917010294185,0.7245830085541809
6105,6073,0.4721789890793776,0.4552799757481175,0.44978963149430645,0.45679796482087226,0.4706872385125179,0.47367553129642626
6107,6073,0.5319206481544385,0.5086447273725169,0.49369619197828163,0.4957552301078514,0.5019634733982667,0.4962639798651025
6109,6073,0.8312765795594105,0.7904058363547262,0.7675917521647185,0.755589892692183,0.7534987848442113,0.7477910317696097
6111,6073,0.8979046391997267,0.8517096601973194,0.8120892488760192,0.7801704347062172,0.7586390926223265,0.7319262808312476
6113,6073,0.8235809239094104,0.7937106154600395,0.774609421363302,0.7681847947393787,0.7663710274804328,0.7509093343307383
6115,6073,0.6751964737014813,0.6478860182307239,0.6342421601469673,0.63146172075334,0.6356731192397024,0.6299139853960883
32001,6073,0.7080326968978043,0.6853685842881555,0.6762249132724903,0.6704853411744235,0.6733220428755757,0.6727373132376384
32003,6073,0.8392262577267019,0.7711536290035063,0.7221066021106917,0.6768355973829329,0.6462406714201478,0.6154041677483247
32005,6073,0.8278490316505652,0.7790747085376086,0.7530267371918957,0.732937564927485,0.7206011518631746,0.7057411034051337
32007,6073,0.6628141320518548,0.5826814105658944,0.5606264353891831,0.5506872092268561,0.5553798247387236,0.5561516777355983
32009,6073,0.29419092115293166,0.27484931377611527,0.26697813573905077,0.2602095571303607,0.25693754172993316,0.2498542211855034
32011,6073,0.4874302432801246,0.48204740114441114,0.48538932274439217,0.4861865593532367,0.4976584985634552,0.5079088484155047
32013,6073,0.6215970692538689,0.5786523503261133,0.558306449402609,0.5444595429040351,0.543115631114221,0.5365794718994112
32015,6073,0.4211982564858094,0.41623612493036855,0.42210645272338454,0.4295566800391344,0.44283069479035914,0.4511570348740111
32017,6073,0.6118227557730715,0.609240094376742,0.6128808147794874,0.614402752527578,0.6177800387137434,0.6178550940195302
32019,6073,0.7896032896458384,0.7582836907379172,0.7426859189271262,0.729771675533473,0.7262289385677337,0.7197478664776584
32021,6073,0.6440204185433531,0.633327165929372,0.6326126794058882,0.6316896078240246,0.6353026201478609,0.6386160421631272
32023,6073,0.7555346778704343,0.720952062368897,0.7010182727642181,0.6798592853101185,0.6657008760160276,0.6494832451960388
32027,6073,0.71737504960456,0.6997674861845485,0.6956693159690543,0.6900066519901479,0.6893887967844196,0.6842788289834367
32029,6073,0.7577707312322493,0.7281056962556055,0.7142916557966442,0.7008658154944368,0.6958186491549065,0.6910649060380417
32031,6073,0.8376951522279088,0.7874329490557627,0.7578779013200939,0.7323418837576705,0.7189853249350662,0.7059100699895854
32033,6073,0.594026838803492,0.5806635118239659,0.5746342010076376,0.5732104153367057,0.5746888206382648,0.5724887879489249
32510,6073,0.8297950142851215,0.7893606953053297,0.7675459690753855,0.7503574228859247,0.7455295676010002,0.7381478140232393
4001,6075,0.4663670200199863,0.44833735722103474,0.44422687697710345,0.4557123124652764,0.47785505596610184,0.47432829786890934
4003,6075,0.5118044314584352,0.4950181159075543,0.4877119365372537,0.4895177896474201,0.5033749591494128,0.5073957795373525
4005,6075,0.5613526838613999,0.5139206780822339,0.4930228535999339,0.4933905781001243,0.5059169889958298,0.49757541273971945
4007,6075,0.6700118267738532,0.6522574778541705,0.6423007580460683,0.6357760273229692,0.6414638380919715,0.6332203793195798
4009,6075,0.6480148395529362,0.630227811564218,0.6095393816115693,0.5942708015847601,0.588812387838273,0.5736006478379664
4011,6075,0.6517622763050892,0.6437481959750113,0.6269326223969731,0.6063411099013072,0.5900331685458844,0.5697490342154924
4012,6075,0.5027548179530029,0.4917317967943588,0.48556950777522206,0.4837327258545414,0.48745494394818734,0.4806294848607331
4013,6075,0.7632949104761592,0.7212598692523015,0.6836759059584845,0.6490284520688323,0.6274524416536689,0.6001890221603668
4015,6075,0.6673723197205816,0.6208009693731764,0.5967757469676748,0.5812549888312862,0.5747501124471458,0.561495638152984
4017,6075,0.4888426999737756,0.4635328361034565,0.4516886763640285,0.4557971425760985,0.4724362158816296,0.468712910580612
4019,6075,0.6880128683328194,0.6450507970359993,0.6090811052860805,0.5770827185987918,0.5595162723299463,0.5343989299476788
4021,6075,0.756665642442066,0.7140163190093117,0.6766917842217736,0.6460068975841881,0.630152889919143,0.6026534405089957
4023,6075,0.3410770841421931,0.3371237016651367,0.32230976312065146,0.3045314907540491,0.2954413797510059,0.28601080442620247
4025,6075,0.725664890819202,0.6814767282670181,0.6511232561394064,0.6284826770819958,0.6188233611005352,0.6017725856638246
4027,6075,0.2891828199745971,0.27480853923500304,0.25587615693610943,0.2269799900973003,0.20197325424309,0.1910834579063949
6001,6075,0.9104663176867662,0.863273125717731,0.8204520046781698,0.7827143743631226,0.7568110387472804,0.7265233942467457
6003,6075,0.48531870169081653,0.44651280374111013,0.40911296910839184,0.3739402412297086,0.3158665322219916,0.27222797188151315
6005,6075,0.7721342018641518,0.7344268300573663,0.7144819302555568,0.7048058596940349,0.7079376957706072,0.704741382382657
6007,6075,0.7555982065693644,0.7150052194898711,0.694834984164089,0.691617547080182,0.6995052217397778,0.6908765494740474
6009,6075,0.7434616592835229,0.7160760208917853,0.7017311695582709,0.6985461941247162,0.7033074286307525,0.7009108237700559
6011,6075,0.2151498062603983,0.20409636726856345,0.2190937504122855,0.2696162697769881,0.32044161413614014,0.3361742988797076
6013,6075,0.8730200289020255,0.8293724806096769,0.7920031380396374,0.7609281573179498,0.7411854581963495,0.716115982803107
6015,6075,0.6465229480572038,0.6242277655765809,0.6162157638406232,0.6209256031276283,0.6272641271886178,0.6210990776005326
6017,6075,0.8058985373029824,0.7603229646607993,0.7304747208671949,0.7147510700182179,0.7065789706436437,0.6954308492926875
6019,6075,0.6056318833303229,0.5847476882885244,0.578788050950821,0.58441234242908,0.5930423398994622,0.5905427798983669
6021,6075,0.5380635622887178,0.5018687447887787,0.48594560573053996,0.4979414527112955,0.5208753439349485,0.5251647967228953
6023,6075,0.7738709571127634,0.727303237120431,0.6965531246413307,0.6816545839740089,0.6800670447939966,0.6677074807103963
6025,6075,0.4091337630289531,0.38743376869625645,0.36141869807726024,0.32506873832279154,0.3069420294331188,0.29620230069831593
6027,6075,0.6598732301451701,0.6203197441492034,0.6004118097212411,0.593778702091527,0.5972563895302283,0.5909101290495853
6029,6075,0.6456721828754256,0.6179494803914818,0.5962829485224901,0.589869878688058,0.5950394811668137,0.5874220370836267
6031,6075,0.5728641448055803,0.5470514081520369,0.5427043344337613,0.5578896462218409,0.5821236028311056,0.5882961369684843
6033,6075,0.7456216947986326,0.7163977866183155,0.7030640616880989,0.7003951306425976,0.7052584618581568,0.698391520170692
6035,6075,0.5627771603825412,0.5405377445065117,0.5375164001890137,0.5552562680473769,0.589617117057387,0.6089631911497451
6037,6075,0.85949657729213,0.8149115026902172,0.7720436275706234,0.7263602019760768,0.6863554995406418,0.6663207965597384
6039,6075,0.5573522217568279,0.5392144726956635,0.5362167233468667,0.5454546357867229,0.5549436910818768,0.5521825405748323
6041,6075,0.8915648720693038,0.8374759180044209,0.7901854748783413,0.7513559241335253,0.7261850520208566,0.696294253026566
6043,6075,0.5445471050239445,0.5084015556061636,0.502170227616069,0.5248293809363094,0.5547889285528035,0.5720733543284912
6045,6075,0.6777018305269704,0.6392462482580509,0.6177801765851859,0.6134669173159669,0.6214297928660986,0.6147453420047053
6047,6075,0.5312700312434836,0.5055683674917273,0.5023709211867745,0.5181113631804858,0.5428608593671597,0.5501360661232039
6049,6075,0.4550340034905752,0.43886365874956995,0.4421140908713041,0.4693433700259532,0.5112751434823215,0.5416515853021885
6051,6075,0.5329437728284206,0.4761086864710882,0.4377493793470162,0.41557173063217845,0.36899439257714783,0.3363995974967124
6053,6075,0.36994513819325736,0.341858819399229,0.3399118273514626,0.37608936605792204,0.42307660114998374,0.44450847984242536
6055,6075,0.7991707649203256,0.7509799017015327,0.7249554414758153,0.7133348137585255,0.7109292890981956,0.6943844943743829
6057,6075,0.8080563169561126,0.7658487667072821,0.7386270336980321,0.7228414562507213,0.7161709930776984,0.7055244888089868
6059,6075,0.8675127630896781,0.8147582321459512,0.7686662773081744,0.7276871078491676,0.6979776936186424,0.6656835633673563
6061,6075,0.8271536340943292,0.7848242974067636,0.7543812491356837,0.7326944853384647,0.7192910292019952,0.7022549355919137
6063,6075,0.4534044787192315,0.43783808708771926,0.4416083767990561,0.4690030026956671,0.5135827088011393,0.5446379188188855
6065,6075,0.824753388092705,0.7816767642271025,0.7466221991945222,0.7161117684537163,0.69574165191676,0.6734701785527336
6067,6075,0.835651726734554,0.7968770534029802,0.7675139026957684,0.7448375657115902,0.7312235649022446,0.711626835464172
6069,6075,0.5981767103177082,0.5728656732463564,0.5651850554290991,0.5720939813394462,0.5824738985676033,0.5837072857118991
6071,6075,0.8414756348811917,0.8070697337029681,0.7783038697848882,0.7526932010386347,0.7350285238156729,0.7127292825666885
6073,6075,0.8520529503825235,0.8018519133656341,0.7620152902741656,0.7282835018203015,0.7057641734722171,0.681007134905461
6077,6075,0.7466518085629343,0.716832894334342,0.7039844879868425,0.6989636043438985,0.7014663764546628,0.6880718280050978
6079,6075,0.8353225272417051,0.7831325227376915,0.7478041137305774,0.7259809422884239,0.7153502415917269,0.6970139195799403
6081,6075,0.9143923252054275,0.8640477434130969,0.8182542201874736,0.7796357770001792,0.7518531409271627,0.7193860498640822
6083,6075,0.7796688715610377,0.7340427122738489,0.7039414487499414,0.6942649073614676,0.6971292598035707,0.6876685343975165
6085,6075,0.907886334559509,0.8650750474283776,0.8265726872713981,0.7921776771558581,0.766650513902715,0.7366505883325811
6087,6075,0.639211822242738,0.6066302767757418,0.594853789220027,0.6054521183568697,0.632537514679234,0.6425168655923261
6089,6075,0.7206297143971326,0.6914519445529077,0.6787553737991393,0.6802302511215975,0.692078897396427,0.694565325192823
6091,6075,0.4502163712986327,0.4352060017792336,0.4373406448152484,0.45559876275486483,0.4906348873089522,0.5155907252839457
6093,6075,0.5580423504012173,0.5402232114437122,0.5383585693519586,0.5594044376508202,0.5907741255668,0.6068550807189118
6095,6075,0.8189809967179823,0.7832336347195367,0.7588317133581808,0.7430139430717989,0.7381157352139118,0.7259802014384381
6097,6075,0.8527274267098843,0.801870972212799,0.7658550367602547,0.7429503211793993,0.7323963068290948,0.7158041126559499
6099,6075,0.6524401015827791,0.6275979755590213,0.6202214330306701,0.6191578858832995,0.6217155718025241,0.6154108555344097
6101,6075,0.5071389206874766,0.4915959116150212,0.4963703961545068,0.5107505582120428,0.5270946030439798,0.5299497784151361
6103,6075,0.6939925714713897,0.6590707633794021,0.6416474912807371,0.6430851809207349,0.6565647330219133,0.659611784425281
6105,6075,0.5068148780385634,0.4891046711990781,0.48783788043140835,0.5056991683505219,0.5342836036107915,0.5474688322215231
6107,6075,0.4952302040367009,0.4721967064949903,0.457584143014856,0.4633521095107955,0.47656902310046023,0.47658127446988685
6109,6075,0.74821583216664,0.7090119573147987,0.6899259480278249,0.6852431476173629,0.6935823012492601,0.695629141326084
6111,6075,0.8300240523123719,0.78615672785071,0.7496487844544009,0.7217393514256643,0.7037696106173129,0.6776856346297913
6113,6075,0.7157244165679449,0.6893314817051588,0.6764811183614996,0.6792619979336582,0.6885528088319356,0.6802027866670357
6115,6075,0.664180221344969,0.6362705137459843,0.6247700505690923,0.6276054674869386,0.6417788592088123,0.6424173687976906
32001,6075,0.5586052219028423,0.5365286131091401,0.5305734503806718,0.5320578187554611,0.5456248385621338,0.5509367638170863
32003,6075,0.6880969386591909,0.6196065699932998,0.5703580652704128,0.5262612828230744,0.49748791638740036,0.46691474012763656
32005,6075,0.6666799443691637,0.6208459232232199,0.5991120542983877,0.5848303639799217,0.5791194217923072,0.5679619467037568
32007,6075,0.5814573538968126,0.5000830682352869,0.4797962525802675,0.4756274167851027,0.49006603678368416,0.49407266940021444
32009,6075,0.36606836443049395,0.3475991294842985,0.34061431597429515,0.33192811239597003,0.32897281115366245,0.3204798285927679
32011,6075,0.47298590722562206,0.4667663172584554,0.4721281757820525,0.47820325995050617,0.49818210397750734,0.5118235701527223
32013,6075,0.5377119703121038,0.4913079003822401,0.47149778147696686,0.46075446524165997,0.46806003448152117,0.46324853849398
32015,6075,0.3963977606669121,0.38949189557590214,0.39583766265053,0.40636417040167755,0.42647397298518924,0.43789973465664106
32017,6075,0.5338015988644057,0.5342693881100387,0.5423484684690782,0.5486652546579445,0.5581240986353475,0.5602465688522515
32019,6075,0.6233197130577343,0.593595938068075,0.5815777697032904,0.5752443897011271,0.5810172016626971,0.5802423263375289
32021,6075,0.4707490868809332,0.4635767474607964,0.4678747765402355,0.4723385147743807,0.4842974212618868,0.49204776444025006
32023,6075,0.6101269752648538,0.5778159698038238,0.5610054081872121,0.5433554522343285,0.5338903509331134,0.5201874505670188
32027,6075,0.5665865016935911,0.550161891073813,0.5488190169218956,0.547875341526407,0.5567307917636511,0.556057763756028
32029,6075,0.5565939716865718,0.5305903613503331,0.5211692018063315,0.5138126858896562,0.5153979646974265,0.5163921772705851
32031,6075,0.6786402890620126,0.6298562504103367,0.6029449627780059,0.5826426566664855,0.5763555812829797,0.5672307606429974
32033,6075,0.5149459400586966,0.5000699971463575,0.4944228531872975,0.4962829936391266,0.5054619477167825,0.5075974722580728
32510,6075,0.6877795127391342,0.6477485605739894,0.6284627513366488,0.6171555389928113,0.6208096845054115,0.6179704731301543
4001,6077,0.7428991368011223,0.7322534527973449,0.7332410286399701,0.7455694441429056,0.7567618184091923,0.7538123231112289
4003,6077,0.8054385330969885,0.7834298551218393,0.7584001453668626,0.7369780088140193,0.7310480990695288,0.7347097593682483
4005,6077,0.7994466868359721,0.7465398304474199,0.7045622422380046,0.6806359208636334,0.6737796904898332,0.6713007411031408
4007,6077,0.8707622258507814,0.8391777882784845,0.8078871294560086,0.7809078345310352,0.7676404583905223,0.762215728727763
4009,6077,0.7942857479587094,0.777296450240115,0.7578801823519462,0.7379808414313029,0.7236938443250879,0.7120605496847378
4011,6077,0.7328280401124535,0.7279211735125538,0.7150100072798052,0.6952630957467386,0.6776150437238254,0.6614182984039596
4012,6077,0.7030367171604914,0.6810857523354585,0.6555874545316687,0.6385617619834434,0.6411842467187665,0.6542633925049046
4013,6077,0.6866304789963251,0.6596848181857021,0.6350299850306482,0.6103567103223613,0.594847787184582,0.5795243076458401
4015,6077,0.8023083276118723,0.758079247458789,0.722671489475056,0.6923897748065659,0.6777165374315567,0.6756346294893958
4017,6077,0.8010988429817129,0.77636668162314,0.7555237769642831,0.7416013464651624,0.7336751626769173,0.7229679400091668
4019,6077,0.5737326069776719,0.5442134623332896,0.5225478924103414,0.5037482478190233,0.4927550843353115,0.4802871954456823
4021,6077,0.7340744020130223,0.7044104057002797,0.6740704416620065,0.6453496217512138,0.6299540730269785,0.6150147088077337
4023,6077,0.4615558758585466,0.4793137877400646,0.5180033252131621,0.5653363181676913,0.6179960051634243,0.6600828145677125
4025,6077,0.7628683277034075,0.7208549645222646,0.6821376606040175,0.6478907474514247,0.6286448415061405,0.6178699733687716
4027,6077,0.4361992787303219,0.5010031456528674,0.5699124928897399,0.6253199536673107,0.6581955038856515,0.6508072436678254
6001,6077,0.7850225734027545,0.7618026562516496,0.7386645229276761,0.7123246801087582,0.6875542955078376,0.6609647158763878
6003,6077,0.4415670287931367,0.4893745353689977,0.5654554624609468,0.6139077530180181,0.6119857584120372,0.578142238868285
6005,6077,0.8956568881254892,0.8532421851720425,0.8058750705301352,0.763451056693026,0.7338673108925976,0.7171990380942304
6007,6077,0.954903029230597,0.9111090981257665,0.868616570536074,0.8299167646486648,0.7996024289294492,0.7698205219930798
6009,6077,0.9561242996022619,0.918118845797967,0.8754440319982709,0.8350503789110068,0.8045591781716379,0.7852226222195126
6011,6077,0.571449577370228,0.45148753700273087,0.33579536916619923,0.2722385714094199,0.24743920982688794,0.25250476061125293
6013,6077,0.7965437381965078,0.7715284447621026,0.7470461689130148,0.7207693450251077,0.6982347471971003,0.6749627752517836
6015,6077,0.8999834715535013,0.849915803299565,0.8077536754093779,0.7822233232241866,0.7563725512400882,0.731771855606137
6017,6077,0.9047536004258813,0.8634803325882343,0.8223654011045118,0.7848836637472754,0.7530430876574286,0.7298362413536497
6019,6077,0.8825089759117113,0.8205851385673228,0.7678475333500696,0.721774103321389,0.6731767103329811,0.6466567893520048
6021,6077,0.85461964050304,0.8102362156754788,0.7580762394305345,0.7235414577656792,0.6985952914315328,0.6711375631730645
6023,6077,0.9265092037019771,0.8692228210766096,0.8089854589474645,0.75720461405344,0.7191376344735143,0.6915957686811154
6025,6077,0.615874247487091,0.6246990733158202,0.6502299790096316,0.6790173666961598,0.7202720701881867,0.7389208870694357
6027,6077,0.8988578127000575,0.8494222488280495,0.8054083536794919,0.7686843852319369,0.7440410160433709,0.7274460798735941
6029,6077,0.8880260230388898,0.8326291196827852,0.7803667567726181,0.73923702178904,0.6980810569963461,0.6697405618473528
6031,6077,0.8579781754790478,0.7958564741204507,0.7288134162527677,0.6635021173646115,0.6139386577109784,0.5985016859462444
6033,6077,0.9319379686987621,0.8775577305574086,0.8306563979305335,0.7852252426269165,0.747350887375012,0.7193812349540418
6035,6077,0.872594670059039,0.8093181460381218,0.724131968342385,0.6480381179573729,0.6016464511124039,0.5802703104774816
6037,6077,0.8530780305960065,0.8291493045129968,0.8068102501210045,0.7796245027482579,0.7512640815230659,0.7344243465677491
6039,6077,0.8757799894079819,0.8142241545531572,0.7675256717894641,0.7418730483406891,0.7013617859051136,0.6566630203929071
6041,6077,0.737495024486706,0.7084586343575965,0.6800900746847085,0.6495042363789423,0.6224943404001061,0.5965775113630221
6043,6077,0.7867791998284133,0.6959998017038712,0.6000794540473317,0.534253199975223,0.49961515293671777,0.5024002283815234
6045,6077,0.9126570098925645,0.8437320384003917,0.7668875413874319,0.7061482795551729,0.6666209703879892,0.6408249481665401
6047,6077,0.8804636521144579,0.8111868015167301,0.7432294658272657,0.6872561717496076,0.6396839543321394,0.6036011590334609
6049,6077,0.8262876674461079,0.7558519105338782,0.6684800683188051,0.5970182647399738,0.5560440952659795,0.5466790770545258
6051,6077,0.6242792782860581,0.6119228341887177,0.6357347018843247,0.6559892432942662,0.6252443133029845,0.5927249633359881
6053,6077,0.6782567380212547,0.5626336823398439,0.43421610885587975,0.34889835775243194,0.32181058959388437,0.3288478235970729
6055,6077,0.8550505829634667,0.7891278450318212,0.7361621691478243,0.7158611419814951,0.7052397370324118,0.6888409922015877
6057,6077,0.9293279864567453,0.8933827770990062,0.8546516565708079,0.8138529809931402,0.7779339484003174,0.7512334288896906
6059,6077,0.7864530582860413,0.7608985550005805,0.7385797311201262,0.7135773705156182,0.6898757846373392,0.665195473560905
6061,6077,0.8959856638427357,0.864683506004146,0.8326203668324603,0.799189187436174,0.7695440601632675,0.7460737401019772
6063,6077,0.779551048923397,0.6978100944048101,0.5911499154698941,0.49929366993484514,0.4452175939914466,0.43294629454678896
6065,6077,0.8884539498278591,0.8663886770247681,0.8546370922002723,0.8446337682927858,0.8397157423158326,0.8314579927131116
6067,6077,0.8669836860020238,0.8407369657502295,0.8164797508999211,0.7912739730052248,0.768910949069488,0.7489541133131264
6069,6077,0.8700304978302152,0.8116531658321939,0.7465698595501792,0.6862217233207137,0.6330554897065055,0.598523610683271
6071,6077,0.8899427303989494,0.8754847806776004,0.8634188436760881,0.8464334625521884,0.8281806705360364,0.8075513625954189
6073,6077,0.8280964170804234,0.8024201319356387,0.7824664159122787,0.7608529283345178,0.7408177445580763,0.7206187150618302
6075,6077,0.7688454285457504,0.744965455172994,0.7181739088871044,0.6885499025486714,0.6609580049480169,0.6300053088139465
6079,6077,0.8921110814759132,0.8487224674761894,0.8121275875208369,0.7850725876741477,0.7685576436737906,0.7528745646437524
6081,6077,0.721056165562355,0.6958018602505345,0.669569737680591,0.6395977433926535,0.6100075224455916,0.5794885341635048
6083,6077,0.8731989557489797,0.8109804558759008,0.7530588235313647,0.7147801632412254,0.6995200167280613,0.6978475057319335
6085,6077,0.7194218504509261,0.6932949236284248,0.6672015169160294,0.6378560536621599,0.6102477251333597,0.5827464322982192
6087,6077,0.872124512227453,0.7880578264478564,0.6933273909564579,0.620849214014913,0.5848768159462747,0.5730739114983432
6089,6077,0.9548780609519919,0.9109235683105874,0.8606626142842998,0.8140126822822427,0.7808899168307109,0.7622794838996141
6091,6077,0.7803626190312388,0.7089306019521876,0.6068423807164849,0.5114522006515136,0.4504444439766394,0.42290179289323643
6093,6077,0.8876564341670213,0.8178293920299766,0.7352115935554103,0.675205087733505,0.6468957111696437,0.6410669902328842
6095,6077,0.8746532806843075,0.8485302539940505,0.8207993093564109,0.7923426528338744,0.7700661070385402,0.7523298346979498
6097,6077,0.8416235817021938,0.8043529327382228,0.7669074686573026,0.7332173983748731,0.7051709668705453,0.6809235292460056
6099,6077,0.9311263137236147,0.8903635832912606,0.8557062472433526,0.815762352299334,0.7681431494999348,0.7286449882603048
6101,6077,0.864887286834093,0.8037820295209251,0.7464289113523943,0.686279507913986,0.6291122273233899,0.5818772491329324
6103,6077,0.9516645980802652,0.9080988024325881,0.8595805670872377,0.8203794464828189,0.7896985916346548,0.7624673091996327
6105,6077,0.8129719350692237,0.7410324039562919,0.6503587726416274,0.5738776810766345,0.5287522239933454,0.5141686979511468
6107,6077,0.8097928217213383,0.7447751781114748,0.6891614285952922,0.6525249860645457,0.6231151622368428,0.6123628193280352
6109,6077,0.944896347090167,0.8976334706312502,0.8445786037004782,0.7921224461937305,0.7560572381824202,0.7387596267507984
6111,6077,0.8613688686767413,0.8246626261490676,0.7996728155334961,0.7932636006787221,0.8035236858110585,0.8076746261708141
6113,6077,0.8739958730436526,0.8045310614088672,0.7384674788287976,0.692612447406218,0.6615298485458545,0.6452988587364342
6115,6077,0.9361886787444355,0.8921793882639119,0.8410794029893467,0.7916713941605518,0.7537951575865697,0.7281616284232488
32001,6077,0.8413808395157589,0.8076567961782194,0.7684369461585369,0.7317662075345018,0.7159697892114621,0.7184650988477211
32003,6077,0.6322483517603765,0.5932154750061167,0.5640338333883724,0.5337515701069242,0.511254604086803,0.4868242979942665
32005,6077,0.805896907752986,0.7571124627786985,0.7155059310508552,0.6791784735080509,0.6550172667349056,0.6383070579754242
32007,6077,0.8158101684217663,0.7416710895356263,0.6804558626388105,0.6233100122129859,0.5905679985208019,0.5762807355321685
32009,6077,0.49964578117144526,0.5069767570091561,0.5139459608512936,0.5011254351052598,0.48413802015373963,0.4659651374038705
32011,6077,0.6964271515345414,0.6733461927312894,0.6388313096268091,0.5947648713076812,0.573534757221969,0.5677154361508634
32013,6077,0.7370626488737303,0.6956780091423298,0.6485561471474175,0.6004874358675338,0.5715686143102062,0.5587846824830126
32015,6077,0.7094285290635672,0.6927271111336655,0.6693964675572963,0.6431862426775291,0.6308674845208271,0.6309803447511396
32017,6077,0.7934875208848975,0.7779634464252694,0.7669774213120756,0.7548524749539042,0.7569399685583079,0.7606798188630055
32019,6077,0.8379488745327172,0.7986787197740411,0.7553755262779194,0.7128912340000246,0.6903064386521442,0.6830034449499365
32021,6077,0.6587569031865189,0.6509598438813162,0.642787675069486,0.636087717381112,0.6341225352727817,0.637519458754326
32023,6077,0.592713674231723,0.5673122173745322,0.5489017732124711,0.530836907619435,0.5180701342794027,0.5066251517436887
32027,6077,0.7269358551124144,0.6966135542408499,0.662883851432565,0.6267346954839175,0.6024277178651296,0.5860851478835276
32029,6077,0.660119503728767,0.6269219226749735,0.6000942005691863,0.575021492273854,0.5632972870225014,0.5625392972696893
32031,6077,0.7742596751487242,0.7324716442710296,0.6932428416391458,0.6539190235281028,0.6286913539261425,0.6136675533792996
32033,6077,0.8051111332965986,0.782103814877811,0.7528788922530475,0.7237598229331863,0.7031983458246901,0.6904554922567563
32510,6077,0.8717569361554772,0.8269994912460423,0.7811714187047718,0.7356539923208867,0.7097034391294076,0.6976014519856731
4001,6079,0.6276361279374284,0.606854587610566,0.6010092255803824,0.6158994851625978,0.644234532478111,0.6461688037268124
4003,6079,0.7193480478771046,0.6971901651350626,0.6788038880860735,0.6711000596814992,0.6794120489303771,0.6821671528826515
4005,6079,0.7328768103948129,0.6744320145521951,0.6405543758701407,0.6337739524085872,0.6470945547585933,0.6412645404299246
4007,6079,0.7996245303398097,0.7734382675521625,0.7505932250175437,0.7334125946465411,0.732806302191583,0.7249713263063882
4009,6079,0.7110676535309631,0.6885609096311829,0.6611047385268112,0.6422445163176845,0.6356916151680204,0.6223027644561938
4011,6079,0.6902196955873597,0.680727092939365,0.6610766185886017,0.6402120986731203,0.6267163007659099,0.6099412942616623
4012,6079,0.6209575347083859,0.5969553909745543,0.5751682204765265,0.5644996492050033,0.5687547377215825,0.5683035284491099
4013,6079,0.7956767800964751,0.7524247492392793,0.7139203536079193,0.6796727222138416,0.6613269656539426,0.6394834130117977
4015,6079,0.8570362195109098,0.8036829982454181,0.7690590556317318,0.7457791549628957,0.7345574696825236,0.7227533812724
4017,6079,0.6493353639813548,0.6212318303972958,0.6024176157512636,0.6015997676277746,0.6161173671495166,0.6122597955060881
4019,6079,0.7077582782843942,0.6620484312287798,0.6245119510483936,0.592734001925437,0.5779887128197838,0.5582673205120394
4021,6079,0.7721697856042559,0.7253303717277833,0.6835143060144286,0.6506955524807215,0.6369375575538426,0.6153647088563179
4023,6079,0.4293375316444729,0.42222801195459325,0.41460336495709876,0.41205674800282993,0.4271970541105855,0.44317518099184683
4025,6079,0.8231171342904297,0.7732646664640566,0.7350151669614425,0.7052244959615518,0.6918549661045414,0.6762650143918916
4027,6079,0.3774753180200127,0.3835012489616791,0.3934097448720109,0.3980311583685327,0.3985386279390328,0.3925950212165369
6001,6079,0.8835202298974179,0.8407474647501954,0.800417642705819,0.7655352849562115,0.742742615584628,0.7160827160832666
6003,6079,0.4658468225790606,0.4562890016564661,0.4594805505099713,0.4648224474722334,0.43779874888351505,0.4011558887884818
6005,6079,0.9185555073149232,0.8763529104046182,0.8436009494339071,0.8198931834448367,0.8099720620103112,0.7987003491854208
6007,6079,0.8898937064501937,0.8462393167899,0.815893151396191,0.8021316502829625,0.7992691827935071,0.7826765059866754
6009,6079,0.8763382534283567,0.8448907477108719,0.81789906536874,0.8007060342646506,0.7918384340983223,0.7808842306653463
6011,6079,0.3972628841068582,0.3531014228548819,0.3237338439147978,0.3331329836871767,0.3538531437344862,0.3607713041142003
6013,6079,0.9024681529758084,0.860537569743757,0.8224772710771563,0.7910850980863674,0.7715696252550539,0.7475286803578932
6015,6079,0.7889838318968652,0.7623919236751652,0.7419513259637993,0.733843492846609,0.7271160976677908,0.7141865908170251
6017,6079,0.9309428665055339,0.8830062552823078,0.8448070897208291,0.8197061777739676,0.8008030028118468,0.7821853092369107
6019,6079,0.7266321859739406,0.698391565062051,0.6767238723124952,0.6612682957226655,0.6485052798063357,0.636191923721423
6021,6079,0.6746047279869779,0.635782411231283,0.6075436942620319,0.6101067310606675,0.6236565044717671,0.6193888205892873
6023,6079,0.8598588834120456,0.8085868341754626,0.7648560255747088,0.7369455220948873,0.7228146060987428,0.7034377682053113
6025,6079,0.6030945137570741,0.5826997268981086,0.564741696591473,0.5471028399174339,0.5500755865869909,0.5549017474341779
6027,6079,0.816768926293726,0.7719369761898015,0.7403386673804244,0.7207117176417076,0.7141748203091542,0.702476509462333
6029,6079,0.7869129735492634,0.7526593626238248,0.7194530261060578,0.6970377070158796,0.6851460660900984,0.6725759983667698
6031,6079,0.6964044302833557,0.6612979530156702,0.632774449442978,0.6203716948124336,0.6224330414090001,0.6209837550001202
6033,6079,0.850917690347283,0.8149565102735356,0.788066337655615,0.7692228097584332,0.7556328116314875,0.735915376810643
6035,6079,0.723267414372548,0.689740706958045,0.6564975605013109,0.6397509823335711,0.643698250405014,0.6445050956263783
6037,6079,0.931044901958028,0.8909295451469836,0.8523433300280799,0.8096823709711325,0.7706753604057462,0.7532938956406477
6039,6079,0.7083948933379298,0.6856920671274033,0.6748154148748774,0.6706364183327463,0.6573689128811421,0.6388044122022962
6041,6079,0.8657937532892226,0.8151831521636331,0.7688687134805773,0.7308284945255242,0.7068757545201999,0.6802065209457108
6043,6079,0.7153528012220121,0.6605318606669923,0.6198695994866489,0.6102171412155707,0.6135087680525791,0.6174631271803301
6045,6079,0.8097400058888016,0.76256385139937,0.7199785217218814,0.6955525736195497,0.6847246068411931,0.6673694402833072
6047,6079,0.6979633377703476,0.6640448281605552,0.6422617899900848,0.6335191980340782,0.6337311117605181,0.6236328504581101
6049,6079,0.6592628027203583,0.6277982927977835,0.5992139915080567,0.5908167584981922,0.6020498454920282,0.6140835082638724
6051,6079,0.6217595614896778,0.5844310800778085,0.5718651202374814,0.566213413982218,0.5283287182952607,0.49421816082808895
6053,6079,0.5191768155252553,0.4615732465736995,0.41577337784048835,0.41063216525448915,0.4308649602641272,0.4412580986896703
6055,6079,0.9040214995969023,0.8447520954863017,0.8064332253975128,0.7864748368535809,0.7782549115904358,0.7585713958626853
6057,6079,0.928900089466753,0.8867794479614914,0.8524078117613181,0.8273312627584986,0.8104842264380389,0.7920687179084922
6059,6079,0.9147084935659863,0.8665834739663311,0.8239908212547626,0.7864099218774011,0.7599774043248905,0.7312228022742608
6061,6079,0.9356730379946506,0.8935889767293754,0.8582516408392231,0.8305708917944564,0.8109758307345025,0.7897329817957541
6063,6079,0.6420607574018373,0.6085529023420592,0.5743560193762587,0.5579456746642261,0.5645195745869847,0.5743551754885079
6065,6079,0.9338007499638096,0.8912954278874873,0.8574712658267211,0.8312039917968734,0.8191286068115824,0.8051293957730685
6067,6079,0.9350558336161151,0.8966748183438985,0.8643793457766328,0.838733739611487,0.8229137528252297,0.8026963655021941
6069,6079,0.7229096285899665,0.6889842736218796,0.6626935848675937,0.6439891174039899,0.6301384339217773,0.6124858082949902
6071,6079,0.9455286364411968,0.9136946386120601,0.8864694776907847,0.8627284342136446,0.8468909901607454,0.8264734647945264
6073,6079,0.934415519533283,0.8872987150992916,0.8491944959912031,0.8171874374954452,0.7963782711914119,0.7740378318410245
6075,6079,0.853196239107867,0.807047744277855,0.7612127514113437,0.7221505574149163,0.695750595473,0.6631454343241187
6077,6079,0.8855133466854952,0.8481631898759036,0.8233357990863669,0.8048712013119295,0.7941264435474734,0.7715489581204642
6081,6079,0.8403541910128347,0.7947193426182819,0.7510693724253124,0.7141614485674245,0.687735338660515,0.6572102442214254
6083,6079,0.9137866838238113,0.8565163080743116,0.8099916509575974,0.7865499416869947,0.7828633839179433,0.7756851368317514
6085,6079,0.7978016445209699,0.7569577083993152,0.718606592704054,0.6846196619563938,0.6600070589696576,0.6327390465822871
6087,6079,0.7909410323366255,0.7407581898851747,0.6990264021803643,0.6800246982890004,0.682714124734118,0.6809243209794269
6089,6079,0.8808700622506009,0.8453310332497768,0.8163406445036944,0.7998594065503017,0.796020761185629,0.7898084477951878
6091,6079,0.5915046010147641,0.5639049630751587,0.5326912375761864,0.5126562023896732,0.5104692393545459,0.5106067478062597
6093,6079,0.7329456493433238,0.69812872267523,0.6670403165418805,0.659463572212839,0.6689612212649063,0.6743970256168589
6095,6079,0.9243928061037244,0.8879460562656969,0.8575328268696525,0.835934073756592,0.8258035429504926,0.810604991582131
6097,6079,0.9144208908802332,0.8629162268651911,0.8209073912658301,0.7919292740674037,0.7762609779608782,0.7564009452638365
6099,6079,0.798089710871712,0.7731622853216107,0.7591476061886631,0.7447577410812183,0.7298697044266933,0.7083346073210274
6101,6079,0.6731101251373331,0.6522339326059461,0.6403063382705165,0.6272759701822337,0.6127187216441221,0.5918080629974088
6103,6079,0.8691690735525747,0.830618892040538,0.7994422251932344,0.7866413401097168,0.7861909037212195,0.7781043904797341
6105,6079,0.6282730214849895,0.594713866788177,0.5617006024039357,0.5442603721504727,0.542704033548414,0.5391216950578176
6107,6079,0.6470920021283084,0.615612257312784,0.5868840307965343,0.5762418773442358,0.5753390278700464,0.5760467769845626
6109,6079,0.9021822529925503,0.8575287389121723,0.8222704381688573,0.7995828581749587,0.7912714476759817,0.7830416489881631
6111,6079,0.9188437591623901,0.8683446479098559,0.8273871545745926,0.8036160941849376,0.7964902240061552,0.7832294952955218
6113,6079,0.8544682397284267,0.813280789249435,0.7786023442121637,0.7600416820264995,0.7518399228592163,0.736034489978539
6115,6079,0.7995446694652115,0.7672614097625172,0.7403802533248599,0.7258955629147722,0.723399387752356,0.7140414827739315
32001,6079,0.7720440753658024,0.7428211238517101,0.7207554833147708,0.7082357993262234,0.7128163737133345,0.7141725358283025
32003,6079,0.7728510606842192,0.710527039526285,0.6665401638739898,0.6260954444834785,0.600221967999814,0.5713690883943965
32005,6079,0.8314550236308831,0.7798043401724007,0.750129407475804,0.7279737196570757,0.7139521131277317,0.6966276131606861
32007,6079,0.7441066066328551,0.6567207148188612,0.618596295162912,0.5992023466756455,0.5995710981774011,0.5972854604005814
32009,6079,0.4029879378745436,0.39070025456312907,0.3889749998618907,0.3838978788383557,0.3798766032766923,0.36990336414572433
32011,6079,0.5984823491835242,0.5821903401285201,0.5712363063912089,0.5621006757222637,0.5725092013154732,0.5770265002920999
32013,6079,0.6677665362750888,0.6179972972115012,0.5847519021835571,0.564943443320729,0.5645831218205832,0.5583564062351426
32015,6079,0.5539265974668349,0.5465599892237074,0.5429900608650913,0.5452606591949318,0.5588573819413452,0.5661746973121509
32017,6079,0.7134795373009887,0.703444714386272,0.7005768333050975,0.7017485569304244,0.7080165595268685,0.709720472468144
32019,6079,0.8200606589831928,0.7828696917291852,0.7566260109686237,0.737911202877306,0.7349311047316882,0.72844567635371
32021,6079,0.6530627275013033,0.643948180798584,0.6406198370331005,0.642280752765031,0.6506361313943395,0.6572873339949427
32023,6079,0.6968732628574638,0.6625247556256867,0.642802155167016,0.6235468188245429,0.6126794512494317,0.5993654990362198
32027,6079,0.7288874327098417,0.7058071258881918,0.6916723890700227,0.6796708681914752,0.6765023605717351,0.6670393427420335
32029,6079,0.7187116688630495,0.6862067124032066,0.6676958957323482,0.6525051230415492,0.6495880273304875,0.6479877829089791
32031,6079,0.8206054844475376,0.7694137017665822,0.7350576233263851,0.7070891254198187,0.6943091471921052,0.6811243781597578
32033,6079,0.7115480370718995,0.6940709319809304,0.6761583614058969,0.6676085779740629,0.6668976333280663,0.6628090565301988
32510,6079,0.8635759372343199,0.8189024163062898,0.7861212042971178,0.76146263407022,0.754489422522042,0.7460428319056092
4001,6081,0.3831595100181464,0.3695935797117147,0.36796689612267214,0.37700156779775135,0.391476166142423,0.38670364214957464
4003,6081,0.4251628376644945,0.40918699528989133,0.4021783385241554,0.40167289684347424,0.4121540313159784,0.4169354100050885
4005,6081,0.4882368159072553,0.44510921313924184,0.42668147210690266,0.42392461035747375,0.4315823561421157,0.42493101551516643
4007,6081,0.6383490274260464,0.6213523136895733,0.6123582916442633,0.6054421826426303,0.6082343407957973,0.6013039005000649
4009,6081,0.5800152638300766,0.5624499193152505,0.5428739664314213,0.5260953226856601,0.5164649391896337,0.5005027154542762
4011,6081,0.6187577455565786,0.6110624457240766,0.595652651535326,0.5761400396637701,0.5587358950393985,0.5382826894402838
4012,6081,0.34063022450805164,0.33052948807429516,0.3254185246342757,0.32210244531552135,0.3241847703658288,0.31952892259503207
4013,6081,0.8518871022827187,0.8129140370608752,0.7789360489583893,0.7460882377529066,0.7246686772328531,0.6993608432861076
4015,6081,0.7166173176217927,0.6718259071225328,0.6496402709837767,0.6342193561266837,0.6266602666742545,0.6155719965176627
4017,6081,0.37918397395335335,0.3573383507601355,0.3470086402299994,0.3479735849288544,0.3571731274563927,0.3515273538923074
4019,6081,0.8180493106897361,0.777773454354285,0.744915076874275,0.7144512952955234,0.696291123673381,0.6726777051944587
4021,6081,0.8080211531369949,0.7684125039729247,0.7341444424388821,0.7035319302621976,0.6850380502567971,0.658450059739104
4023,6081,0.19037324506883535,0.19024230450051452,0.1828901032515131,0.17193468234865275,0.16559632143320402,0.15771005368009783
4025,6081,0.8080459799538245,0.7661565975573282,0.7377369330665687,0.7146965945417152,0.703224560454569,0.6876819863974861
4027,6081,0.16744593659250445,0.162713998599505,0.15043139314093154,0.12661964302555087,0.10442758519301036,0.09174300698882579
6001,6081,0.9475984504983026,0.9035048447124892,0.8639979755505232,0.828090435462903,0.8014741286082471,0.7709011074784229
6003,6081,0.38812984142009926,0.3591340326950433,0.33076872823298764,0.30032131835462517,0.25025572291272324,0.20661934599141163
6005,6081,0.8192958057286732,0.7825155977774068,0.7621542989656791,0.7503075186868325,0.750085175400193,0.746343725225107
6007,6081,0.7190040201028906,0.68064768018497,0.6608709161775322,0.6553308775963195,0.6583075211099327,0.6490491300455031
6009,6081,0.6941173381721615,0.6670786106262041,0.6512282670315873,0.6449830600180807,0.6457314490312941,0.6422745110340418
6011,6081,0.17699697461527356,0.15903988013203965,0.16602045937569074,0.20766110917079034,0.2534905008599929,0.2726983564577576
6013,6081,0.9290599431249831,0.8883245018877458,0.853854628834223,0.8240542837931523,0.8033565071195903,0.7780230409062809
6015,6081,0.5515756945488542,0.5299788042667175,0.520694546841971,0.5256056193562357,0.5315236052829743,0.5264281730693459
6017,6081,0.8361310033328436,0.7914034044716645,0.7619489949430808,0.7451818668967018,0.7351402564657897,0.7238950588148759
6019,6081,0.5148081182631122,0.48962824802473925,0.48076894856861385,0.48414135783485773,0.4898300087598152,0.4869243075785516
6021,6081,0.40883396511576064,0.37598002932905933,0.35908902793267927,0.3657660216238535,0.3816546532653385,0.3838831041722225
6023,6081,0.7067536984132847,0.6615706840294753,0.6303875536392318,0.6135982014544876,0.6080739789074079,0.5956588197569863
6025,6081,0.324993756059495,0.31106300109629176,0.292198479724755,0.26513781363719746,0.2533142040132323,0.2436271526077588
6027,6081,0.5468593440795334,0.5086725587166351,0.4882074965203963,0.48030872137546876,0.4815360642346978,0.47524994538934395
6029,6081,0.5497219653616665,0.5199932510306229,0.4988471216231195,0.4929439784180664,0.4966090199407653,0.48986990303716704
6031,6081,0.48962338209393347,0.46108944617448716,0.4540551207189707,0.4643933840085896,0.48214232095271925,0.4874731884608805
6033,6081,0.6897315684471891,0.6585084026492662,0.6424943558464155,0.6374181347341699,0.6384647366316276,0.6304669253719356
6035,6081,0.5176385646362248,0.49271140464825813,0.48443055841325705,0.4948757285474787,0.5211300603056878,0.5372559682270297
6037,6081,0.8489856240631177,0.8082838471516917,0.7690804409769336,0.7257589728209013,0.685858297962578,0.6660571048616039
6039,6081,0.4495768800506752,0.42785064115458193,0.4208321026887763,0.4290478364790528,0.438060234616001,0.43512773895009893
6041,6081,0.9416914219680754,0.89119380736774,0.8475318485752437,0.8101892221791439,0.7839063759757843,0.7537723276949847
6043,6081,0.5452684153815882,0.5055364183053555,0.49374308598240135,0.50938153126722,0.533720518626752,0.5497657534515538
6045,6081,0.5922676639015179,0.5535175086171003,0.5291380420705535,0.5213465221538397,0.5246319014228276,0.518423932208592
6047,6081,0.44758181620840143,0.4187790073227603,0.40984697899306644,0.42043483595478726,0.4394955505045697,0.4456617938291351
6049,6081,0.41764625607994965,0.39802315207241656,0.39609928985342835,0.41652498078961736,0.4510944961118856,0.4788460700457473
6051,6081,0.44025346344794636,0.38696707616536824,0.35230487154127915,0.3307027174621744,0.29062416544721226,0.26112612647515
6053,6081,0.31064858715208055,0.278190440095401,0.2691457781643335,0.2955102782080161,0.33521230476006264,0.3575540627513229
6055,6081,0.8017852834434134,0.7547851962526033,0.7276625907493119,0.716500851892845,0.7141237452406598,0.6997660988016281
6057,6081,0.8121780255955422,0.7715948062873845,0.7449030638372901,0.7276611375679084,0.7180078876890648,0.706443688721319
6059,6081,0.9062794051049835,0.8573692885884588,0.8158493569827608,0.7777612978658685,0.7485952556699987,0.7171211207639737
6061,6081,0.8552245924379808,0.8150171351060596,0.7862237887513989,0.7646560730223412,0.7497197531473896,0.7329154963537484
6063,6081,0.45597135812097556,0.43543346694239066,0.4328102833071872,0.4523876715810245,0.48881641906044254,0.5175840903018898
6065,6081,0.7880851839734685,0.7501043171480474,0.7202385821716971,0.6937550068744732,0.6748489118038288,0.6526134700350886
6067,6081,0.8796954755150418,0.8435140058973108,0.8166903080108675,0.7949323812107987,0.7801381915579577,0.7605592848309398
6069,6081,0.49929416292085727,0.47110210897511146,0.45920746249005406,0.4609413561973451,0.4678163706255607,0.4700448802316392
6071,6081,0.8573047528826082,0.8257421681177339,0.8001851206639384,0.7761876501860374,0.7577583024636548,0.7355651562406742
6073,6081,0.8809078694131238,0.8345036911837461,0.7989552235390612,0.7677728938040965,0.745389693747171,0.7212145485325475
6075,6081,0.9167397167759448,0.8671719682410685,0.8201371318408203,0.7772245496457286,0.7443287652367826,0.7057865857019323
6077,6081,0.7021413895427651,0.6715204683300515,0.6561149262379544,0.649679766035623,0.6494415859239627,0.6374095047623759
6079,6081,0.8266973995909418,0.7773708107032228,0.7439727552843737,0.7223509591592592,0.7104304631367583,0.6929639031166143
6083,6081,0.7836926528533087,0.7390218335188034,0.710750017850104,0.70046289261103,0.7016240897447589,0.6935847605437794
6085,6081,0.929753649406799,0.8882595076430934,0.851230680242184,0.8173965739360031,0.790476429589494,0.760049157696114
6087,6081,0.6369320863053928,0.6020497225351171,0.5864723514984828,0.5926544868791047,0.6148310909362987,0.6246976470302812
6089,6081,0.6987662826201991,0.6701177285321555,0.6564349437393625,0.6550154048306236,0.6622853746339468,0.6636718525905548
6091,6081,0.44423759324509093,0.4246994871882382,0.4189859638397906,0.42949168688360395,0.4559301852688613,0.4782467387841856
6093,6081,0.49027994129479185,0.47121778912996226,0.46594323658507186,0.48147442227212706,0.5072398857206538,0.5228162373497062
6095,6081,0.8507457599971471,0.8165170241343951,0.7934538563995928,0.77733749001035,0.7697558408568328,0.7568867400099872
6097,6081,0.8997188020313139,0.8517785058148476,0.8175695727931531,0.7946560149022227,0.7817600432714276,0.7645411576719906
6099,6081,0.5560721917788553,0.529646520734587,0.5193600193087543,0.5157767783488655,0.5152236068755576,0.5089454488246568
6101,6081,0.41467761904940975,0.3945611954240896,0.3929344884360578,0.4019847238883428,0.41391981383460047,0.41638909416909226
6103,6081,0.6622148390563273,0.6291251355336174,0.6104694695732109,0.6090438874180208,0.6180794157353618,0.6193813763107768
6105,6081,0.4185396466632338,0.39684228613206124,0.38968013520623823,0.3999413524171765,0.4210276116853672,0.4330803134044008
6107,6081,0.3748408874941864,0.3495889262760034,0.3350972328399597,0.34067849750863344,0.3523467400555045,0.35262796859797085
6109,6081,0.7216149117771389,0.6830654374092658,0.6631354220071768,0.6557265094330953,0.6596456141074005,0.6604512484731931
6111,6081,0.7916986525265903,0.7524055405827219,0.7210737217119435,0.6970330083330977,0.6814595176435712,0.6581398918143759
6113,6081,0.7613105286131475,0.7329108645359413,0.7177259064775661,0.7175395861718133,0.7237427018414945,0.7167811041646414
6115,6081,0.5756433377773021,0.5472641965630051,0.5335852934763,0.5325920680058073,0.5404980411718112,0.5395370072323333
32001,6081,0.5653538661198277,0.5444937061268571,0.5387988874966276,0.5387318376400709,0.549057714039126,0.5558828235622116
32003,6081,0.7764557931124703,0.7134147724249045,0.6688485871215525,0.6279347513405217,0.600761655208136,0.5723555134561882
32005,6081,0.7437690449718952,0.699384472417228,0.6778661598752641,0.6627860865683038,0.6562032648151626,0.6470196911031427
32007,6081,0.5569304047526137,0.4788746930384081,0.4589923911677887,0.4518716912525784,0.46045950571647204,0.4651154985675989
32009,6081,0.2534199248751812,0.2342566543373391,0.22741402813374695,0.21902152588698567,0.21343685530155612,0.203292847433465
32011,6081,0.3923418877236926,0.38475657386022344,0.38831733624455755,0.38985424815572584,0.40413414476194454,0.4182712706684406
32013,6081,0.5719039155526695,0.5280683632379715,0.5087397008504738,0.4964766606381827,0.4988079044413366,0.4946821197852738
32015,6081,0.2629770243415114,0.2567692332319951,0.26308294188542986,0.27237341407715393,0.2879255083475018,0.2993782463595026
32017,6081,0.4405046805132283,0.4410322313801604,0.4486288867258091,0.4554512250388909,0.4637496638399667,0.4686573423410329
32019,6081,0.693471195257095,0.6645309995217791,0.6520797536490401,0.6437886930280364,0.6460193343555387,0.6454220305006598
32021,6081,0.5388410797202533,0.5312973415392557,0.5353895148359628,0.5406215933035355,0.550814524353384,0.5597365993168574
32023,6081,0.7624830936797662,0.731949391288027,0.7162651221230271,0.699361303944035,0.6894852377535706,0.6767400664883498
32027,6081,0.6675773001955272,0.6506599205442487,0.6477605354105616,0.6447421953785848,0.6490350718019892,0.6498273304961961
32029,6081,0.6956966434740812,0.6705447835297824,0.6623627708921579,0.6551402572631091,0.6560463597845184,0.6571372284288599
32031,6081,0.7788010592962893,0.7328838006485857,0.7078012849762877,0.6874440697756935,0.6796078000724278,0.6714464102181034
32033,6081,0.4137393994360138,0.40028771660717,0.39535972918394363,0.39595431579318935,0.40140181980053063,0.40408291490078413
32510,6081,0.7215148743524337,0.6838358193746135,0.6655528800901676,0.653069758294172,0.6539844735809957,0.6523374597606788
4001,6083,0.5965408606194882,0.5757166326897425,0.5953982401260793,0.6316008145871926,0.6581259713213378,0.6443541264869361
4003,6083,0.7263785220579916,0.699437950026144,0.6840643636731271,0.6758971928571866,0.6739969450306466,0.6645316734519476
4005,6083,0.7426725657469321,0.6789884800579172,0.6533847429090158,0.6466791257287146,0.643365772040213,0.6154512614049983
4007,6083,0.803089245572248,0.7649681773034281,0.7398141909612101,0.7177951675266402,0.7052131973364447,0.6851848052128168
4009,6083,0.6638674329174769,0.6370723726417493,0.6175837406026965,0.6068343741563563,0.5996820471702546,0.579610230948995
4011,6083,0.649317235079072,0.6359296480655445,0.620227172751721,0.6014934902959393,0.584578680611713,0.5633737779560914
4012,6083,0.5812994467789021,0.5505030237592465,0.5311782865470113,0.5227864803403013,0.5233209768082776,0.5135820519383105
4013,6083,0.7837160209595929,0.7378125045907947,0.7058981463298016,0.6774898915322808,0.6596550073269691,0.634943552665784
4015,6083,0.8673928071995188,0.8071970760637858,0.7690838152539567,0.7399745418446732,0.7186112947420933,0.6974724068100931
4017,6083,0.6224612865216542,0.5908277016035256,0.5868729334889718,0.5955403702595611,0.6018651320795186,0.5803293603546568
4019,6083,0.7026255807660341,0.654741179905837,0.6258689148540129,0.6027421325736871,0.5902406177276185,0.5686201584577231
4021,6083,0.7348098135227995,0.6865796814298338,0.6559173316760442,0.6330155427428207,0.6216082071776987,0.5956229779437229
4023,6083,0.3386973507094369,0.31695829646182555,0.3261946855496297,0.3613330929878515,0.4207102111143045,0.47831779057476753
4025,6083,0.8234211781098522,0.7678424927268133,0.7300659886413806,0.6975659868867815,0.6756325931817763,0.6498827052817188
4027,6083,0.2636000173610138,0.3017534190333573,0.36172765991071176,0.4241669893299118,0.46910919635824183,0.48316736024076107
6001,6083,0.8466767182502112,0.8048778465503627,0.7720998781450525,0.744460256163542,0.7220263483543401,0.6901654896024636
6003,6083,0.3317020889315413,0.363006252724111,0.41033935932951715,0.4495932713543556,0.44799111147988097,0.42728737394015365
6005,6083,0.9305519068830951,0.8813886864688406,0.838265620379404,0.8008535992376393,0.7708463552455005,0.7405491168185071
6007,6083,0.8811527112013934,0.8339872049675832,0.8031647708229112,0.781154877793698,0.7584512135478568,0.7174288108893149
6009,6083,0.857657023629726,0.8204153530148915,0.7847331037591224,0.7546561796007302,0.727261181259211,0.6976297672034839
6011,6083,0.5332906586748805,0.4453916887329879,0.3545041306034298,0.29257367346983265,0.24801967387705962,0.2061057960028151
6013,6083,0.8771865732362415,0.8351289209706138,0.8026947505643821,0.7755696791888421,0.7538143128734863,0.7232784517007296
6015,6083,0.789729332998774,0.751202981648343,0.7164390251965557,0.6942625921052138,0.6691293142739672,0.636490337327313
6017,6083,0.923009203902719,0.8745790041540835,0.8313584177797166,0.7956883321812042,0.7608257128733129,0.7258637682253748
6019,6083,0.766399589897123,0.7219854195317392,0.6735088613861282,0.6254469350369122,0.5750967983361,0.5314784632604854
6021,6083,0.661807528450249,0.6233247007126265,0.5953720169907104,0.5887338023943727,0.5792482096157965,0.5419541605130205
6023,6083,0.8450965498034391,0.787130005477235,0.7360269615558117,0.695612669721714,0.6609867092532555,0.6187229281961883
6025,6083,0.5195479990931408,0.4924440870932993,0.4901104888557272,0.5119054536203084,0.5542988046317837,0.5899273628305056
6027,6083,0.8042652824430475,0.7506772983748237,0.7092965155729348,0.6771236453525585,0.6531126933106931,0.6244731907637175
6029,6083,0.8248062060449585,0.7775424639243075,0.724022364267517,0.6744698327747732,0.631133235875332,0.5904115946599011
6031,6083,0.7562939171638692,0.7030610825682388,0.6483494990417265,0.5976750639447086,0.5544063162680506,0.5127670942343929
6033,6083,0.8392605505010376,0.7917840569156205,0.7490540933813123,0.7085976173757179,0.6687637652655676,0.6298699545250392
6035,6083,0.7610891673342658,0.7124184572440699,0.6517486867724542,0.6008581574665759,0.5645354381282054,0.5249082571955475
6037,6083,0.9008717503413267,0.861466852896488,0.8297574050788219,0.7972438413935978,0.7612412718454941,0.7378148526781805
6039,6083,0.7445956158764498,0.7142146510923644,0.6814898098363992,0.6507681169479677,0.6018535781812053,0.5478149607569083
6041,6083,0.8334373390332226,0.7833435647947812,0.7437635535378841,0.7111198845671401,0.686324861681916,0.6534121459102008
6043,6083,0.8071797124908692,0.7260134113009207,0.6425731805677466,0.5833295222409944,0.5374750220088712,0.502630622518272
6045,6083,0.8254737622858416,0.7655706303192867,0.7040813602219221,0.6534869616972779,0.6109213899809397,0.565513575179907
6047,6083,0.7491646679381344,0.7042933412682775,0.6567242539628356,0.6107043789851206,0.5651663094723787,0.511221976967239
6049,6083,0.7409933224863772,0.6834187807718421,0.6122446255156698,0.5567149344413879,0.5208063534222808,0.4914945360839007
6051,6083,0.5663434215854702,0.5543917506932579,0.5558886631089069,0.5521704080129445,0.5127329767120643,0.47761022405743275
6053,6083,0.6373745312994821,0.5386399148409458,0.435066391263498,0.36322949272482163,0.32254712821852827,0.2875722981732212
6055,6083,0.9112048418360831,0.8384308803405415,0.7857744984072784,0.7516118270293991,0.7271673023721554,0.6918199482981762
6057,6083,0.9179558502388908,0.8759368823340092,0.839702341121974,0.8068135098466199,0.7733111172298761,0.7363879658251639
6059,6083,0.8863667170797921,0.8397284725290801,0.8045517547738863,0.7743795610311354,0.7484810493895637,0.7156308025427903
6061,6083,0.9100406727504353,0.8671322244575553,0.832238555983671,0.801780689458928,0.7732007996346265,0.7411983719585366
6063,6083,0.7565011039998734,0.6948290114008088,0.6099458788177147,0.5338946734016617,0.48121341770580484,0.44261423498626185
6065,6083,0.8733813152776754,0.8263652288888156,0.7985166662645632,0.7867332343762184,0.7848645691711007,0.7747535174422437
6067,6083,0.9131847842592424,0.8724853397096708,0.8426512268917545,0.8185291103788662,0.7978158809522362,0.7699353353528519
6069,6083,0.7382770032628378,0.7005060835916705,0.655587350871077,0.6048374863440936,0.5529034356407327,0.5027588141881795
6071,6083,0.9030156313859995,0.8722787945676423,0.8529354264704193,0.8375961296669638,0.8235156600036437,0.7989015419473654
6073,6083,0.9064880991789451,0.8596112489528258,0.8281993232365807,0.8023985136928684,0.7813154749084535,0.7546383919369719
6075,6083,0.7973221215244333,0.7536241793018922,0.7171783823527274,0.6869573351788587,0.6618354744403454,0.6240095240464141
6077,6083,0.8865984749183947,0.8404923554898337,0.8039538927817145,0.7669555807802568,0.7307776918068148,0.6862768833180831
6079,6083,0.9142995746282857,0.8538200579125121,0.8126052720974267,0.7868470957690115,0.7684284098676057,0.7406995301991236
6081,6083,0.8003895815252584,0.7570563243974903,0.7215577427230562,0.690864090777308,0.6635065740103787,0.6268514260571467
6085,6083,0.7535620255304842,0.7126385769685702,0.6785984693033023,0.6478105226147884,0.6212906831076438,0.5887524664077156
6087,6083,0.872572941104236,0.7967644898923469,0.7172799389443955,0.6518921595228026,0.6079908170077974,0.5683710468193316
6089,6083,0.8814152469563088,0.837221884097276,0.795905412016202,0.7623296369870882,0.7350901943142789,0.7051667628954706
6091,6083,0.67586534776059,0.6305663351311467,0.5596930747548797,0.4882159221339875,0.43084968089098136,0.3833485744191881
6093,6083,0.7825519391501375,0.7232942352135344,0.6577787323548114,0.6123331173122943,0.5840943475051552,0.5555852878467895
6095,6083,0.9185668944406328,0.8789407590279782,0.8487621330946797,0.8244001258797533,0.8049418042804514,0.7778743173777741
6097,6083,0.8979649270461294,0.8450698872212469,0.8042791365269636,0.773483762315879,0.7481570579881542,0.7145642572796657
6099,6083,0.7959873926187295,0.7716001820563213,0.7498750765478069,0.7159883472777427,0.6708145938275645,0.6211411777557172
6101,6083,0.7183257656553932,0.6893105031301353,0.6523344559312295,0.5976331014066906,0.5349086886836208,0.4738760978060488
6103,6083,0.8657444487328921,0.8251330785572829,0.7883375591456213,0.7658433420455631,0.7452452409985119,0.7106843030290437
6105,6083,0.6541078006772001,0.6013963472042173,0.5366556541740619,0.48008101559994587,0.43526262899714335,0.3953866084816468
6107,6083,0.6901841414631777,0.6324025645821143,0.5745567999710872,0.536367024012825,0.5054272878526145,0.4839329746009251
6109,6083,0.9180784229012183,0.8660238217766636,0.818040894193547,0.7754883263931602,0.74144742396957,0.7096450184789368
6111,6083,0.8708615936572901,0.8077411652920244,0.7663756357172048,0.7516818743189893,0.7552294996768008,0.7488813128720196
6113,6083,0.8835183107486192,0.822354500753132,0.7655041739376313,0.7219111956121376,0.6851335399166625,0.6450480916479814
6115,6083,0.7944767614908084,0.7548655310971395,0.7182021236308226,0.6862444375687237,0.656707861038338,0.6212551905767182
32001,6083,0.7927377959756464,0.7515890404704623,0.7202831428587215,0.6931210724784789,0.6753930005700721,0.6580299242106419
32003,6083,0.7798131379410024,0.7199770634667395,0.6813721638012799,0.6410628117556608,0.6087992949520735,0.5742607335043385
32005,6083,0.8483468141776659,0.7935069452795209,0.7545154756187438,0.714674648823278,0.6790374286713081,0.6447554261310212
32007,6083,0.7802089273680903,0.6905955568468282,0.6443386604568495,0.6042388739777297,0.5723451482864592,0.5396716801568487
32009,6083,0.37458200528984853,0.36375107839405485,0.36796808098374134,0.36118836441443475,0.35260940814577507,0.335305927107214
32011,6083,0.6076409541590988,0.5910248388318955,0.5730375178569987,0.5485186012879366,0.5366669842187498,0.5169500904924631
32013,6083,0.6927068685684589,0.6393128103522245,0.6031378381858703,0.5719765770078431,0.549152028924814,0.5166117953817546
32015,6083,0.5773216295079785,0.5587573937611506,0.5458069926796996,0.5324169220002386,0.5218632844028552,0.5087196921467239
32017,6083,0.6971957055277253,0.680115918112015,0.675043294106349,0.6717935984901937,0.6681768041362056,0.6615445495283124
32019,6083,0.8368147956876132,0.7904174725848507,0.7529572465138346,0.7176298235771117,0.6926822428576711,0.6675663980800302
32021,6083,0.6705929645418575,0.6554263556937647,0.6474921210426048,0.639903708681956,0.6335422390130654,0.6261025594063218
32023,6083,0.7047191174471723,0.6679691597901859,0.646961231346275,0.6242046715364902,0.6061178263792701,0.5863480028229651
32027,6083,0.7505264881742595,0.7208730288984093,0.6990339517992904,0.672138687038539,0.6460987342453959,0.6151396054715165
32029,6083,0.7528206314041939,0.7122422786080633,0.6828251705607462,0.6535817173312517,0.6333530226967495,0.617629250687044
32031,6083,0.833401378257333,0.779436540394091,0.7407133669990998,0.7024036634524419,0.6731149234940496,0.6452384519197487
32033,6083,0.6943775565776228,0.6724422681396748,0.6527118174347157,0.6357377640195628,0.6186650701380868,0.5973241595691954
32510,6083,0.8810910640483829,0.8289424070611963,0.7878875509028688,0.7481156236427873,0.7202550290885431,0.6936976964291491
4001,6085,0.3901378601304602,0.3857680608306816,0.38949732530714404,0.40077663020841753,0.4144535196368299,0.41125003757898515
4003,6085,0.43300132832104415,0.4253138570642309,0.4236270838159618,0.4261950285878872,0.43557044515300075,0.4400915045062304
4005,6085,0.46807158435045837,0.4398255093921171,0.42889810388751365,0.42929453710991994,0.4358238636285884,0.4304595734278687
4007,6085,0.674253497050401,0.6637902364479275,0.658640123256907,0.6536788221007112,0.6550608650596276,0.647580891109399
4009,6085,0.6284845167982172,0.6156986254060413,0.5995553887443982,0.5848359784711179,0.5741207422805336,0.5570117041565044
4011,6085,0.6708211938140245,0.6637659226267473,0.6493086711502377,0.629822250866037,0.6111092641141119,0.5889937304847719
4012,6085,0.3900465009509067,0.3838836747806926,0.3810510281296904,0.37950141805334975,0.38128769762129566,0.3777390163839626
4013,6085,0.8378544088504101,0.8089294998569915,0.7833005182086107,0.7574004724312312,0.7390113834482664,0.716567485822124
4015,6085,0.682048241865174,0.649347666555992,0.6334126512790045,0.6225076974176585,0.6161134852955696,0.6070362508353673
4017,6085,0.39998556979751193,0.3876635438341344,0.3829971978443905,0.3860300302848394,0.3936214058335949,0.38771740345723116
4019,6085,0.7786680986900829,0.7486470051086861,0.7242484656751798,0.7009349851797566,0.6859818943932682,0.665688239645245
4021,6085,0.8345625954485928,0.8047172150487701,0.7780631168053813,0.7527351505997297,0.7355178815089902,0.7103741423703697
4023,6085,0.1891882447841952,0.1900166449388729,0.18725669721317734,0.18273806098362882,0.18267861207932626,0.17992515045134366
4025,6085,0.7906905856515428,0.7595852343120959,0.7387755012846153,0.7208799731011641,0.7106829819688754,0.6968311269873773
4027,6085,0.1796080979679213,0.1813029105372289,0.17829583108776056,0.16567315750178868,0.15336866601021054,0.14719554928485576
6001,6085,0.9206102948575381,0.8889611525259632,0.8600010591690034,0.832871414639475,0.8113447361746582,0.7856211067428939
6003,6085,0.39880185896528536,0.37857494886876064,0.3605324306278549,0.34150636213865615,0.30484236835997575,0.27310938886487895
6005,6085,0.7847234164586044,0.7599480732003284,0.746485610265411,0.7390695201087093,0.7391068997106278,0.7363527763612749
6007,6085,0.731283960907722,0.7045638789810326,0.6908531169905824,0.687307890026537,0.6889061775793064,0.6798973987336708
6009,6085,0.7150177372048915,0.6972330888815448,0.6866770883404398,0.6823190767202767,0.6822347334618534,0.6785122625662893
6011,6085,0.20984038188929252,0.19524604058182715,0.19681531772202088,0.2257902184535994,0.2572071182742982,0.26915329106793956
6013,6085,0.8834270433013376,0.8556024992463643,0.8320391053966362,0.81120794576989,0.796016623975871,0.7762491707782823
6015,6085,0.5919900785244895,0.5774860476422629,0.5709567256881278,0.5747877916910531,0.578494652975573,0.5730032269196556
6017,6085,0.8103553631783981,0.778608259770301,0.7572565992561218,0.7452996797255739,0.7371716449556933,0.7278464780529541
6019,6085,0.5647550283807212,0.5461734238203216,0.5383860915793857,0.5400462384310657,0.5419239960070517,0.5365262963339515
6021,6085,0.4685025503468922,0.44655579411043755,0.4349625319941062,0.4408615935615712,0.45164785717700173,0.4507737398861398
6023,6085,0.7272046778482151,0.6935024025736187,0.6687362670999375,0.6541224611555133,0.6471232272579257,0.634057609206378
6025,6085,0.306228112132244,0.2973152417203655,0.28584330881469083,0.2686079068515893,0.2643522876688263,0.26051060410315957
6027,6085,0.5657930726714255,0.5387169322638586,0.5241249563329431,0.5182756789362768,0.5184789596237173,0.5124914672656974
6029,6085,0.5691138994538787,0.5486226811674315,0.5331810647116929,0.5296449597569444,0.532244984452508,0.5253156802610974
6031,6085,0.5371336034513007,0.517190322044,0.5115183617982334,0.518182850793564,0.5293076900699972,0.5302990134748266
6033,6085,0.7114756932921321,0.6893065332131981,0.6774290625834957,0.6731940244679704,0.6728733527304175,0.664698508546609
6035,6085,0.5544699816389264,0.5372224366077585,0.5306975294701243,0.5371644959991313,0.5547545183691854,0.5641803263830139
6037,6085,0.789479964940523,0.761406656435333,0.7344462488213246,0.7032140161502586,0.6725657476941814,0.6565663470545539
6039,6085,0.49926435678793946,0.4839195285169089,0.4781698536707467,0.4844940436173369,0.4894038285652312,0.48476115825002736
6041,6085,0.9051968682332623,0.8692508720424136,0.8377309779016275,0.8103322915375559,0.7896959818943633,0.7651859605017104
6043,6085,0.5174099972679554,0.4893493004832308,0.480097688834254,0.49161107412960336,0.5087564942281684,0.5206533853745282
6045,6085,0.619370261876921,0.5913310534387651,0.5717417481112537,0.5639565950022717,0.5639418726309124,0.5559347459187879
6047,6085,0.47975921767692187,0.459138415370287,0.4517513368919513,0.4587421972921618,0.47144331567383796,0.4727996850234534
6049,6085,0.4478851751758064,0.43500574775768264,0.43389569493583807,0.4495945495029302,0.47564841677017555,0.49620891503225734
6051,6085,0.40079813327203,0.3625394315367719,0.33811391490891374,0.324525062077954,0.29453258558398593,0.27448312114046947
6053,6085,0.34201395542678525,0.3169749426433721,0.307236457989122,0.323769002332725,0.35043578099796974,0.3636763266695121
6055,6085,0.7569857164609627,0.7235777559191047,0.7042325187149624,0.6971051686204435,0.6965510339573163,0.68583467030485
6057,6085,0.7884820636497872,0.7606153800991273,0.7420683449001465,0.7297852609088236,0.7218836459345955,0.7121059986715836
6059,6085,0.851140209510472,0.8164551370031857,0.7868036255301822,0.7591839948746067,0.7369673827433475,0.7120292778835107
6061,6085,0.8386785032509998,0.8103059087202218,0.7896959090651243,0.7739021389473247,0.7618644874676013,0.7477350747200817
6063,6085,0.4775416406642175,0.4636842501489697,0.46067691241210607,0.4736753252222934,0.49872755851520284,0.5181785276602333
6065,6085,0.7731288184343417,0.7457992840267661,0.7248929303341337,0.706275783514876,0.692787959730164,0.6756512657267414
6067,6085,0.834912233097224,0.8104169135315035,0.7925015284111012,0.7780078568261836,0.7675357935344086,0.7524844558294395
6069,6085,0.5612052336094856,0.5410477145531467,0.5316577030331876,0.5316317702689431,0.534165223217647,0.5331091274818014
6071,6085,0.8244196962260929,0.802991275847517,0.785686268645477,0.7691883165461054,0.7556063972379782,0.7380584166838116
6073,6085,0.8293971600902431,0.7970782369835737,0.7725890920586966,0.7510231252381623,0.734912973650269,0.71661030896998
6075,6085,0.9185119955009503,0.8827428416723976,0.847683378993284,0.8148419993843505,0.787886717996275,0.7553389829956572
6077,6085,0.7164391389197631,0.6946800975337608,0.6833314981896929,0.6779133212390916,0.6768070612874715,0.6654287280295893
6079,6085,0.7990044352582967,0.7634962298973085,0.7396309530400557,0.724448951789591,0.7156901276324382,0.7020917609428781
6081,6085,0.9399168597118771,0.9057514525610226,0.8741187946502308,0.8456461042621046,0.8219024618566202,0.7937343208123151
6083,6085,0.7522535871075885,0.7202049706835821,0.699867497876388,0.6935663317774673,0.6951318338940039,0.6889359225336877
6087,6085,0.6471623882437416,0.6222108354419694,0.609673745303969,0.6128318753736437,0.6279743736299279,0.633264431650371
6089,6085,0.7147286727071457,0.6951263422491277,0.6856429904089586,0.684878420603336,0.6897599638943559,0.6894876746410149
6091,6085,0.490298869434584,0.47629469987195233,0.46955057134822603,0.473439003129329,0.48894428074104035,0.500998895101559
6093,6085,0.527047769754196,0.5143460865527679,0.5099782997733664,0.521134451765037,0.539314084473889,0.5494341202506663
6095,6085,0.793055927293259,0.7710951906052527,0.7569336065616706,0.7476322228291128,0.7436881751835885,0.7348057636683708
6097,6085,0.8695807253825502,0.8358248752584584,0.8116969850402835,0.7954606005043893,0.7856073134909687,0.7714925920574505
6099,6085,0.5929215324734661,0.5751248250778546,0.5681388103705528,0.565306467402495,0.5635641290547962,0.5564690027935779
6101,6085,0.46895334513779796,0.4547969651108566,0.4525803533915219,0.45768283861911424,0.46412383435973364,0.4622050242327382
6103,6085,0.676944488166914,0.6542562838621019,0.6411991892745988,0.6406319190572803,0.6470276469946025,0.6464070044583119
6105,6085,0.48373467258785846,0.46827851739513404,0.46073206672074873,0.46513803758067124,0.47760537123128605,0.4836059925794834
6107,6085,0.42361348733390836,0.40475286345129596,0.3927405537884205,0.3963035263491589,0.4033971821915467,0.40088227710527424
6109,6085,0.703339120156957,0.6775279665692859,0.6646928094795352,0.6604820439995291,0.6640890028896521,0.6649849102341826
6111,6085,0.7680654989928465,0.7396427586204531,0.7169520415919732,0.7003658197757855,0.6896975002496888,0.6722468747180863
6113,6085,0.7618752799794485,0.7412218335760867,0.7289456170632718,0.7281036249796972,0.7310460242212568,0.7235481302622645
6115,6085,0.6158518650964362,0.596433601262446,0.5865979696725115,0.5853726190783445,0.5898231218272151,0.586137207108378
32001,6085,0.5844407534474974,0.5704617597107587,0.5676396873073188,0.5680753749664748,0.5757266342672291,0.5806908296918583
32003,6085,0.6877740114932575,0.6410185654307424,0.6084672365784979,0.5773604911131561,0.5561797401888022,0.5334152748188367
32005,6085,0.7118630057434053,0.678770784872366,0.6627126004426416,0.6508216279522513,0.6449043522878734,0.6368446728913268
32007,6085,0.5738192482599543,0.5141834291801706,0.49790127112208893,0.4913100222556139,0.4958493999882332,0.49748659090351055
32009,6085,0.3080250251482915,0.2924379904221009,0.2856932713239202,0.27642065458371723,0.26894247475196137,0.2579714980258666
32011,6085,0.43524704290554944,0.43344865948950484,0.43940900360240187,0.44291814237295124,0.45622374783948444,0.4683368453909332
32013,6085,0.610923008675726,0.5761815568055421,0.5588366038388899,0.5462269846334253,0.5436545322442586,0.5357537466137406
32015,6085,0.3139043253281239,0.31120405000019596,0.3177878138262133,0.3259964855653515,0.3384067247686536,0.3469652383529929
32017,6085,0.4585354158688395,0.46287328813604256,0.4722023848342777,0.48044863920672887,0.4902864701035558,0.497018676057035
32019,6085,0.6812784712184489,0.6602973633461928,0.6513222000333623,0.6446134146117577,0.6453606125279978,0.6437728181592196
32021,6085,0.5308370946511166,0.5293665010802134,0.536814505594906,0.5449710703663448,0.556300953340581,0.5662916655861647
32023,6085,0.7191567508993147,0.696225334126211,0.6849674724768098,0.6723392414509288,0.6648038761733767,0.6548083658757661
32027,6085,0.6709524745253521,0.6604146590724093,0.6597455336867416,0.6578417124524263,0.6609982344753291,0.6603272618450698
32029,6085,0.6408963096465702,0.6233710565504712,0.6191017330880607,0.6149292020460132,0.616812347970966,0.6186984099652625
32031,6085,0.7490162383257625,0.7146317981725816,0.6957683668876563,0.6797497634598876,0.6725295099376908,0.6649007451426318
32033,6085,0.462080995501531,0.45395293850314755,0.4510092048508503,0.45229354867574856,0.45645112241471075,0.4581539981476392
32510,6085,0.7106074246133784,0.6830386121033527,0.6697106124928703,0.6599234766458959,0.6596468649728481,0.6577284829014393
4001,6087,0.5863378183454161,0.5922339141547811,0.6285068829190023,0.6647038616914872,0.6866490791380899,0.665821278018698
4003,6087,0.7073627478880851,0.6748746381744491,0.6435262289073589,0.61890608193347,0.6082272802473038,0.5958184502991487
4005,6087,0.7024608124731798,0.6381486444123038,0.5985360015039997,0.577512017540705,0.567365161773425,0.5397605846393936
4007,6087,0.7733793451588472,0.7269728465183414,0.6841482292608194,0.6458940021253479,0.6284885800838039,0.6165566200592841
4009,6087,0.6389167371933938,0.6184592292461827,0.600858796018395,0.5867146739396852,0.5798311122151607,0.5619024474729776
4011,6087,0.6037712473514981,0.5952122162011521,0.5794324372431522,0.5595774785175643,0.5460041089172164,0.5251190600508651
4012,6087,0.5425009359877268,0.49823020455956696,0.4640373793953109,0.4539134950237178,0.46585971637944534,0.47159047157920847
4013,6087,0.645674661053702,0.6180208174613718,0.5992110402667808,0.584285654699733,0.577738581094881,0.5590231912464451
4015,6087,0.7553849021618806,0.6927164364161453,0.643624468740844,0.6082734896564814,0.5918262509027261,0.5815564955243329
4017,6087,0.6400294852252336,0.6172155542807954,0.6103613991289133,0.6041945250526249,0.5992072187045621,0.572676750538907
4019,6087,0.560025478169882,0.5332821105568906,0.5212733293894235,0.5134323174788296,0.5131053809131771,0.4994757558557207
4021,6087,0.643359234407208,0.6118328675249406,0.5922295158417947,0.5812555320557474,0.5802798323368014,0.5606794222150016
4023,6087,0.206770505705959,0.22647998642392503,0.30219762606969663,0.41093252960830146,0.5378133866246818,0.6366956789157254
4025,6087,0.7244981204803609,0.6706474677993248,0.6263491818835847,0.5907881037095465,0.5707293133785257,0.5493604063551504
4027,6087,0.1890121298926443,0.31579230701236943,0.4732472427857027,0.6120198313418866,0.6827112129147629,0.6678033638527139
6001,6087,0.718870280811604,0.6997253453503482,0.6835575255148709,0.6657305122901874,0.6474557001013544,0.6159421180786195
6003,6087,0.19198841134467043,0.3291093275448669,0.474407273466858,0.5815548302804879,0.6159627970235082,0.5733056484988187
6005,6087,0.8676782101966722,0.804296672414533,0.7345349020262045,0.669254502107398,0.6190316642137346,0.5830261085607005
6007,6087,0.866575572478506,0.8155240337174686,0.762320508253838,0.7060037841252161,0.6530860225078571,0.5958784978589389
6009,6087,0.8508213818451681,0.7973481801355675,0.733780246059277,0.6732604786219661,0.6232714449336366,0.5851654447401837
6011,6087,0.6683946459736666,0.46016158892098946,0.24422510114287552,0.0782172466678525,-0.019607518518614427,-0.04256690572854333
6013,6087,0.7423442204992922,0.7184490947674839,0.6974638850673015,0.6759296510911975,0.6565388609778615,0.6265486869665297
6015,6087,0.7883117494942287,0.725845144474421,0.6643384624278568,0.6088393658869395,0.5582474984942749,0.5258618738387406
6017,6087,0.8473604578534779,0.7975504345588788,0.7399369223347273,0.6842971770497613,0.6341905980970318,0.5934494032212164
6019,6087,0.8267176531451207,0.7410321701017937,0.6364339923250854,0.5242576286507264,0.4333611660733374,0.394425371597834
6021,6087,0.7331070922176655,0.6807066239828986,0.6251036363077026,0.5765163540942456,0.5237917648410666,0.45672383949751555
6023,6087,0.8378652910675516,0.7634424222978783,0.6838808836257548,0.6101605548033913,0.5481951463655073,0.49729244516245247
6025,6087,0.3676607853673372,0.38358352867628437,0.45783444699007303,0.5527674798970446,0.6434618284964999,0.7015588110600693
6027,6087,0.778770538696334,0.7101620202688097,0.6458613606830583,0.5879059401325074,0.5464291149155697,0.5190149261294803
6029,6087,0.8277939278593688,0.7540915537601269,0.6613193682862566,0.5621555763694747,0.48470819322639996,0.4454309154028445
6031,6087,0.8449936596724598,0.7415558592149007,0.6094169813467577,0.48217365862520867,0.39222651295831656,0.34821559777153943
6033,6087,0.8391074116823815,0.7671929126088549,0.6878725763341201,0.6046450957926096,0.5380164451517632,0.49762091258470326
6035,6087,0.8733984410925647,0.7638778676032212,0.6207009567640991,0.4860625649446677,0.3870297978540556,0.32654504577758725
6037,6087,0.7513477436630813,0.7306505700481994,0.7169049456439159,0.6998873783457614,0.6752783658304136,0.6532790476473506
6039,6087,0.8038230454457235,0.7418393764896705,0.6698015531134681,0.5773682673689942,0.4723562063693905,0.4070202929750271
6041,6087,0.6908062499137732,0.6633375218448992,0.6387444826175832,0.6145482339503369,0.5931926690010997,0.5609875936569568
6043,6087,0.847720306602249,0.6912105574788703,0.5180330005269219,0.3807858405895954,0.2925954369038802,0.2664007368319841
6045,6087,0.8487819511800422,0.7478375624052201,0.635908086078511,0.5346840099610503,0.45719801969259793,0.40628539593790947
6047,6087,0.8516072659940308,0.7600998806020817,0.6449688480315765,0.5179438611285142,0.40756695725996733,0.33285657069352764
6049,6087,0.8576878343087937,0.7268244379658794,0.5637353059067205,0.4189127266602985,0.32091874100138723,0.27740822456355463
6051,6087,0.464958688659468,0.5090179631517168,0.54921398453658,0.5717173744647251,0.5407152703100278,0.49994315877705386
6053,6087,0.757736592738386,0.5473668640014048,0.3252438681072954,0.15574155465171247,0.06354753691439476,0.035344674598779095
6055,6087,0.7998004969963234,0.7088327905333662,0.6426694139243426,0.5986809990025752,0.5663009916334834,0.5442580868228164
6057,6087,0.8595503974621456,0.8168781560743755,0.7655945856927296,0.7101416341929646,0.6572135148446723,0.6095760369641805
6059,6087,0.7175409015935152,0.6959385751819046,0.6798953089143762,0.6629718685722739,0.6457119013822347,0.6174736923401651
6061,6087,0.8146512747503449,0.7798160283009712,0.741682704581947,0.7026347831711017,0.6668988691462551,0.6315469374748256
6063,6087,0.8819175701524864,0.7263793055520865,0.5265009205599895,0.34275613370763997,0.21755027643431973,0.16490222038695326
6065,6087,0.7229778812679007,0.699010347687169,0.6993457735753487,0.7124731819514906,0.7300094480283628,0.7334436923676364
6067,6087,0.7912267612281506,0.7626418174762695,0.7371701769875418,0.712321136040465,0.6911937538288924,0.665178882421047
6069,6087,0.8187175853971682,0.7414891108328392,0.6329213571812112,0.515303630155194,0.41347631006931745,0.3470489995030056
6071,6087,0.772795924783611,0.7640522641882985,0.7603361218058861,0.7536557337806586,0.7433154498180471,0.7185913905279802
6073,6087,0.7501603600951684,0.7269441758561138,0.7117599123147949,0.6967377125347697,0.6827849459101396,0.6595510860999001
6075,6087,0.6742234529556038,0.6548201005614803,0.6374929101673504,0.6196848506007938,0.6006298826376569,0.5646792337656253
6077,6087,0.8693531245505814,0.8029010966032125,0.7353381043625193,0.661132622429207,0.5987600292851495,0.5535390052790614
6079,6087,0.7923911520318178,0.7400562085163696,0.7023457759622526,0.6775846701355714,0.6599419905908093,0.6357060658553659
6081,6087,0.6723014807012859,0.6517687084322092,0.6308963478938491,0.6068814978227668,0.5813281251154533,0.5440356003423182
6083,6087,0.832860917835181,0.7318423539735979,0.6400901266426601,0.5791645830170274,0.5564327371471308,0.5527260426121742
6085,6087,0.6609645445425318,0.6362366854112467,0.6114072040698912,0.5842019514162317,0.558704667421428,0.5261405427850991
6089,6087,0.8841588231412248,0.816919215565799,0.7377047619752313,0.6628067522639326,0.6060625903369794,0.5659599133369883
6091,6087,0.852741942526581,0.7239945826401493,0.5474217793725941,0.3694777763591246,0.23348936392143443,0.15848638878445084
6093,6087,0.8589163313652773,0.7315149656995373,0.590037013849397,0.47698697683788116,0.4071447597959035,0.37595461184015116
6095,6087,0.8212424860886866,0.7872297359214715,0.7513507929824593,0.7161805074609324,0.6877577479534844,0.6570882729944986
6097,6087,0.7943961206385233,0.7504382487079511,0.7079765312818098,0.6690472026610692,0.6344004114860662,0.5968173078685395
6099,6087,0.8341957124352146,0.7966330851933505,0.7390901885237149,0.6536673540515628,0.5650605114804627,0.49714796518761134
6101,6087,0.830741610342688,0.7546159516751404,0.6447377814944422,0.5055428787485149,0.37970981500212253,0.29862642584506244
6103,6087,0.8705911508996936,0.8159169205781456,0.752768246372655,0.6904390781261396,0.6319373257427628,0.5759813526872677
6105,6087,0.7804773018861083,0.6545365201922446,0.503138940343343,0.3668820758478909,0.27150545675079296,0.22397856669322763
6107,6087,0.7373617429128504,0.6379658809650057,0.5356147631802237,0.44470501520272016,0.3865080884133804,0.37887499674310765
6109,6087,0.8999359535874825,0.8262329448335831,0.7393385763824798,0.6559371678484569,0.5938764700862951,0.5529237176309325
6111,6087,0.7070553291729222,0.6531127559214974,0.635550286289849,0.6531357065699338,0.688155462568828,0.7081206779287108
6113,6087,0.8592576034381308,0.7569952390181939,0.6519063291699633,0.5624563243336484,0.501032244306283,0.4709955217885905
6115,6087,0.8383872210233806,0.7758260979834833,0.6982057240535419,0.6164955349217143,0.550813701981918,0.5008240179536302
32001,6087,0.7953642151843255,0.7304323667249264,0.6626721900850755,0.6062663010810632,0.5734534634169308,0.5535528407502068
32003,6087,0.6285681757658748,0.5902319944570737,0.5647404438710051,0.5362096256681472,0.51138444533241,0.4779299513267091
32005,6087,0.7910961447384287,0.7262486801455399,0.6648352564333794,0.6071438349528816,0.560938590020472,0.5237446206552115
32007,6087,0.8131079604995839,0.7102275674821766,0.6195125936061927,0.5334846016920827,0.46886347807912554,0.41650710128939783
32009,6087,0.39076991551955914,0.39088093519497286,0.39059643041037756,0.37108841857088726,0.34859218142762693,0.31655796886573756
32011,6087,0.6716216715089063,0.6241335252678517,0.5593308952769399,0.4921266250178404,0.44414723381753723,0.40112233552658505
32013,6087,0.7245058877146751,0.6589837302468179,0.5905737936336346,0.526579475453848,0.4794179267293465,0.43526239664555294
32015,6087,0.633100335111502,0.5894995072984446,0.5384807652124141,0.48797997640914403,0.4543364912714308,0.4322891497771
32017,6087,0.6779497016828299,0.6471877898725342,0.6271918593600349,0.6076250574417731,0.5985976502028859,0.5921077137246749
32019,6087,0.8118681973505162,0.7441322202751612,0.6744769675438654,0.6131488820880499,0.5725808158083997,0.5428793783593501
32021,6087,0.6486153734076021,0.6283630319855531,0.6066190028832478,0.5850994694160916,0.5703471327408527,0.5598812458397425
32023,6087,0.6049462973500999,0.5726593462588836,0.5493299158393192,0.5264777735654073,0.5078199013293007,0.4867899828092186
32027,6087,0.7399890637541287,0.6902674834861617,0.6338978028652175,0.572600902217354,0.5209832846607166,0.47709949694353815
32029,6087,0.687519327348017,0.6336144530787686,0.583642240420958,0.5417258273103064,0.5150871207022903,0.5005347895500527
32031,6087,0.7675668695005988,0.7107235142719224,0.6565791096287762,0.6052230043822481,0.5669548099592208,0.5337287461870357
32033,6087,0.6960964096159956,0.6572254667300202,0.6123796768291906,0.5678121689099658,0.5321691297986374,0.5016148964753624
32510,6087,0.8423896153853834,0.7729273985933692,0.7024189268801126,0.6379227888288427,0.5951168295446452,0.5630207542878785
4001,6089,0.7076828002656242,0.699536992769355,0.7160728730575444,0.7486499239986472,0.7729490972688248,0.7556288865554972
4003,6089,0.7799992901620143,0.7566534762698339,0.7399791181057414,0.7343705914813524,0.7389696713763996,0.7399596227511178
4005,6089,0.7384578214070071,0.6862160022952739,0.6621809149974595,0.6636382598624583,0.6709133811339157,0.6572673710273175
4007,6089,0.8577179275188609,0.825646080513289,0.8007255823144287,0.7859532421492507,0.7860720498720668,0.7822320397305534
4009,6089,0.7786002635025213,0.7596211038740911,0.7438603799208844,0.7378605669655305,0.7343616269582305,0.7203667428241167
4011,6089,0.7257220538033592,0.7177548526563632,0.7057866844588004,0.6927265522825113,0.6808326269483674,0.664871917038758
4012,6089,0.6611881587005315,0.6335824660773022,0.6192058488030058,0.6222065124590782,0.6382936011387057,0.6461109097981548
4013,6089,0.6943166170190264,0.6706860312995268,0.6539456104659175,0.6401358993404814,0.632233308113107,0.6166406211065983
4015,6089,0.8062636267941325,0.7646910743571349,0.7358838698363485,0.719797854980518,0.7159967438320414,0.7143619339763183
4017,6089,0.7675726072285335,0.7407126129896238,0.7294968559750153,0.734802642966114,0.7433179520368245,0.7264183790863186
4019,6089,0.588018354982191,0.5640832811824686,0.5508507210235358,0.5423617805320926,0.5390423330630689,0.5253650324546761
4021,6089,0.738696077700151,0.708922486146159,0.6882124343866647,0.6773254859883863,0.6727601384228226,0.6543701435302107
4023,6089,0.42880728183526107,0.4492140255311629,0.492569787613405,0.5513959757477137,0.6150089244951549,0.6552447609075343
4025,6089,0.7805835551639423,0.7399887697855151,0.7093554510907952,0.6883110465070783,0.6788031503042568,0.6683903062251111
4027,6089,0.4214605780588059,0.49882061711165615,0.5774347445000134,0.6331959186971959,0.6519305431450579,0.6312124463205995
6001,6089,0.7784840756759783,0.7580263635080835,0.739259068565043,0.7220039873808385,0.7056272332546414,0.6806260942203451
6003,6089,0.4247874535004394,0.4997425719689232,0.5791371893569315,0.626440935441601,0.6031573999558275,0.5473061197385278
6005,6089,0.9063679649369081,0.860972452621417,0.815959381800795,0.7826551765833226,0.761915584721813,0.7485745166266521
6007,6089,0.9459118519964498,0.9003840619097243,0.8615104204482331,0.835511043818741,0.8143647770483957,0.784017800573026
6009,6089,0.9543629586139326,0.9131701370209243,0.8713027564284325,0.8403848073239383,0.8176893517230628,0.8008183409669953
6011,6089,0.5355739403328925,0.41200767463063376,0.3040882563061582,0.25586973007180397,0.2464890074488878,0.2624278492276244
6013,6089,0.7960576876044189,0.773207466066225,0.7529685752714982,0.7359269895472348,0.7210237456791339,0.6989325957759429
6015,6089,0.876197883881662,0.8338315230493328,0.7936880209375926,0.7710154386914494,0.753642375914537,0.7401646033975137
6017,6089,0.9100808250705583,0.8714821241833262,0.8330141184070222,0.8021519708089456,0.7753376347798598,0.7550711999367732
6019,6089,0.850870347333852,0.7911135040038291,0.7314860526074457,0.6866829095957844,0.6545160000480394,0.6411832809615565
6021,6089,0.8252994940798514,0.7770507490952588,0.732515849626114,0.7128745297094949,0.6971694152056246,0.6661008807014039
6023,6089,0.8992565014504043,0.8402569131309754,0.7845869426752515,0.7449710161951484,0.7178816958543676,0.6943285624587309
6025,6089,0.5992252506707666,0.6183949427078056,0.6537620665473847,0.6923067555113299,0.7359039005795587,0.7590222170530692
6027,6089,0.8612566437861808,0.8119029662930055,0.7711781475339402,0.7434117253932033,0.7282869877268905,0.7166576417249676
6029,6089,0.8511605327413859,0.7977953159626672,0.7403144766638027,0.7006127908608,0.6743270665846237,0.6595554172660726
6031,6089,0.8277472472855476,0.7536553494889319,0.6820812355515228,0.6326429129052458,0.6056512245127058,0.59546545321715
6033,6089,0.922597693149062,0.8708164991921017,0.8206782304482573,0.7803412814578536,0.7502095549369047,0.7294311408968116
6035,6089,0.8776734738565269,0.7980295926844111,0.710359801011169,0.6477298329986028,0.616349587471703,0.6049026525898539
6037,6089,0.8166410040042094,0.7980887855908956,0.7835682682941855,0.7685545474094156,0.7482989222456448,0.7325572148489065
6039,6089,0.8380672185223431,0.7938570864851785,0.7464387652598272,0.7079464511072077,0.6702261265412179,0.6413157178238225
6041,6089,0.7369629749959347,0.7106482188623923,0.6864837723725049,0.666270943447823,0.6480559373002062,0.6230442190377649
6043,6089,0.7551231218689793,0.6588731971877643,0.5681624793262016,0.5156199154748237,0.4961109308510816,0.5071757344394991
6045,6089,0.8737853797091807,0.8029998290322291,0.7313754955448605,0.6831812366669465,0.6547042397595106,0.6372183432409083
6047,6089,0.8521462037566986,0.7834351241149141,0.7159293233381462,0.6629154462669155,0.625754101138341,0.5974701812275557
6049,6089,0.8254134227687049,0.7398733894199717,0.6491265761786378,0.588225321492581,0.5617118769863922,0.5628837532437598
6051,6089,0.5826920827657672,0.5985936003851511,0.6240753198361328,0.6320449499716783,0.5885556011870208,0.5469725703375143
6053,6089,0.6308327087411505,0.5018845561234535,0.3838496119873434,0.3215688168165819,0.3114868936536405,0.32614568334480476
6055,6089,0.8267598774588298,0.7714376959151579,0.7311705759324076,0.7123105539884435,0.706719832738001,0.6973575331142953
6057,6089,0.9295074807821672,0.8931417266333019,0.8565193253113894,0.8248284289141864,0.7956713332479571,0.7705999602339957
6059,6089,0.7748750464508276,0.7538603855731132,0.7365622046832202,0.7211348495087444,0.7053126467747968,0.6822452698038176
6061,6089,0.9068406184357847,0.8766232437009258,0.8474530110817668,0.822588016305082,0.7997462210836974,0.7771838128780613
6063,6089,0.7798598390968522,0.6783554524862111,0.5657191241388264,0.48403503975665535,0.4471943146263817,0.44850659977417895
6065,6089,0.8777339849587765,0.85843563371086,0.8510148071517665,0.852212831612291,0.8572802167270349,0.8511183698513785
6067,6089,0.8695941557504745,0.8443385370304126,0.8229378177580999,0.8071095417297864,0.7934193920968509,0.7750090712020149
6069,6089,0.8449746803873042,0.7845479163007093,0.7187292520082025,0.6603169678915503,0.6148740024467739,0.5864864597915403
6071,6089,0.8892416157410389,0.8762904099811696,0.8670130850096702,0.8587635986721397,0.8477203452616177,0.8271030046637948
6073,6089,0.8214870002669473,0.8000792385704728,0.7843001939455785,0.7712912888024714,0.7588059514027007,0.739917258134477
6075,6089,0.7433132865374028,0.7218025268133796,0.7001063544629335,0.6812242836519268,0.6628563683594186,0.6333943465688205
6077,6089,0.9402138880756536,0.8897191749448975,0.8475726389202048,0.8151583168044693,0.7913090994577261,0.7674102525739643
6079,6089,0.8792999381521202,0.8397122491889557,0.8115873922158393,0.7970940758437405,0.788245185778003,0.7726042977549625
6081,6089,0.7186050943503163,0.6954901273685092,0.6723419563479729,0.6508797077967255,0.6292633583060255,0.600042564411372
6083,6089,0.8566760746734037,0.7931998639685408,0.7410685916839657,0.7176369698125935,0.7162742420017212,0.7197714498951052
6085,6089,0.7193796233591566,0.6952311300910308,0.6715295226350851,0.6491326840898978,0.6281503682453621,0.6023321764715037
6087,6089,0.8556723339064951,0.7634333162762498,0.6727618185776307,0.6126400002631393,0.5911821820758434,0.5904286353425341
6091,6089,0.7782954646446902,0.6901677196490398,0.5848865752469612,0.4984518574204581,0.45197340746345643,0.4396141128407662
6093,6089,0.8705334569949056,0.7894809365311488,0.7097933564878348,0.6655539323398486,0.6515710100935295,0.6543006643386889
6095,6089,0.8698922772688796,0.8425022756347005,0.8173254819837162,0.7986563275949538,0.7852593700428169,0.7689228155021491
6097,6089,0.8473903191769763,0.8104947963242743,0.7768016757437713,0.7515172231966107,0.7316674516890798,0.7087363890010286
6099,6089,0.9112107048686796,0.8750213459464109,0.8378770947251047,0.7979341016372745,0.7558352835774836,0.7200265817144382
6101,6089,0.8440120704807554,0.7857028976228561,0.7222236427521147,0.6594091785746334,0.6075813867098812,0.5742359007881573
6103,6089,0.9507300533100866,0.90452162387161,0.8578842343309909,0.8280614757392221,0.8063000030542123,0.7828820960868567
6105,6089,0.8014648096296201,0.7149515031594312,0.6248444936860333,0.5616994952875255,0.5313715854879139,0.5250328175700707
6107,6089,0.7635218383798155,0.6993760824303823,0.6374223085269524,0.6073681511320436,0.5969255558473242,0.6017898785392556
6109,6089,0.9379202461313101,0.8845464535760504,0.8310959791152421,0.7893887666839425,0.7640865926767942,0.7512002139896025
6111,6089,0.8328220253898146,0.8017202647316488,0.788758536920754,0.7980511564365597,0.8170021994308367,0.822713213303913
6113,6089,0.8784890678344305,0.8095597393443283,0.7481269140001393,0.7121746763766446,0.6938654004549533,0.6839564638136947
6115,6089,0.9194277598385111,0.8686562650420094,0.8166004051948073,0.7776016363684992,0.7518071956380553,0.7300853741901913
32001,6089,0.859392208842466,0.8185992714781903,0.7839096418088,0.7626505412914872,0.7578447965385603,0.759929680259199
32003,6089,0.6233123116191446,0.5932002727923315,0.5725139707264157,0.5506866759433097,0.5342843912412347,0.513250230779893
32005,6089,0.8286253236172058,0.7846272314100733,0.7501592623393861,0.7213263785054689,0.700788755233244,0.6861604437347889
32007,6089,0.80468193451373,0.7275663993310123,0.6727862846081303,0.6340931355125844,0.6129813558495902,0.6004070647507794
32009,6089,0.4844326650312212,0.4815828094805206,0.48346521915878987,0.47601461123328576,0.45891460605852713,0.44182439922183475
32011,6089,0.6999888567877971,0.6658515935467485,0.6320254250266207,0.6011533222299923,0.5874866204640768,0.5799499992337575
32013,6089,0.7461945834717044,0.6966994454593376,0.6559218850421589,0.6254989677714232,0.6106312769375902,0.5957050088284549
32015,6089,0.6824593199330798,0.6581821439859132,0.6352740865246304,0.6201225439699639,0.6162425736931539,0.6166202966896612
32017,6089,0.7968750952225656,0.7831281293755884,0.7764226686843035,0.774779728032487,0.7788696422990876,0.7805593525549844
32019,6089,0.8699209370178841,0.8250592721034489,0.7859148927317613,0.7565269901770688,0.7434990528119444,0.7368068199750244
32021,6089,0.707718287255149,0.698570793669264,0.691710563439559,0.6884424594885159,0.6896406852657934,0.6928566590884714
32023,6089,0.638309919979885,0.6164092014128137,0.6027528113225893,0.5905114311575068,0.5821252101033584,0.5722428690434136
32027,6089,0.7851951721601026,0.7491636104073562,0.7170982347549811,0.6881788511429986,0.6682652103538737,0.6520723089954602
32029,6089,0.7052301708896965,0.6718262856374713,0.6478195828320351,0.6291273241529146,0.6225912035338835,0.6227138640099387
32031,6089,0.8050633750846927,0.76421755642945,0.7304487461032924,0.7017593861452368,0.6841023464730048,0.6705855035691177
32033,6089,0.7974184363015598,0.7686753359968942,0.7390058755560335,0.7200488088122615,0.7094908968158162,0.700455024581274
32510,6089,0.8845637392663628,0.8376233990815763,0.7961910995409974,0.7644790996662963,0.7492081346595046,0.74026470673584
4001,6091,0.515021909055272,0.5460857676233687,0.5930829989541163,0.6255442783029694,0.6365612784128628,0.5937777679189845
4003,6091,0.5590992536647645,0.5248063529407679,0.4876705570523791,0.4628849551874727,0.45131181794961894,0.44215775012222636
4005,6091,0.5469470876540459,0.49935966190904796,0.46573253009484933,0.4490180302936704,0.43840301748535626,0.4093093910733818
4007,6091,0.6555409329740289,0.6105442674490047,0.5635600064534121,0.5302376437438684,0.5203756950121587,0.5185215516824032
4009,6091,0.6000695855356897,0.588566856847272,0.5753083352818497,0.5687323742885629,0.5645264957264527,0.5468782811200571
4011,6091,0.5522127164282911,0.550527389031591,0.5405201639160473,0.528517918858724,0.5203723467459939,0.5026841725346283
4012,6091,0.415639480863036,0.37400048366952876,0.3486638315983335,0.35141788685846714,0.37580029226864364,0.3925117741595646
4013,6091,0.45315547122646543,0.4481334420110467,0.447116073237189,0.45201790512706375,0.4604926111279252,0.45421470700506095
4015,6091,0.5379360396522316,0.4876584700254369,0.44131091032802416,0.4168379684733985,0.41442845754911967,0.42279784731946063
4017,6091,0.5983059205245091,0.5881385421069836,0.5820119039247905,0.5704643190540165,0.5585745044818534,0.518991642171681
4019,6091,0.3811396346093221,0.3783642002518895,0.3845947695471796,0.39564045139616116,0.40899186852134845,0.40664939939093336
4021,6091,0.5309702281489741,0.5226382240291506,0.520903620925622,0.5278885187259839,0.535529730005216,0.5212994719941924
4023,6091,0.10106919976013878,0.16349580671771685,0.28973738312323327,0.44635141027425435,0.6033111845306819,0.6988862733390611
4025,6091,0.5576581003096819,0.5146298184843138,0.4755390771490168,0.4507366040314624,0.44051179835586085,0.4326687294169553
4027,6091,0.16216652084809444,0.3462338098048054,0.5489280738680541,0.7059031072088191,0.7636371887920974,0.7163671581789731
6001,6091,0.5224383285888955,0.5265541407088175,0.5276820357056045,0.5237192798429009,0.5142097833361763,0.48925436486886154
6003,6091,0.11910915773477465,0.3225901481333298,0.5141409417932781,0.6510497725144705,0.6801068992294808,0.6193582479031645
6005,6091,0.6850346931321828,0.6207474887368576,0.5417430462762093,0.4723023736728245,0.4214247727269176,0.3941088177083514
6007,6091,0.7492315552536231,0.7026963254999484,0.6390038675305364,0.5707413071540622,0.5087282309749334,0.4491003522281931
6009,6091,0.7500391828989055,0.6889030184625581,0.6126394002648536,0.5425417141112747,0.4882556940887545,0.4558066208548986
6011,6091,0.5928160262377807,0.331596922150716,0.07040850207919547,-0.11007621566485917,-0.19916813220359642,-0.17691578713942113
6013,6091,0.5247854874028403,0.5203891138459161,0.5139243953145871,0.5049896084631094,0.4942463356641163,0.47225054776725855
6015,6091,0.6946183729089209,0.6207979863934902,0.5381598245092409,0.46727335526726244,0.4132668542409945,0.3980985499285261
6017,6091,0.6713607025972734,0.6284910680007054,0.567882607967202,0.5103592352754909,0.46217443662297003,0.43239800088274594
6019,6091,0.771603100220476,0.660267956168054,0.5223356742378156,0.3916552306069107,0.30520840842277236,0.290759825654509
6021,6091,0.7036131624328371,0.649685563474576,0.5783307383576447,0.5107299333451546,0.4334427172284315,0.3555014742072903
6023,6091,0.7394121569845871,0.6567802590558024,0.5635142498596877,0.4783622205131112,0.41486972285649876,0.37601292861581626
6025,6091,0.23561860796061773,0.2938708472051061,0.41795003198234365,0.5492244034060132,0.6617605211335065,0.7201257377163112
6027,6091,0.6397752924169728,0.5732266112940887,0.504949783029372,0.44529074791741197,0.406575918034125,0.3899072441567628
6029,6091,0.6835857188080385,0.5978783665668239,0.4860335600704117,0.38202704040730434,0.3167914749350372,0.3004798444589679
6031,6091,0.7877935770000675,0.6517828117628892,0.48356143787433165,0.33510728952061225,0.24315176286387366,0.2144918337814581
6033,6091,0.7513307140447136,0.6698787590575356,0.5712863707106002,0.47278759693354167,0.4048973310116532,0.3776974661938244
6035,6091,0.85334906061215,0.7010841554790341,0.5147335957862998,0.3495004147610825,0.23449799360513782,0.18332931367315314
6037,6091,0.5198832194149932,0.518938923885369,0.5218553829367664,0.5219296393041087,0.5139788763621691,0.4991814843673314
6039,6091,0.7326685769317037,0.6547805183983703,0.5521150588837221,0.4309133811447814,0.3205489672957541,0.27700779922062074
6041,6091,0.47024938501091046,0.4671430969179315,0.45992536036531656,0.45026833454593174,0.4379665368275059,0.41401994223333677
6043,6091,0.7034813528880951,0.5189211466760372,0.3154692955869296,0.16436725203553587,0.08137504664172843,0.08376229960438816
6045,6091,0.7345941717386848,0.6158318942810169,0.48153255163637304,0.366783002513988,0.28679855560875533,0.2536305686558934
6047,6091,0.8068144459644162,0.6864377717877372,0.533447537546562,0.3750269536078052,0.25318655420712094,0.19012743403983773
6049,6091,0.8044849439822412,0.6335501750685371,0.43332600423001016,0.26308130675090946,0.15608532525300758,0.1230829962669599
6051,6091,0.34103077249431096,0.4204839516133863,0.4829863157040706,0.5070872479352323,0.47445727068913135,0.44205814112659586
6053,6091,0.6765445897128657,0.41887870429803764,0.15835631428350808,-0.028083113455237285,-0.11861409516864334,-0.1182869246626712
6055,6091,0.5584847781539856,0.4839236345556121,0.4269111013886804,0.39065139537493354,0.369700023777696,0.3735646003691466
6057,6091,0.6992272481520116,0.6603249607897624,0.6033994409935318,0.5419294630688107,0.48575811412706604,0.4432138831131885
6059,6091,0.46912622021157774,0.47311357315693586,0.4769903809983205,0.4777506039285916,0.47335615542413206,0.45610213089345497
6061,6091,0.6351562992549791,0.6127968397541099,0.5783847188530424,0.5422171680839365,0.5094145028403427,0.48099283595209474
6063,6091,0.8124206164184948,0.602208303928417,0.35127790244503593,0.13590061014705665,0.002572309824023588,-0.03021567058590345
6065,6091,0.5172723079215614,0.5216893549199147,0.5491333042016686,0.5843350057537222,0.6172476045003462,0.6293817334489423
6067,6091,0.5866801287645144,0.5731730935849343,0.5554869062412738,0.5382906387205307,0.523724941454825,0.5051131804945389
6069,6091,0.7666393177285902,0.6637054036645131,0.5178920317402608,0.37249108906726447,0.25999037551801735,0.20343091414054135
6071,6091,0.5792089434007035,0.5907990034173852,0.6001574264213434,0.6039490688430171,0.5993820378993734,0.57799902709347
6073,6091,0.5085177371391614,0.5107275056099262,0.513321266391913,0.5141235715373577,0.5116506914094364,0.4966250073711351
6075,6091,0.48476622275653297,0.49075597785795905,0.49408686200841295,0.49279306720737104,0.4834151918211627,0.4547254814295037
6077,6091,0.7454221886989019,0.6721459493214065,0.5896627454568494,0.5043098625105652,0.44365864373413266,0.4121677356638811
6079,6091,0.5768657556505239,0.5446626928743665,0.5200235956458439,0.5065884410327653,0.4963635139487576,0.4821746297144966
6081,6091,0.4795347811047484,0.4817144721483538,0.4774180975306277,0.46607613681871496,0.4488633944884362,0.41890308583038144
6083,6091,0.593458730393945,0.4990238238392545,0.4122961291515027,0.36470131835246644,0.35698678648142945,0.37406357561609754
6085,6091,0.5082428388456562,0.5036130413397749,0.49313931144203943,0.47893330014951446,0.46356740779540445,0.4401899964659923
6087,6091,0.7778318507909194,0.604175300066476,0.415564105692947,0.2619038490001119,0.1759995410551111,0.1595199705681281
6089,6091,0.7778230645565776,0.700280121299447,0.605737534466857,0.5202496625629014,0.4589831971124148,0.425241399366488
6093,6091,0.7904749524650342,0.6297726693584333,0.45996888855570883,0.33221115388203454,0.25964930633126354,0.24422017499030083
6095,6091,0.6155804980678798,0.5914994839004357,0.5585259761514594,0.5270910547618849,0.5017868235395335,0.47666205620320723
6097,6091,0.5935386445579036,0.5670243050949944,0.5328220011016357,0.4988564074068821,0.4672465786476816,0.436232199962909
6099,6091,0.7676437671773402,0.7181477401346822,0.6339453219821399,0.5254196663696183,0.4282783643378588,0.36578024387016495
6101,6091,0.8122842272053675,0.6990675226188604,0.5414137848336226,0.3652219960466658,0.22970780692018622,0.16529218731815754
6103,6091,0.7664291166393032,0.7075912223962297,0.6349466202859522,0.5598001931957908,0.4893465369010456,0.43330160400250517
6105,6091,0.7997587935444972,0.6265321777173304,0.432210202511099,0.2669629395470889,0.1659586548623662,0.13742922791600307
6107,6091,0.6526235070726331,0.5403373262198725,0.41758215444577373,0.32157306120746887,0.275661536346276,0.2892756397962745
6109,6091,0.747720938106145,0.6661005728063825,0.5640331611642015,0.46955361209439117,0.40500751826755615,0.37246889688353757
6111,6091,0.4708049057747297,0.4463678960458392,0.46142120078798365,0.5107975079495548,0.5692207708633437,0.6088835568827541
6113,6091,0.7191405727389503,0.5986219857835349,0.47629556531846834,0.3820328874329668,0.3277033671793695,0.3215874361700227
6115,6091,0.7796653651247367,0.70412042346896,0.6030896553556041,0.5034167640257181,0.4278160935969214,0.37780749415752135
32001,6091,0.690527816826046,0.6174224956096668,0.5403839360008146,0.48342310000924726,0.4558222377572225,0.44770126598579035
32003,6091,0.389718364469142,0.37941320788873306,0.37144243263719495,0.35924716636495824,0.34855247084474317,0.3299829591042759
32005,6091,0.631401622086975,0.5752032253788968,0.5126954822912909,0.45645408728146064,0.4185748907053191,0.397471776788754
32007,6091,0.6975866725228141,0.5980614129569359,0.4890186270232029,0.39268615369588644,0.324489684520031,0.28016684093778466
32009,6091,0.39977811171436284,0.40987228601620845,0.41075286173319525,0.38623320112549286,0.3512373433636042,0.30804673939329585
32011,6091,0.5846830996918065,0.5172841351872061,0.43254144668589467,0.35160521540852624,0.2974603920369843,0.25511652562556103
32013,6091,0.6683787538141577,0.6023600200246402,0.5237090778840602,0.4556595828411527,0.41047806622899013,0.37400036137417747
32015,6091,0.57551640231525,0.5203797349337935,0.45131077230313416,0.3911335225891126,0.35440433475390837,0.33246026318615196
32017,6091,0.5456386707212467,0.514762617101696,0.4923477933624016,0.4724544922690619,0.47210362440291026,0.4700975261690479
32019,6091,0.688452997326766,0.6172626614597286,0.5399096219587656,0.47716084160245076,0.4414989373422865,0.42330655352022434
32021,6091,0.5370198896305992,0.5200656578188956,0.4947997820225045,0.47455379822753274,0.4623755339844704,0.4561385270767366
32023,6091,0.45039165668101,0.4313219853598099,0.4132382897232881,0.39860000078172103,0.3872957548267485,0.376525510052218
32027,6091,0.6250685342819013,0.5688115652128657,0.5022485570436742,0.4347158721310964,0.38579963186816363,0.34771731001284856
32029,6091,0.529485195610075,0.4786412503633173,0.43064663960617827,0.39304934394565333,0.37765207725900285,0.37652348580918393
32031,6091,0.614207362399165,0.5667019429086123,0.5139996413942776,0.46709717851682087,0.4352615727174541,0.4123119012497295
32033,6091,0.5933386135996152,0.5497186671452859,0.4947611950042107,0.44519847030734283,0.41150790313328195,0.3849291018455145
32510,6091,0.6819643539178882,0.612716658645016,0.5348635943731787,0.47059101581950397,0.4323871468240274,0.41175429068878727
4001,6093,0.6863396452682625,0.6742655083275607,0.6991327893910527,0.7516965452163762,0.7925619170724024,0.7730164318341799
4003,6093,0.7702170294583228,0.7380139538101482,0.7078937521710285,0.69656878322045,0.6946351845700708,0.687272163847042
4005,6093,0.724269038925715,0.6574708743509587,0.6189888570288091,0.6206396318815565,0.6271588838946018,0.6039392005977287
4007,6093,0.7886047598896446,0.741542062163069,0.6977200341513243,0.6714383029636488,0.6639089218835773,0.6554911654163825
4009,6093,0.7074302586711055,0.6851300637257705,0.6662991629731921,0.666910287668192,0.6689520234258666,0.655328898817981
4011,6093,0.623261053114744,0.6141530390125711,0.5999914786448489,0.5889455650990154,0.5808707751442702,0.5654288567611112
4012,6093,0.6793143977914934,0.6342406066846948,0.6021556874872438,0.6033063841011369,0.6248964599534557,0.6363681087012023
4013,6093,0.48475756244913004,0.46246372925537366,0.44882810452214716,0.44527042571869085,0.44595592796377964,0.4345491073547711
4015,6093,0.658259853124061,0.6104805433111039,0.5674431213079594,0.5446756880277146,0.5382419215544515,0.5341611262190594
4017,6093,0.7742918294018604,0.739971412969642,0.7230829232445972,0.7319071855815981,0.7431910114381685,0.7191413938331619
4019,6093,0.36451724142782826,0.34204335324732804,0.33398514934566076,0.3381802782768643,0.34481073073328433,0.3367811310565715
4021,6093,0.5584708923345293,0.5274425262952122,0.5091879157406897,0.510632064852386,0.5188547197075495,0.5067455495432691
4023,6093,0.38007576223644934,0.39304804397202847,0.4542990901386336,0.5566978026221819,0.6781533297916517,0.7722022569551126
4025,6093,0.6019880073966476,0.5547542476698424,0.51384231082993,0.49053440421822525,0.47872489778397603,0.4651477522417765
4027,6093,0.33695174371898035,0.45865705663011386,0.6034660145344106,0.7323686328383434,0.8039226391583066,0.7953181368988812
6001,6093,0.5815942332343887,0.570290390792968,0.5590114474590765,0.5517636448088431,0.5423474058009737,0.5193583210303799
6003,6093,0.27342101410874914,0.40812864775548885,0.5603228371841106,0.6721910437826369,0.6871438198328593,0.6446964211511339
6005,6093,0.7756291787427407,0.7229151846513824,0.6569520529340113,0.603985600712566,0.5631455170074502,0.5330989794188843
6007,6093,0.8770098416053719,0.8275924985249509,0.7745996012788829,0.7345190368561506,0.6946563468844215,0.643412088439534
6009,6093,0.8872805967118648,0.8385077650571268,0.7775923348525606,0.7276607771180669,0.6857584597280943,0.6527055664345532
6011,6093,0.7005895665891715,0.5044976395200175,0.3025612733620405,0.16377831127232534,0.08052611735482414,0.06066882957212291
6013,6093,0.5962744121500386,0.5797893430136174,0.56348555881643,0.5527068593760901,0.5413911450196935,0.5195148901274551
6015,6093,0.8703595638598937,0.8135162444357865,0.7480816077757529,0.6988466081009399,0.6555809098617594,0.6269944697085512
6017,6093,0.766425280082718,0.7307192180238146,0.6824734471575836,0.6389239984483487,0.5964677949651268,0.5619453552075484
6019,6093,0.8969513224522621,0.8204960115492493,0.7206962471432287,0.625963392513876,0.5481584011838795,0.5102267087849834
6021,6093,0.8723753733093181,0.8147947161861523,0.7527162475174511,0.7186935797881813,0.6811576291364535,0.623147324007592
6023,6093,0.8588651707722276,0.7914640529190466,0.7151874835139727,0.6561825855688583,0.608868105079088,0.5668836937796758
6025,6093,0.49034128350719025,0.5120400268613206,0.5720506650633801,0.6561317441920607,0.748809014109476,0.8089512872890136
6027,6093,0.8544639638396707,0.7956359412811145,0.736278740076407,0.6893045405384965,0.6573053716346481,0.63434667233035
6029,6093,0.8743322120106152,0.8086795211261378,0.7192127145686388,0.6388570522287802,0.5727242896345608,0.5371914992679692
6031,6093,0.9034652005482867,0.803371754442386,0.6786576719334757,0.5709053265722706,0.4952417985943459,0.4535899600788495
6033,6093,0.8742821195740872,0.812143911027719,0.737129562757858,0.6674849494300815,0.607913641829117,0.5687606054045735
6035,6093,0.9287001114127762,0.8221466031629949,0.6806864959545756,0.5617386467169675,0.47897691733099373,0.43033684613902584
6037,6093,0.6619693373237692,0.6488092352348309,0.6394927868215244,0.6381029894484885,0.6300725807115435,0.6153620180098333
6039,6093,0.8883386431783359,0.8377687193130935,0.7666087685246065,0.6878552105380604,0.5982913688782217,0.5340312782692889
6041,6093,0.5320326137077585,0.5143632107041269,0.496368999788033,0.48443941125192114,0.4718360779799577,0.44840015270781264
6043,6093,0.7930014155413498,0.6575491933929278,0.4986506502021967,0.38077065170808755,0.3070891652411186,0.28819468759278394
6045,6093,0.8899527162923839,0.7997223041932093,0.6931474636056727,0.6098419004605848,0.5465815008292177,0.504966418639444
6047,6093,0.9252072601219098,0.839925987435702,0.7326189743678526,0.6258204322093736,0.532788490534773,0.4616977479295973
6049,6093,0.9100528009496563,0.7865974172210576,0.6284124197760856,0.4979976139079573,0.41296479543930065,0.3761543775925895
6051,6093,0.49941548238115346,0.5595002518667445,0.6271391598189741,0.6558626462780573,0.6154212193605665,0.5697711430324796
6053,6093,0.7833850129212807,0.5849490884387403,0.3759677145675327,0.23048385615790115,0.15557900652936918,0.13528894093490415
6055,6093,0.7108740134231947,0.6401184476058092,0.5822881682817218,0.5499790253397775,0.5306661923082491,0.5134781100390315
6057,6093,0.8076452712949671,0.7739768313853612,0.7281624585470351,0.684757620983135,0.6396539325783854,0.5984882321935914
6059,6093,0.5740084808865449,0.5631273575114404,0.5542912158600797,0.5499749947824396,0.5418323589732985,0.5220148559559388
6061,6093,0.7399490215513989,0.7139203955088871,0.681372482459647,0.6530066840848316,0.6240698265390788,0.5945730647304212
6063,6093,0.8680435966804927,0.7226763222999377,0.5286208067194732,0.3604547432637868,0.24977860499922028,0.20519468123233314
6065,6093,0.7138045798694693,0.6970912697115573,0.696205044787733,0.7131098527295084,0.7373645567812107,0.7472415306503969
6067,6093,0.6862431775546208,0.6639125403059232,0.6412253350689289,0.6269597702668993,0.6135348949895025,0.593964061602267
6069,6093,0.8937845227299871,0.8240027995117097,0.7257571679812314,0.6230574261114926,0.5296611652051438,0.4635829180437303
6071,6093,0.7054872944122751,0.7010595450240514,0.6988533327190165,0.7012452010385027,0.6979860268288584,0.6794889880640662
6073,6093,0.6331773386590895,0.620545212687773,0.61117294998537,0.6072195388737318,0.6008045164201415,0.5838343352501907
6075,6093,0.5838517633713806,0.5725234079173325,0.5602076051378994,0.553819488782123,0.544704939824159,0.5186309604386264
6077,6093,0.8835413498963459,0.8224272161707319,0.7602177877684003,0.7027913178114237,0.6525203912119969,0.6086189858349051
6079,6093,0.7321962599929179,0.6916740735668738,0.6601996578670111,0.6480387591749105,0.6397998985116734,0.6223526243105236
6081,6093,0.5160948889412466,0.5038808864564355,0.48924408574574335,0.4766948250705028,0.46039154518892855,0.4318787404295201
6083,6093,0.7549198669582903,0.6667027288324615,0.5819343188016973,0.5360335617639267,0.5217291819251133,0.5246356840732794
6085,6093,0.5377872834858218,0.521474156279786,0.5026698323702844,0.48592093571146905,0.4684881828787714,0.4432222251351627
6087,6093,0.8734199325654182,0.7430470578322546,0.5914146930637789,0.46916785099104075,0.3946964293530694,0.36200657889897275
6089,6093,0.9001874381432516,0.8369651949688656,0.7591976825380745,0.6954450315776866,0.6474028308852294,0.6132589992698244
6091,6093,0.8717133041206044,0.7525230958676649,0.5806601956607833,0.4178897809154454,0.30075619704753115,0.237270907180786
6095,6093,0.7217902361956908,0.6956128852511967,0.6634898632531465,0.6395798274112218,0.6195643849520069,0.5958561331913135
6097,6093,0.6737922406200059,0.6403155646749757,0.6028677521161189,0.5743409869241805,0.5484794289164088,0.5178642181459162
6099,6093,0.9114281023222075,0.8783078613104699,0.8272178681485008,0.7592723674817231,0.6817029729687787,0.6140281939320114
6101,6093,0.9225529043068116,0.8523145120500509,0.7516575097709339,0.6302440801525301,0.5159279967047606,0.43754847680336456
6103,6093,0.9003602964469953,0.8485209922375792,0.7852588104050247,0.7360759330961726,0.6894630980120952,0.6418958773261891
6105,6093,0.8876989013817529,0.766681337479584,0.619065838172216,0.4970811015155946,0.41627859437140846,0.37722028973477967
6107,6093,0.8436722939541548,0.7537984918212204,0.6496599296891364,0.5782983230146069,0.5342075722970187,0.5298509954776993
6109,6093,0.8815479830417996,0.8197089834563853,0.7391858989913246,0.6679330869863708,0.6149503029153961,0.5803316508382128
6111,6093,0.6804486114820189,0.6381584006985708,0.6219765722018069,0.6463856478312083,0.686477970422802,0.7140710907490481
6113,6093,0.7868683979398208,0.690969514002375,0.5924548908778454,0.5215993723262586,0.47311236326860207,0.44717967080261234
6115,6093,0.9207445149615967,0.8606606198120709,0.7823871088668074,0.7157468122014349,0.6613049086595445,0.6160653004083846
32001,6093,0.800415863473454,0.7441708639071347,0.6818869023382901,0.639279815794444,0.6174614665123859,0.6036650804996878
32003,6093,0.43616756795403744,0.4161274262126004,0.4024339843030715,0.3878040873078533,0.37145618701478966,0.3474378330634893
32005,6093,0.6829809440391323,0.6360199857025707,0.5865175124508762,0.5418574518621669,0.5025516039085984,0.47115641946842984
32007,6093,0.7905016929759647,0.7095804903972626,0.6240795143717812,0.55743059576058,0.5057989328390732,0.4623337020332078
32009,6093,0.5108554980682489,0.5142928766526775,0.5176092306806204,0.5066170797538416,0.483207104257876,0.4490375568919439
32011,6093,0.7114863324927011,0.6676083369953443,0.6038409784431621,0.5514859433140713,0.5162409287667534,0.48054848567679037
32013,6093,0.6781285679438124,0.6189714090591655,0.554174354043163,0.5056985253763291,0.47339242574224827,0.4397933518192777
32015,6093,0.755619853869871,0.7153867279735442,0.6622862661320844,0.6206419688541048,0.5960144548650259,0.578129513359571
32017,6093,0.7783624930408891,0.7524033764653324,0.7292147858357566,0.7192128969403941,0.7158241606356015,0.7077152750650174
32019,6093,0.747431383221047,0.6913607144519835,0.6266253102478204,0.5765675773117546,0.5463926611082278,0.5239662382950648
32021,6093,0.5866619255074552,0.5754353250861407,0.5570507035651862,0.5450982131133949,0.5367305617439231,0.5299345875251475
32023,6093,0.4248669090693233,0.40304888208353556,0.38507096019467263,0.37156094831111836,0.35968440181901334,0.3459756913543618
32027,6093,0.6476005972058123,0.5996700276443101,0.5448855319800235,0.4953220003431558,0.45357457005922,0.4150728742346696
32029,6093,0.5352845883702806,0.49341341937477057,0.44874811441890405,0.4153185434482181,0.39736260157647374,0.3868249571298396
32031,6093,0.6404523040875133,0.5981479887721312,0.5511997784466177,0.5115436025588627,0.4809907879397184,0.45410168478694674
32033,6093,0.7971415839972478,0.7598003376508623,0.7126762592452721,0.6794463625242338,0.6564300609954513,0.6351174358981181
32510,6093,0.7801413909827606,0.7245463872405895,0.6594806501242804,0.6078533606855118,0.5740224328057457,0.548428280203071
4001,6095,0.6241279359455914,0.6067220256846342,0.6042320009497072,0.6140113684166087,0.6287532750672526,0.6154189187649393
4003,6095,0.6749037681970462,0.6480727161452631,0.6298457527556899,0.6193104951689484,0.6201017717224102,0.616691317387939
4005,6095,0.6964655336590301,0.6393338598078973,0.6085080984087311,0.5967326647954471,0.597656995717505,0.5812642712216198
4007,6095,0.7692287984999397,0.7380781755487661,0.7152214183722789,0.6979749893970463,0.6936779316541031,0.6809571139081048
4009,6095,0.6666836608734172,0.6409083263232138,0.6153575216322869,0.5956143158625443,0.5836895920763434,0.5629378136077299
4011,6095,0.6471937587431944,0.6328951713885459,0.6122056132389652,0.5884733465302686,0.5688684064285698,0.5460260929515578
4012,6095,0.48377088744526603,0.4602894621381693,0.4446268381931248,0.435026012840635,0.4328897426151653,0.4246277197189367
4013,6095,0.7985780134910603,0.7547886726478092,0.7185293043208324,0.6845276620415883,0.6615105231270336,0.633686535688476
4015,6095,0.8419118357570038,0.7867511530117878,0.7533426520559262,0.7291600356456817,0.714262861884703,0.6973582311011285
4017,6095,0.615667659191012,0.5859151008992709,0.5682496187424662,0.5627661906850174,0.5670040770464362,0.5517916065678558
4019,6095,0.753295576901084,0.7087635275671733,0.6743100638882829,0.6439814207345185,0.6257485038679717,0.6005263780319554
4021,6095,0.7553565543734859,0.7105885789243671,0.6736587593984035,0.6426344270193198,0.6246295945998771,0.5961692119223957
4023,6095,0.3930615560822499,0.3934027311710243,0.3969588036947208,0.4041560125183219,0.41992677512599913,0.42697933705279434
4025,6095,0.83068015898897,0.7792402665072711,0.7421330636494282,0.711543862082757,0.6935914386900573,0.6727249840601447
4027,6095,0.3503599048269313,0.367895421439366,0.38463582044189104,0.385905280652677,0.3759841538002392,0.3601936943489167
6001,6095,0.8983913308031621,0.851118974008353,0.8085917835444169,0.7692594982241113,0.7375219007839288,0.7005163161847562
6003,6095,0.3941817231325477,0.3892671251882276,0.3910775658530756,0.386622980549994,0.34823579281415296,0.2993994730951602
6005,6095,0.9289556816644978,0.8796790092374793,0.8415194346630316,0.8119496531308037,0.7944077670448259,0.7778739513695282
6007,6095,0.8494078019822217,0.7990372092198743,0.7637739151277328,0.7416925329735685,0.7287573551871473,0.7039945864549311
6009,6095,0.8345756827612444,0.7942473187935764,0.7609786919123727,0.7371302215505559,0.7212664095873602,0.7046663107881045
6011,6095,0.37239296946678757,0.31475255442931493,0.2742965835407223,0.2762301501792008,0.29789816498011484,0.3087608623876696
6013,6095,0.9211320611510079,0.8746115720656962,0.8340596416903551,0.7981488853877713,0.7702647644411986,0.7369761703729129
6015,6095,0.7052742437652384,0.6701685500840545,0.6429562822948516,0.6308077344165282,0.622920903788004,0.6086480026932147
6017,6095,0.9238774596267486,0.8702813621299957,0.8274151045835626,0.796398172942136,0.7711397934209311,0.7467197790566439
6019,6095,0.6883557727196732,0.6450505984166894,0.6106128930273783,0.5901444903413477,0.5761097066556112,0.5613570392794153
6021,6095,0.5839442786405622,0.5411565374186,0.5086246144337024,0.49919842624884775,0.4998873302096437,0.4855040907327994
6023,6095,0.7959875452149722,0.7382344889557547,0.6907356151916566,0.6568701682844679,0.6363535351003373,0.6122555444932892
6025,6095,0.546241438470762,0.5353733559738725,0.5282410661002018,0.5159030976559945,0.5176772091433216,0.5166503600293398
6027,6095,0.7198225452833463,0.6687980693078246,0.6329340737120546,0.6095719412567253,0.5971919995323494,0.580878393961969
6029,6095,0.7266869451685047,0.6794408755255288,0.6339317030631199,0.6062109734457262,0.5916225788662864,0.5728664790355279
6031,6095,0.6641795583036189,0.6133727815169651,0.5757344219044244,0.5572613088001702,0.551393909965834,0.542101411524755
6033,6095,0.8070646259911847,0.7589262487969436,0.7221616940709358,0.6957401863840041,0.6779211860277721,0.6565713968769135
6035,6095,0.6782055860636876,0.6308612441901781,0.589350333882116,0.5658870214848057,0.5634142496926126,0.5612702747314369
6037,6095,0.9203183703346841,0.8764227455215146,0.8359313186337024,0.7919342781848135,0.7486646450596701,0.7216568660735774
6039,6095,0.6482925100062439,0.6139508171386242,0.5845902784427818,0.5696695784192991,0.5570713670134853,0.538573495853519
6041,6095,0.8674115458945838,0.8127266124039684,0.7645555575485764,0.7225758899111813,0.68995527554641,0.6526604664967848
6043,6095,0.7313984230339172,0.664064483610886,0.6151014973016208,0.5976350741691553,0.5963316893204694,0.6005943902279632
6045,6095,0.7295688258415023,0.672597107639882,0.6236849777851597,0.5913084311350837,0.5748658447622875,0.5556572325995686
6047,6095,0.6634128698873545,0.6147058092777152,0.5772963824927133,0.5580265389257673,0.5514242686214322,0.5380724423164694
6049,6095,0.6370314802604219,0.5890527253392744,0.5489243793809185,0.532028691273346,0.5372031608757378,0.5470066581487331
6051,6095,0.5985134888064996,0.558311226340353,0.5339182208230653,0.5204921226976881,0.47365422325891454,0.43236497183171146
6053,6095,0.473614905584965,0.40336577302977117,0.3485495999636754,0.334459898507397,0.3492234105451217,0.36151983595211407
6055,6095,0.8903773899410451,0.8279685532441851,0.784068422741769,0.7574160822640501,0.7438226842761839,0.7206729806678605
6057,6095,0.9218743608858218,0.8723921702084042,0.8328424515154835,0.8011969179740809,0.7752381475566588,0.7487991732428599
6059,6095,0.9035296458411167,0.8522407180975343,0.8080194853897007,0.7674081566482119,0.7336445054632561,0.6961612978149961
6061,6095,0.9141628958526153,0.8666514424899234,0.8279310560355431,0.7958668331458648,0.7695785058729119,0.741545932755888
6063,6095,0.629169765278599,0.5767830179494232,0.5294568342943339,0.5043074961274743,0.5056079050828471,0.5155257360595265
6065,6095,0.8742416588841933,0.8316906667793823,0.799329406928636,0.772724259372212,0.7537081654096445,0.729444533939186
6067,6095,0.9456141479278136,0.9021982080517924,0.8669460356374608,0.837220953246923,0.8136342056869952,0.7849330975248596
6069,6095,0.6309995747653507,0.5848639709985207,0.5468502602995516,0.5200641618664918,0.5013421209879001,0.4843218497778456
6071,6095,0.9347654456230403,0.8990518145295716,0.869427411653333,0.8416784317234538,0.8174580585356224,0.7872427623567457
6073,6095,0.9230405931218632,0.872861025228286,0.8329768754363681,0.7975607139837998,0.769146420293256,0.7375663008618016
6075,6095,0.8132322663620685,0.7617954321127148,0.7129968073530164,0.6684094356331145,0.6316430476580782,0.5875491981020925
6077,6095,0.8471918471552792,0.8002932818200923,0.7656906893095261,0.739914601824715,0.7235225218776891,0.6987632158512788
6079,6095,0.9011926517352413,0.8429006035121875,0.7998583650465333,0.7690908958786733,0.7485893162516428,0.7218731650396117
6081,6095,0.8431243591468153,0.7923869185000506,0.7459228527264729,0.7042366971308435,0.6691355780334718,0.6289184734485073
6083,6095,0.8857479328726544,0.8223199323716897,0.7734151518844138,0.7468797973652881,0.737793181302971,0.7239971106579731
6085,6095,0.7736122015683866,0.7277580193143481,0.686308791284944,0.6481416278666227,0.6162126204850783,0.5806647960753796
6087,6095,0.7799868625852638,0.7174898930668682,0.6665484801918775,0.6391725490232373,0.6365996809509495,0.6330568295933805
6089,6095,0.8469252211502846,0.8023428768771942,0.7676540550820781,0.7450571413187238,0.7335281133134187,0.720297624950602
6091,6095,0.5918009366150146,0.5475564575708407,0.5043359344137499,0.47481453324570627,0.46854671461181086,0.47236091440890027
6093,6095,0.6871756066314401,0.6408724912549895,0.6020615421029673,0.5871617453544126,0.5902929548576344,0.5926251801205386
6097,6095,0.9136309709390237,0.8578873500373153,0.8135192459691851,0.7793611593859456,0.7551460712343546,0.7267620236587442
6099,6095,0.7368925282252031,0.6991089711407928,0.6714035388738974,0.6476422780303259,0.6260685918393288,0.6014119144162946
6101,6095,0.6151742136762198,0.5767314852745509,0.5475335212841318,0.5250199435747959,0.5089022131423055,0.49049087640295713
6103,6095,0.8262263439738005,0.7805367691299178,0.7432686304545524,0.722717701945169,0.713095499300864,0.696923982895179
6105,6095,0.5550453264621369,0.5087064908818528,0.46773351646083,0.444480716661163,0.43984011028639153,0.4375115795084262
6107,6095,0.5921671019075394,0.5486661412481068,0.5095407989741308,0.49433255140789123,0.4920874902301056,0.4868592604208093
6109,6095,0.8856543944012434,0.8312412799854729,0.7900041104292215,0.7602652864780705,0.7433613563456497,0.7285644005413574
6111,6095,0.8743280273724892,0.8257537522843843,0.7889061110293345,0.7647687098038778,0.7520201945505622,0.7298812172516941
6113,6095,0.8489083828070562,0.7987875066156289,0.757913354824735,0.7355503668434724,0.7253120595249182,0.70902824593477
6115,6095,0.7386227253081271,0.6955461516140896,0.6610748798760805,0.6384026504401012,0.6271664628023272,0.6113043003821185
32001,6095,0.7621205520033082,0.7267331570868163,0.7046775057362674,0.6886468217342122,0.6855830286864535,0.6831066527821494
32003,6095,0.8097398373399143,0.746622735495913,0.7017214849863492,0.6585881895007967,0.6272860610010975,0.593733224684569
32005,6095,0.8625615774235673,0.8082331278607585,0.7737912422339677,0.7452958352184441,0.7257086370359167,0.7065100285759315
32007,6095,0.710320928508766,0.6209115614569862,0.5798821506370027,0.5528562991838125,0.5428484115526099,0.5333623731610407
32009,6095,0.3457538347067184,0.32830771476062864,0.3201860833144026,0.3079416437139344,0.29525295358327375,0.2785447519068511
32011,6095,0.5455566294008586,0.5186579002046008,0.5028254829251888,0.4853313428307987,0.48113531441551904,0.47990607083898273
32013,6095,0.6638653474846258,0.6133160175515432,0.5822912960726764,0.5588045544446905,0.5510487550800486,0.5388490745692076
32015,6095,0.4947039646246085,0.47657433789211534,0.46755769327658886,0.4618193077876552,0.4646475566011077,0.4660799353234603
32017,6095,0.6629481089308552,0.6492292546298242,0.6434605335357703,0.637178158611247,0.6355561326438851,0.6309590869727619
32019,6095,0.8404145108124774,0.7975347563825472,0.768619967058556,0.7446755392573646,0.7336285497039566,0.72259541403564
32021,6095,0.7060025714130872,0.6916187340247242,0.6859923581146137,0.6817546491868912,0.6825664370488937,0.6829443853833718
32023,6095,0.770786768122814,0.7347006921855538,0.7127617890333777,0.6904261856935249,0.674530989646732,0.6567126628331622
32027,6095,0.7520233304683902,0.7218756738107022,0.7037111673886662,0.6849813096746137,0.675033795944266,0.6629104890480657
32029,6095,0.8028777402755733,0.7659995757102742,0.7451810035500345,0.7269823963883311,0.7185702006410234,0.7120753818936615
32031,6095,0.854321097919747,0.8003799642757683,0.7646322238995709,0.7331447169873592,0.7143806564280673,0.6970284849641433
32033,6095,0.589733916151286,0.5664005560407215,0.547058520146065,0.5331216034177506,0.5256163912060197,0.5165463876369623
32510,6095,0.8571435010339378,0.8060340004409232,0.7714976679492992,0.7426344210661123,0.7292080110205471,0.7160215409915227
4001,6097,0.5139898371199644,0.502592184058179,0.503658182913088,0.5162030976097882,0.5357348559886369,0.5276940753439509
4003,6097,0.5839037628425753,0.5634318829556729,0.5501264595142458,0.544371324217724,0.5532599953033422,0.5562500827888973
4005,6097,0.6289070852249278,0.5759220672789782,0.5482849060903554,0.5399707813077137,0.5485812367792932,0.5379965992489565
4007,6097,0.7475892627257035,0.7227625420918828,0.7040909660792928,0.689538458597647,0.690398988086315,0.6824080316881864
4009,6097,0.6323903177451402,0.6130000714398325,0.5897939183273466,0.5710465175373003,0.5635097848960408,0.5465483754993228
4011,6097,0.6476613617623023,0.6391853939308586,0.6209302085720851,0.5988091769132176,0.5823890386469646,0.5619886742936466
4012,6097,0.4413446309763435,0.42405040433010793,0.4125515140187348,0.40888887407372526,0.41541338258042904,0.41433170618430676
4013,6097,0.8687721742027055,0.8298997813072498,0.7962917486356353,0.7641691571224932,0.7452539213455737,0.7200720425824877
4015,6097,0.8362109857504693,0.7856828247570721,0.7562652928035875,0.7364799490916477,0.7289223840837649,0.7186313460153415
4017,6097,0.5198553092143645,0.4950990662878765,0.48028041119070697,0.47728807643876653,0.48692492652373603,0.4768703921834517
4019,6097,0.8160647684556191,0.775716323622354,0.7436397422286779,0.7141938911773406,0.6989121957827659,0.6753314288066581
4021,6097,0.8230376217917911,0.7815382357012777,0.745689093690827,0.7153470247622703,0.7001969174058015,0.6734513747334021
4023,6097,0.2664031726383306,0.27300605356143315,0.28048426756893186,0.2886143334882012,0.30484585511557377,0.3122373010373469
4025,6097,0.8694584680607512,0.8218636874855133,0.7873725378847036,0.7597977222007904,0.7473912581226946,0.7307991175360616
4027,6097,0.2514562256017069,0.2715519576767738,0.2894204639084482,0.2907029339273557,0.28026982479653906,0.2618896904717374
6001,6097,0.936429051804023,0.8950168223899437,0.8573545598230954,0.8219017701750169,0.7964894023562764,0.7648287512358604
6003,6097,0.4097864530295266,0.4127008523566596,0.4201516504423482,0.416580914431051,0.3770086742555056,0.32901705300908096
6005,6097,0.9275783578531129,0.8815196581437797,0.8485412562775871,0.824148148273818,0.8151329701785603,0.8059772360909858
6007,6097,0.8395186604175091,0.7942270750042797,0.7641946782897932,0.7471214318878854,0.7418134757233814,0.7237717640507222
6009,6097,0.8113973121514217,0.7754384852370246,0.7472522403343876,0.7286785064568683,0.7204447103782388,0.7109728152124467
6011,6097,0.32056119913397396,0.2639623735937907,0.2298586333621152,0.2389092459776863,0.2673409728461644,0.2862908375518762
6013,6097,0.9513327050204942,0.911031150591804,0.8760121607716175,0.844745796488434,0.8237493357202881,0.7962368284720721
6015,6097,0.692261425430575,0.6601615118148142,0.6402485434942846,0.6321509190412993,0.6294833754262826,0.6218917017085785
6017,6097,0.9300643700501429,0.8803663363430293,0.8425844910907454,0.8167388646764837,0.7990323507481296,0.7821002156608956
6019,6097,0.6369154276602895,0.5984799123671768,0.5706854843517154,0.5532062349552848,0.5448061152900022,0.5382984302434015
6021,6097,0.5514809230517164,0.5098941193372241,0.48114185867521675,0.4764210199490107,0.4834067704484206,0.4747333484003005
6023,6097,0.7990357135852337,0.7439184746227833,0.7004576049147049,0.6714071873440988,0.6579444086576773,0.6405415547608223
6025,6097,0.46849329547074003,0.46241950653986613,0.4609154740257296,0.45203798175097953,0.4567613852553236,0.45579477004550706
6027,6097,0.6873849583244456,0.6403101488348348,0.6100867127999596,0.5918336413362497,0.5866372519787719,0.5775876484718486
6029,6097,0.6795126585648622,0.6397384218478793,0.6031360908832393,0.5803022432545945,0.5722460065261656,0.561554693200451
6031,6097,0.6134189139131591,0.5669955027571414,0.5331365001208197,0.519116389719933,0.5227964694089624,0.5238932503929494
6033,6097,0.7852454934728887,0.7425530601725517,0.7119784768442413,0.6909398683100884,0.6809846561529049,0.6676635820353325
6035,6097,0.6546542912431869,0.608221612451365,0.5712344322653337,0.5538733539158092,0.5608040495377139,0.5670928847133293
6037,6097,0.909042027430613,0.8721918317635049,0.8375683924093146,0.7965657381601096,0.7572477021567432,0.7373531034331484
6039,6097,0.5982894057676191,0.5670626946668624,0.5474824045832652,0.5369723969677005,0.5271891541872354,0.5144925771700677
6041,6097,0.9243730933117268,0.8758993516780355,0.833051495968208,0.7953520734162031,0.7695071670330043,0.7383792144643964
6043,6097,0.670219946453652,0.6033332981818045,0.5590628193729913,0.5477995726734387,0.556638682948482,0.5701140246642595
6045,6097,0.7206380782962789,0.6658729513401699,0.6221285522980471,0.5962603392361657,0.5885699578945283,0.5771822605092943
6047,6097,0.6005803415599689,0.5558628418555543,0.5257027113496514,0.5107173878343072,0.5107625224978448,0.5054852888094664
6049,6097,0.588835199266516,0.5438654066097222,0.5088543393074344,0.49772275993560006,0.5114741195342021,0.5306595399676762
6051,6097,0.5346411619293107,0.49764803203595637,0.4782552745860011,0.4655127105298672,0.42093817341564027,0.38708867990742635
6053,6097,0.4360977473653878,0.36560609677228256,0.3149266068298362,0.30902858400242283,0.33342462050217286,0.3537048185439068
6055,6097,0.8810706365373393,0.8221037898757211,0.7864659285790694,0.7670942044692426,0.7612340634208025,0.7452227045863241
6057,6097,0.9110745909094263,0.8662477916528898,0.831536481630483,0.8046304499018399,0.7864967281105877,0.7677247337926442
6059,6097,0.9399835341979211,0.8948668602702087,0.8564562523194678,0.8201530168878557,0.793005084153821,0.7611227645183937
6061,6097,0.9394059128136305,0.8969055636339146,0.8632199592498985,0.8357395548093234,0.8162316038656167,0.7948790094820491
6063,6097,0.603517355144305,0.5520488267902098,0.508869553487859,0.49017068051826923,0.5013967987064649,0.5210261766006367
6065,6097,0.8760269121859932,0.8392411275092492,0.8137309938518678,0.7918788827076394,0.7795502590078613,0.7614057558889848
6067,6097,0.952385444441101,0.9147724567266062,0.8852176167235248,0.8601236094016823,0.8437819970930217,0.8217389673516079
6069,6097,0.630810687116626,0.5883269971156064,0.5550729186660538,0.533214078916189,0.5219780069531594,0.5130997400097871
6071,6097,0.935853969305174,0.9065418966082476,0.882906484709529,0.8595893870981745,0.8423840733990445,0.8185875321805899
6073,6097,0.9403627211175483,0.8961959562651358,0.862370949566806,0.8316646045620497,0.8102566118009786,0.7852362161926368
6075,6097,0.868550592390916,0.8238863871086431,0.7805657636047619,0.7405130539099279,0.7107537042773214,0.6721022216827465
6077,6097,0.822488773585369,0.7817461497459856,0.75492241026245,0.7345998500542745,0.7255677296460906,0.7079180761663132
6079,6097,0.9090733860592087,0.8555005883437349,0.8184315818932488,0.7935764726577086,0.7810914962551693,0.7616935592854731
6081,6097,0.9110207283654294,0.8662912565527019,0.824656783700146,0.786989708291191,0.7579546201956082,0.7228680548382138
6083,6097,0.8812730212550269,0.8231870270723636,0.7810425248302273,0.7606702014523136,0.759959264226019,0.7541815461029489
6085,6097,0.8653683444172561,0.8247602213035247,0.7875828545375555,0.7527196761996491,0.7260417249686154,0.6950565934161823
6087,6097,0.761118080077316,0.7008939402796304,0.654901714598459,0.6347670173650246,0.6412979016826431,0.6456651359426742
6089,6097,0.8334853732564306,0.7927178242549199,0.7628261459930537,0.7455798169454678,0.7418740468464742,0.7365301467806586
6091,6097,0.5676197914966182,0.5211922229616347,0.48001855105271285,0.45572450598691255,0.4577862275027706,0.4678099879038156
6093,6097,0.6449763836051021,0.600588566862428,0.5676055303746707,0.5598340510957465,0.5720240472716779,0.5830068472651432
6095,6097,0.9295544258936098,0.8919725189984564,0.8632643744747075,0.8409434917474286,0.8297902768868514,0.8128722299205768
6099,6097,0.6938532314968046,0.6620628354177912,0.641113728109135,0.621240634670249,0.6060354645228915,0.5890910869467235
6101,6097,0.5724165292797784,0.5374566127892529,0.5148867142594415,0.4964153446552562,0.48538394439245086,0.47487036888916245
6103,6097,0.8092565510277248,0.767332783767555,0.736117994117501,0.7213595937640491,0.7191749253488643,0.7108308524206625
6105,6097,0.5352245903545312,0.4892698937317166,0.45186997983465754,0.43486133335269167,0.4385975453924141,0.4439653252348475
6107,6097,0.5224730397868269,0.4825940447025736,0.4498917462744054,0.4387146448892629,0.4417926095066039,0.4441724918391079
6109,6097,0.8497328858696529,0.799678158381156,0.7632585570096183,0.7395094091410956,0.7321076176235304,0.7265620184139328
6111,6097,0.8640865483749145,0.8205638309457827,0.7912538467189689,0.7731502628593482,0.7680195383900085,0.7516330088763057
6113,6097,0.8632133850020688,0.8174757284172307,0.7829129672970337,0.7659043316342892,0.7620836216925687,0.7522420414508978
6115,6097,0.7039702535276344,0.6651916219978533,0.635910005577886,0.6180874868965796,0.6152846928851953,0.6069322134593628
32001,6097,0.7249692087616995,0.6938080918821781,0.6751383228343386,0.6633956143407904,0.668971131159096,0.6727040521158693
32003,6097,0.8277450522720214,0.7673715076631655,0.7253616821294282,0.6852332895109313,0.6588644938916455,0.6284544921766566
32005,6097,0.8528472874474342,0.8001466169924298,0.7696533348887502,0.7456185322985248,0.7323800579524274,0.717888835877246
32007,6097,0.6855499723769239,0.5954973105515095,0.5593427198401428,0.537511873140965,0.537582830132574,0.5356071233760218
32009,6097,0.3111997164070985,0.2973500819394119,0.2913406457464564,0.27912898432978256,0.2693258810592931,0.25698540945411197
32011,6097,0.4904673011011098,0.47197175316140266,0.4618625278620102,0.4492906352090131,0.4567533766416208,0.46173451679439886
32013,6097,0.6676141232455921,0.6168310700819054,0.5863808035205532,0.5635172461730438,0.5610927568275147,0.5524564695526882
32015,6097,0.39862918578364764,0.3865782436034948,0.382792252641541,0.38195217735152454,0.39383211910930216,0.40201352632632364
32017,6097,0.5856306460658414,0.5796547030775099,0.5808596797556567,0.5817476274022454,0.5898189904144331,0.5925973574921848
32019,6097,0.8249956503401373,0.7856475763620654,0.7602361453336489,0.7403757488504705,0.7376064404621903,0.7326146145528049
32021,6097,0.6573992864437793,0.647357369299464,0.6461267371220332,0.6448302476404927,0.6515018570165839,0.656676306992933
32023,6097,0.7991820307598155,0.76627939840003,0.7489982922378019,0.7301533507804912,0.7192051742743485,0.7051735856956342
32027,6097,0.7678588369670216,0.7421308137969483,0.7278120588719061,0.7125313453653239,0.7085752377531822,0.7012696953783062
32029,6097,0.7923955604065537,0.7591121029714166,0.7416517330865118,0.7263824232481333,0.7234229085320398,0.7218493767431775
32031,6097,0.8732931370479422,0.8216862835346664,0.7890396889765764,0.7608064716718554,0.7483717408355179,0.7355787555455274
32033,6097,0.5720178940787383,0.5544333693697157,0.5411242763928755,0.5332845563442249,0.53510553028723,0.5339327081359344
32510,6097,0.8493911968510879,0.8030207757204765,0.7728619143112692,0.7488649820243589,0.7445023804314141,0.7385232870147943
4001,6099,0.7936102467842832,0.7940238714400969,0.7923558726608978,0.7882058417498675,0.7836572679906708,0.7711965561868138
4003,6099,0.8376424185747336,0.8178752036073788,0.7952312460753376,0.7705305664114315,0.7622865279393197,0.7683160295949966
4005,6099,0.7931853357267076,0.7496323912936316,0.7104549471898578,0.676998953960805,0.662715021430253,0.6636542858438044
4007,6099,0.8245984939033799,0.794680084576061,0.7678941790589361,0.7417898697080626,0.73100401952411,0.7298700097733674
4009,6099,0.7946320800144115,0.7831893743634931,0.7691506376466541,0.7492484267066306,0.7333730060118497,0.7223382568844653
4011,6099,0.6975715542871657,0.6951075629507618,0.6867647750489766,0.6689650569578258,0.6510113237496996,0.6351499902568749
4012,6099,0.7724490083449901,0.7587838629970218,0.7432837466493748,0.7282588732327461,0.7305993314837542,0.7469953509177314
4013,6099,0.5259302003401466,0.5079190743010591,0.49169786311725583,0.4694036553320868,0.4528988744759912,0.4370264294569123
4015,6099,0.6868963395180423,0.6484012140627899,0.6207585512414636,0.5933201714308362,0.5810923103460566,0.5839360906436248
4017,6099,0.8606273640523578,0.8427240569390027,0.8210180612868246,0.7972109403844897,0.7802171757516291,0.766380156111665
4019,6099,0.386510449995884,0.36719546297434474,0.35406109092043675,0.3379786164308764,0.3264265663488115,0.3128319884359831
4021,6099,0.6156556491654207,0.5970758087555975,0.5756699777052661,0.5475475277852463,0.5278852740738297,0.5108485780321247
4023,6099,0.5455073764643477,0.5927740116164001,0.6577720274559337,0.7169985956266575,0.7631183946484545,0.7836957151362488
4025,6099,0.6166519656237671,0.5812920758280969,0.5495762500996128,0.5167615859357672,0.49866752604712,0.4925312416613266
4027,6099,0.5505856592081998,0.6376858679898162,0.7109567663604618,0.7520310117722109,0.7618753619316802,0.7329574721935174
6001,6099,0.6488367866860565,0.6337362301840525,0.6175918472050251,0.5921006788098582,0.5643278929414591,0.5359577984938619
6003,6099,0.5126204795546321,0.5717996278389351,0.6478052382562548,0.6878302951433702,0.6643666570120974,0.6090378533604233
6005,6099,0.7732073518884226,0.7281355332918718,0.6795437660910247,0.6351516596855371,0.6070739648388008,0.5989358021385988
6007,6099,0.915578106175126,0.8689553078211407,0.8197537098163001,0.7718888360168737,0.7363753564987723,0.7123747176326376
6009,6099,0.9263626605691259,0.8839186706586606,0.8384961865466785,0.7953580860943077,0.7656926963502719,0.754742611281189
6011,6099,0.5475664710770358,0.40979603692729455,0.2837767244541644,0.222580543063705,0.21985004807045466,0.2639100004742718
6013,6099,0.6524098948952143,0.6341772798705364,0.6152844602809338,0.5894181907263032,0.5640337704884559,0.5397157335335416
6015,6099,0.9068432549789552,0.8483468085656779,0.8008976886072269,0.7751214433485446,0.7567501957096242,0.7440633338267079
6017,6099,0.7971044572673461,0.754518807046978,0.7134272741271155,0.6753607225207332,0.6452033183938659,0.628843975653988
6019,6099,0.882953630513184,0.8046745509389058,0.7434427065440846,0.7011556865490473,0.6679065963779908,0.6577924735359653
6021,6099,0.9283066265356998,0.8829011058870718,0.8196632744028894,0.7661787336026774,0.7297248509158302,0.7078685916956946
6023,6099,0.8916801655229393,0.8316178870757892,0.7692156040819748,0.7140826197242981,0.6780723123732761,0.660654587188351
6025,6099,0.6459128308948667,0.684841830393533,0.7291999068607276,0.7641520862630128,0.7967452219126193,0.8005544632444802
6027,6099,0.9209646842192792,0.8696735032885857,0.8243273622057323,0.7860980981461543,0.7625443987669271,0.7541924074733335
6029,6099,0.8893605322406223,0.8241712300668204,0.7666664456891257,0.7287754636443415,0.6994606033855176,0.6811796822721842
6031,6099,0.8521115054475442,0.7743376219794604,0.7012597284002065,0.636058724194179,0.5933287045993166,0.5932988342185392
6033,6099,0.9055966773394208,0.842826506761302,0.7893720607770889,0.745001100650595,0.7148687122297063,0.7013202451040963
6035,6099,0.8558010475457318,0.7777768178222054,0.6819781932891092,0.598529168683099,0.5545181313056531,0.550631494542103
6037,6099,0.7542181741778288,0.7395385297169239,0.7239558045940564,0.6984928263664848,0.6698377470386682,0.6521878812370115
6039,6099,0.9173165317590886,0.8396280596052192,0.7735610010333406,0.7416622137599812,0.7167313074491684,0.6897426710810798
6041,6099,0.5934876284775006,0.5727481110984118,0.5515830955346779,0.5221052349400315,0.4922483593851678,0.46451596863292627
6043,6099,0.7023942176875267,0.6013720917243215,0.5024487364165701,0.4375005331976657,0.4160373460090995,0.44283066217114503
6045,6099,0.8977703786823213,0.8216384221251458,0.7401926460986437,0.676846235718628,0.6438935933567859,0.6363292365051909
6047,6099,0.906426834410417,0.8184740534996786,0.73287332582224,0.6693225454365536,0.6286326010919018,0.6125210423902891
6049,6099,0.8085289669196206,0.7211372092350407,0.624176391953713,0.5481478814808186,0.5133425019442049,0.524207445752897
6051,6099,0.6648439631246668,0.6473099960801819,0.6667228637765036,0.6873576250655831,0.6607237890967997,0.6281226129113002
6053,6099,0.6534084878228675,0.5277528223850885,0.39220734327255014,0.3042263904310095,0.2893475831361712,0.32986297498271544
6055,6099,0.7490768317989702,0.6884313179469698,0.6377281480829484,0.6166213577272391,0.615408812936982,0.6130933241079985
6057,6099,0.8460364949028807,0.8082320666017091,0.7680369970009994,0.7246583174530552,0.687887158438006,0.6664643118812326
6059,6099,0.650399112917568,0.6333808468672483,0.6181936456379353,0.5952508898861771,0.569586309026707,0.5428972723053698
6061,6099,0.7900248553240374,0.7602064504092786,0.7301770306558871,0.6959884991438952,0.6655907977117013,0.6450269368296339
6063,6099,0.7190611732802643,0.615002357678325,0.4963589143588664,0.4015564497988783,0.35822097170493294,0.3715857394175336
6065,6099,0.8274067898191563,0.8207752367440238,0.8204151725740869,0.8137406484698578,0.8038797877183185,0.7889250232351361
6067,6099,0.7389095015270137,0.7170596991749444,0.6968334276645528,0.671974984778457,0.6477843126345071,0.6284575995923026
6069,6099,0.8958369412653091,0.818350339481639,0.7405438035628623,0.6765084096143285,0.6314714343547373,0.6155257254010924
6071,6099,0.792858193635353,0.7845207430015463,0.7767535806900758,0.7587636037183701,0.7362356327623375,0.7125366498782437
6073,6099,0.7091648770670334,0.6913705071112971,0.6777835473719696,0.6573841770305554,0.6346383526317761,0.6116434910639937
6075,6099,0.6830222120604311,0.668860920406822,0.6501768237615194,0.6212104078293149,0.5902087239972666,0.5571434405412273
6077,6099,0.9190772153543423,0.8558671621417284,0.8026720359329022,0.7630699514412531,0.7366825568585146,0.7219386529385847
6079,6099,0.8046031238046156,0.7695339088547869,0.7384955623948802,0.7106529736618775,0.6925310557885178,0.6797918078182905
6081,6099,0.5808236509303063,0.5622825200359634,0.5420063366894111,0.5125700110536093,0.48034763758542837,0.44833961235964925
6083,6099,0.7661310691807064,0.7085463761425136,0.6573361405186389,0.6229949320438543,0.6123265177623424,0.6190492776502962
6085,6099,0.599641886648529,0.5786722123000602,0.5577826892900993,0.5298912324099593,0.5009857205184083,0.4733757906189642
6087,6099,0.7886690359567358,0.6951636707895787,0.5952911693205394,0.521245647335663,0.4947898979251299,0.5053058328444523
6089,6099,0.9044204676152054,0.8547714067174592,0.8011038383330288,0.7509847834278689,0.7174962785993738,0.7067077836551519
6091,6099,0.7347232111346067,0.6397349889971342,0.5227095041217337,0.42112017502579147,0.3694291367423019,0.36861971920662034
6093,6099,0.8731119311443997,0.7938723966630434,0.705983099163367,0.6425033325546425,0.6196485927655757,0.6333125338791015
6095,6099,0.7592479691479399,0.7354748211846841,0.7108500020750662,0.6809825083799373,0.6564963787881113,0.6405513122146687
6097,6099,0.7098495966309913,0.6765049571732054,0.6420889746181355,0.6060144489831332,0.5756593689891455,0.5530954574541191
6101,6099,0.9000446354889842,0.8122445066420761,0.7329193777360085,0.6719848913627228,0.6279428419826355,0.6052053629526393
6103,6099,0.9222631289106906,0.8749173054995097,0.8189119656657449,0.7695063411287574,0.7335619994744585,0.7123420159579722
6105,6099,0.8248455223831462,0.7386343189084648,0.6396002378102701,0.5614911582010511,0.5254548693716786,0.5343565013577639
6107,6099,0.8419324828819199,0.7691861824685037,0.70875566383972,0.6767359451673801,0.6596485804731276,0.6594138947390297
6109,6099,0.8840827734813965,0.8319440711785738,0.7769465535635469,0.7225824387668136,0.688234366147672,0.6804740649532244
6111,6099,0.7829140142416361,0.7661905103378147,0.7578721308285015,0.7579375448663588,0.7675009737067736,0.7714770062420919
6113,6099,0.7546175313325336,0.6784164539286964,0.6093805927185982,0.5645888224702585,0.5433262478971289,0.5436654119792634
6115,6099,0.9476543159396175,0.8953198539132909,0.837056721392932,0.7820238080905179,0.7433844118546218,0.7264675875603328
32001,6099,0.7771126627463767,0.740773641551299,0.7034939094214134,0.6638019995865166,0.6467445425659175,0.6566963351470859
32003,6099,0.46868661498874753,0.43897535966290036,0.4161991849096712,0.38886487413484705,0.3665681911226181,0.3441691360628503
32005,6099,0.6762978073118193,0.6284822492386138,0.5872217066369511,0.5515090950131567,0.5314135680685347,0.5247376316754676
32007,6099,0.7721746821761437,0.698538726447723,0.6370617412498201,0.574777344313536,0.5386304722231031,0.5333368104351125
32009,6099,0.5459818967298369,0.5482662140802239,0.550262210814083,0.5307922029568433,0.5069696383698069,0.4885358475688425
32011,6099,0.7372402012540291,0.7076323962392248,0.6684283315060727,0.61704412266103,0.5901585355021594,0.5930161523720622
32013,6099,0.6502150057770447,0.6075974575040592,0.5622523053439962,0.5095109402734979,0.4771412244383971,0.4707027133732104
32015,6099,0.7743657526009152,0.7510864215691478,0.7249014687019614,0.6932430973965089,0.6788927020432336,0.6841542228942441
32017,6099,0.83665386654104,0.8211086947101237,0.8089513489091981,0.7934568421153598,0.7958538694551679,0.8056961495849434
32019,6099,0.7225654825986643,0.6822552071996872,0.640577077642843,0.5953930185811304,0.572263476122243,0.5732821184934385
32021,6099,0.570323919539154,0.5610288852511873,0.5537264105716881,0.5431691560613325,0.5384299171209996,0.5422573203120369
32023,6099,0.40486785945455045,0.38374508667378054,0.36794359140160116,0.35018352847260464,0.33802125873181565,0.3292974694566997
32027,6099,0.6084490921932162,0.5708395359537394,0.5330991026912871,0.4922201394764622,0.46838533515041364,0.4617155609359949
32029,6099,0.4852100103338563,0.45465800409996254,0.4307070339316724,0.4063041253252157,0.39533471546141363,0.3992040623016999
32031,6099,0.6230114071104347,0.5839208583440303,0.5480452210866609,0.5080314543804212,0.48187217754890066,0.471589296763255
32033,6099,0.8506103668334832,0.8236760018876357,0.7910336259929992,0.7559211002388332,0.7314912066875779,0.7214318459946045
32510,6099,0.7741983343005977,0.7292397519909831,0.6855462784232488,0.6391823270444188,0.6132291436305832,0.6086404900372665
4001,6101,0.7103561857102582,0.7299466988412218,0.7478167674344919,0.7562286136217434,0.7304252264160748,0.708972253786583
4003,6101,0.7699344101281527,0.7500711098774545,0.7208353395428737,0.690201850062922,0.6617831175387234,0.6592043799118077
4005,6101,0.730070331700381,0.6940944991121466,0.6503520456166505,0.610522713944857,0.566941798057654,0.5599737322862388
4007,6101,0.7622446426795906,0.7276557305758913,0.6917618060530679,0.659145257896764,0.6280308546184874,0.6228130410952114
4009,6101,0.7123142970521057,0.7076656098773471,0.6961488096541959,0.6820868161635566,0.6567838275901172,0.6464818301159677
4011,6101,0.6134345859635546,0.6150766782233774,0.6100180613998929,0.5965157321161575,0.5776835577418653,0.5649009791836431
4012,6101,0.7080118343844675,0.6871671432425475,0.6643939185202813,0.6491810672218506,0.6454518604017087,0.6667281299832171
4013,6101,0.41631293562124677,0.4114210508648562,0.40627267877696344,0.3962965479303156,0.3800131527263714,0.36817201354041984
4015,6101,0.5954085896341305,0.560042879192641,0.5236655820215924,0.4923849067262877,0.4690142141025219,0.4722783185107015
4017,6101,0.8050542582911674,0.7964128625655604,0.7803522420281243,0.756342980410408,0.7120368264617976,0.6853739816958517
4019,6101,0.28144134441390845,0.2744764607472375,0.27358189405824956,0.2703384625042788,0.258320356530489,0.24917564013477034
4021,6101,0.5165695989409707,0.5115931631354567,0.5020573838848543,0.4867059638735262,0.464428407244339,0.4494080676365862
4023,6101,0.38344875920199883,0.4460694450443847,0.5543764901717382,0.671645819268878,0.7617423009282355,0.8173632510535267
4025,6101,0.5296367746092528,0.4986903941354019,0.4647652235684688,0.4314255522385566,0.40176227965361416,0.3925354492233503
4027,6101,0.4183581193414109,0.5654579593232093,0.6990293594836372,0.8041118833152308,0.8551527846683233,0.820395856417894
6001,6101,0.5185215552583129,0.5237218890310077,0.5215087183973588,0.5101581052550319,0.4828970080214577,0.4527300431142902
6003,6101,0.3615381710959342,0.501683837131526,0.6424989259760463,0.7304125408502449,0.7451614009138765,0.7084575137199008
6005,6101,0.7026882086140025,0.6559835580724297,0.5918408112298315,0.5310728239371597,0.4785161541453463,0.4548728022327937
6007,6101,0.8590470510131069,0.8208530099577915,0.7619081056871566,0.6966110065042456,0.6270839280162822,0.5829486585159059
6009,6101,0.8660463857309129,0.8225552137708108,0.7614404721788854,0.7002311487858114,0.6450673209756745,0.6187582715393853
6011,6101,0.649503863319913,0.44282031987077236,0.23254335083832933,0.08493338483219806,0.011563787645650117,0.046391956811287965
6013,6101,0.5248280799512203,0.5228378362936227,0.5143798167882329,0.4982513990380711,0.47006400022830785,0.44366246320242614
6015,6101,0.8712014485650956,0.8072248722815225,0.7362216524971162,0.6893721605369553,0.642696919106399,0.6177874771122641
6017,6101,0.7112587831538711,0.6756951053953045,0.6263236424000581,0.576132306208724,0.5280128195359439,0.5027507125965318
6019,6101,0.8885037490378768,0.7883483384025427,0.6904079714982756,0.6079115447186244,0.5301768859831271,0.5076277037917886
6021,6101,0.9158485838565229,0.8781375154712726,0.8040940651785802,0.7280659591948644,0.6485101818771516,0.5971287579335176
6023,6101,0.8457505021271993,0.7856165166387213,0.7061976299796308,0.6328026502908772,0.5661364776627608,0.5308173917723719
6025,6101,0.4901616949845473,0.5511086940856738,0.6342320499906173,0.7324153587233417,0.8121283728131959,0.8292525307771975
6027,6101,0.8607047942638779,0.8085421183620962,0.7503428028189638,0.6974551753847654,0.6545617277624506,0.6347504532297975
6029,6101,0.8593007536388975,0.7767869467168481,0.6984155366892871,0.6322172898550242,0.5632095347476621,0.537784184226996
6031,6101,0.8774524075105891,0.7764548200641824,0.6581107055854959,0.5415161966664056,0.44623799667041003,0.4273971396379573
6033,6101,0.8526659254556058,0.782302246724318,0.7047459291287881,0.6347390594711532,0.5747321748119398,0.5503675867650359
6035,6101,0.8859621707067225,0.7843138631469224,0.640248853003425,0.5039423536727831,0.40036673314415416,0.36113933980402235
6037,6101,0.6223278207396198,0.6258293517581084,0.6238376872378238,0.6140242093064966,0.5898552517924601,0.5695631373619356
6039,6101,0.9220345414082137,0.8248163409350387,0.730689392863464,0.6656468544761319,0.5915684444003179,0.5427700779492086
6041,6101,0.46470909891394907,0.4639490392170153,0.4561360726494507,0.43924962325539707,0.40799996197352617,0.37861078997619363
6043,6101,0.7155108751521441,0.5776863995152067,0.42059776664118714,0.2996426892671008,0.2261847709802145,0.2348265836016529
6045,6101,0.8865088441467205,0.7950546357889459,0.6808101804169351,0.584515322806965,0.5107081242036301,0.48312609886813374
6047,6101,0.9324560340829855,0.8274582767518296,0.70079014951714,0.5831001460079256,0.48320177961400884,0.4358943688565596
6049,6101,0.8584865481640166,0.7372673184218945,0.5798601682370776,0.4413082034649938,0.3451238388868021,0.3240175210945166
6051,6101,0.5536899774841506,0.5793814762407609,0.627610404011878,0.649314059313257,0.6379565111414739,0.6184184131658205
6053,6101,0.7352819900833527,0.5493585427198364,0.3385357158409829,0.17214595586747306,0.08799921481679161,0.10895691424243044
6055,6101,0.651511253639059,0.5824342222410344,0.5190730367422979,0.49243867766924476,0.4764868253365263,0.4728753179984289
6057,6101,0.7636053866335021,0.734032257364793,0.6872024412370438,0.6323640952489904,0.574658832360636,0.5393539643360685
6059,6101,0.5157288541039097,0.5191686988989119,0.5191363863070407,0.5114900599141107,0.4883280743083024,0.46267046090995256
6061,6101,0.6898239154645243,0.6714517049099611,0.6417876552103281,0.60534422121898,0.5629947945655585,0.5357529469738316
6063,6101,0.7883983965798875,0.6389325953737612,0.449075104708635,0.27970602196822164,0.16510257238616607,0.1424513170647268
6065,6101,0.6791860774470552,0.6904763646906737,0.7089622182569446,0.7262187497940433,0.7290276757519184,0.719080430761623
6067,6101,0.6218917997444569,0.6129076266417929,0.5980490868748842,0.5768829945138786,0.5457276109549428,0.5225369792872148
6069,6101,0.9088482135209011,0.8182239349349452,0.7053074442652753,0.594073513116697,0.5007256224313205,0.4620310361779998
6071,6101,0.6611785961743556,0.671401494431671,0.6759551482757717,0.6705376956996629,0.6477332332421956,0.6231874643724394
6073,6101,0.572299551467849,0.5738027289040516,0.5733477267280064,0.5663253610245566,0.544569616171893,0.5218907559664308
6075,6101,0.55061596089934,0.5594843747759444,0.5581954473211318,0.5472350547459464,0.51840406060237,0.4850601680136973
6077,6101,0.8637222988104777,0.7956038117830599,0.7236874249656429,0.659610583687237,0.6018915469758759,0.5745805450765596
6079,6101,0.6885473581242347,0.6649330022471622,0.6362140513134829,0.6125645311780886,0.5855130303742176,0.5694611441134805
6081,6101,0.45500012177486193,0.45764955887466763,0.4515819361796688,0.43454597385256566,0.40108451880605195,0.36672914874776036
6083,6101,0.6789667319740079,0.6100019049473264,0.5419423669404185,0.4946799963606997,0.46499128538838075,0.47301976908926413
6085,6101,0.48807341777130436,0.4833948786150418,0.4723939189940295,0.45374578089128503,0.42418177397802204,0.396017536347298
6087,6101,0.7969668828125929,0.6682043264996939,0.516903955290856,0.39285551961406756,0.3144314582431765,0.3024913485481291
6089,6101,0.8557726543492395,0.8016414775534523,0.7274097302174171,0.6526374565314996,0.5873769211128497,0.5582745600807886
6091,6101,0.8162677748505391,0.6844667548178631,0.5024238015580679,0.3339570716172724,0.2146666297385153,0.16847814130467403
6093,6101,0.8853146058072211,0.7761288969638195,0.640896945155702,0.5310882834926763,0.4619354666135776,0.45501054344475056
6095,6101,0.6501488232269311,0.6362098697782818,0.6099937572807883,0.5783024953886161,0.540674182433598,0.5169326802784587
6097,6101,0.6072606405309655,0.5866073364909413,0.5537746244647498,0.5180680414222385,0.4745478305168798,0.4424493604543528
6099,6101,0.9326045434374628,0.8771363103068206,0.8094616643870838,0.7336666348786963,0.6524454380224703,0.6035738495083763
6103,6101,0.8746176215526414,0.8315181517049537,0.7632751896472283,0.6936561814508513,0.6231757794163296,0.5771856407268401
6105,6101,0.8685855787120563,0.7483212784633112,0.5971736848865046,0.4636820518029526,0.37523976540249376,0.3556190682908859
6107,6101,0.8395553531683805,0.7396864120911758,0.654402304895167,0.5936515096578704,0.5378773310169633,0.5329486902359193
6109,6101,0.8310778432020841,0.7740446757633554,0.6963806445113194,0.618073323133854,0.5528877707694414,0.5265705933416015
6111,6101,0.6310217715455789,0.622800567599632,0.6254663578767226,0.6500784898046262,0.6753121218677802,0.6947728040122746
6113,6101,0.7148774123761727,0.6177273328062104,0.5166201593981603,0.4393901736176292,0.3830106553898494,0.3750162741294568
6115,6101,0.9218934893085303,0.8658184890514129,0.7872088065991178,0.7038215275428239,0.6252097157974343,0.5862219334511087
32001,6101,0.7401093831358496,0.6979372867193838,0.6381466248066139,0.5819952254558867,0.5417463562020831,0.5415971039393653
32003,6101,0.36482227127926276,0.35187491884872196,0.3406706813995201,0.3228692414358127,0.29915228913814085,0.27537530687344164
32005,6101,0.6061259307930369,0.5563249998049056,0.5011012244373971,0.4509142634736858,0.41328724169467906,0.4006214609433876
32007,6101,0.7617306721341749,0.6931765639040067,0.604241601703277,0.5144085806973628,0.43618191573545934,0.40658975232701333
32009,6101,0.5408748214961195,0.5550531222094804,0.55970175003138,0.5418004558444253,0.5064026420764686,0.483831525996097
32011,6101,0.7039076210798094,0.6708524534791294,0.5987221985881854,0.5288584539227746,0.47440507282536515,0.45864103830123404
32013,6101,0.6390409068053264,0.5998279853959545,0.5358138292850966,0.4670977465518921,0.40485991318331566,0.3806979038487465
32015,6101,0.7644888058529841,0.7350624397833049,0.6856969620634591,0.6363379710093333,0.5950791155158531,0.5856632942361832
32017,6101,0.7598942281076106,0.7389555297726191,0.7107727006441102,0.6940317888866894,0.6847705802554572,0.6943547862111014
32019,6101,0.6676911034443839,0.6232239048688386,0.5603924664179508,0.4999150564782498,0.454632540634745,0.4456122675932671
32021,6101,0.5081778492800849,0.5020852676715907,0.4845338273022074,0.4684113053008845,0.450297401987015,0.44921387441336447
32023,6101,0.32201770741351504,0.30631042069452713,0.29055704623590667,0.27447181919577524,0.25726169534310883,0.24814440137670535
32027,6101,0.5614856186386867,0.5199416368775011,0.46021656471872807,0.4000521419310474,0.349449976217666,0.32947961040832185
32029,6101,0.4202809722896203,0.38525412323118474,0.34818387166781867,0.3125456346051831,0.28862198657361465,0.2877841409906265
32031,6101,0.5516815396574595,0.5185011725353667,0.4738208980798635,0.42672385453583317,0.38459441868722133,0.3656112651509338
32033,6101,0.8046120128658688,0.778115400033476,0.7345747052470215,0.690247568850112,0.6432239072096919,0.6218912893802359
32510,6101,0.7124674577439084,0.6669707766097944,0.604368673442327,0.5442729876596604,0.4942489219236335,0.47857577581264815
4001,6103,0.7283566864392979,0.7099875938710906,0.717752150251041,0.7455201148211669,0.774336644065212,0.7674525663920696
4003,6103,0.7954306963549226,0.7713067870358263,0.7526526608085949,0.7482665649271504,0.7606906235396453,0.7712754459372659
4005,6103,0.7529827744807032,0.6925092065016204,0.6634611554122081,0.6670056912345738,0.6877285872203643,0.6904407439645854
4007,6103,0.8392858680962908,0.8046608286234899,0.7788042149935019,0.7661693424616887,0.7739070443294005,0.7788292594810556
4009,6103,0.762116724577674,0.7413411182517589,0.7208203851553365,0.7127025539508265,0.7122757577130744,0.7046596486626996
4011,6103,0.7087308105225728,0.7000096904004512,0.6844980757776784,0.6689188361933073,0.6579107027618567,0.6433973287041874
4012,6103,0.6703649849234447,0.6421131698185665,0.6268404844793773,0.6333943546887568,0.6605434972040749,0.6805462851818673
4013,6103,0.6743915988891652,0.65083102941759,0.6312857864743413,0.6153996935819313,0.6081627836191482,0.5943260708867826
4015,6103,0.7897831528121436,0.7503494453947064,0.7211589902473134,0.707578093448668,0.7107709831087409,0.7163394771044868
4017,6103,0.7715294436046941,0.735496460002622,0.7162793161702168,0.7188808368028907,0.7351477418416241,0.7305592369489714
4019,6103,0.5602683738818693,0.5352137361062516,0.5189154345756081,0.5070400571158389,0.5021790600787592,0.48849068479620145
4021,6103,0.7189242234595816,0.685036649768084,0.658143525815639,0.6439521665109396,0.6414967500170556,0.6279787407726148
4023,6103,0.465523401653906,0.49758949333127916,0.5412513169202748,0.5888945273501898,0.6391226721454689,0.6691969226425223
4025,6103,0.7499101081270868,0.7070373262562024,0.6741712757503189,0.6539751764190757,0.6487134534242198,0.6439795931056219
4027,6103,0.4634551092026166,0.5373711451607637,0.602904208778676,0.6437790013317546,0.6480291866955634,0.6097548865563754
6001,6103,0.7507180621125689,0.7302141519644186,0.7086115024674483,0.6874544137572539,0.6696266127373345,0.6468950073736971
6003,6103,0.4715542778511918,0.5536962951558229,0.6263837583844504,0.6498485787826458,0.6017125626705832,0.531605677412604
6005,6103,0.8727398330266584,0.8241025858308323,0.7768739223467591,0.7474569710353622,0.7344785094826516,0.7309626105282095
6007,6103,0.9352647149245298,0.8811008969422798,0.8362897322226323,0.8119417267261521,0.7993970267503158,0.7825509840163033
6009,6103,0.9266532124297313,0.8823472767200357,0.8383943742672239,0.8106860674670003,0.7959727665399614,0.7916331003484666
6011,6103,0.4955666729549529,0.36348679498403796,0.2671621997478986,0.2468315570861893,0.26771693749152264,0.31757525186020596
6013,6103,0.7718328189849417,0.7486937171232817,0.7257855084458075,0.7054980502645101,0.6898593591603731,0.6704799789114172
6015,6103,0.8708936800079033,0.82418315367632,0.7894341231079535,0.7761233345001467,0.762919321238661,0.7596137070845784
6017,6103,0.8830216773717168,0.843484884940284,0.8042181170688197,0.7757713054406876,0.7538246308937099,0.7416096901182153
6019,6103,0.8222415077307897,0.7620441150055396,0.7113256114559714,0.6748051198240098,0.6519308736075133,0.6558050694880911
6021,6103,0.8385035297980354,0.7745639839438555,0.7219820352679054,0.7059064494012843,0.7020233106434562,0.6892965374893013
6023,6103,0.8849751644943065,0.8209819526384982,0.7632974372010837,0.7277476913098901,0.709291748718651,0.6989908207457955
6025,6103,0.6539098439217207,0.6767796775593733,0.7039525770889293,0.7324681978963887,0.7624035166900415,0.7660496251190783
6027,6103,0.8722092784302027,0.8206373827499951,0.781290489466779,0.7578278644043897,0.7504478452294576,0.7503644833684194
6029,6103,0.8417180781502153,0.7860326455488983,0.7328148204611846,0.699169586805411,0.6783851086943312,0.6778422907695777
6031,6103,0.7989154641885133,0.7201189721411766,0.6499163939815322,0.6076309533151186,0.5970734188323735,0.6128194713924898
6033,6103,0.8906862148464323,0.8382300623335808,0.7918041330541556,0.759035068645585,0.7378225979271376,0.72937750238797
6035,6103,0.8498380794907903,0.7593871243337698,0.6687364805008367,0.6146107692038679,0.6023593046237814,0.6153542741817585
6037,6103,0.8128208189287996,0.794670252369846,0.7778940292985744,0.7617144357524825,0.742755550065882,0.7288160453147672
6039,6103,0.8354304585864009,0.7832311328618337,0.7460017940239569,0.7195183156678906,0.687654978512191,0.6685400553799614
6041,6103,0.7083786210550955,0.6818591548872655,0.6548651548678484,0.6304666852132279,0.6107232256077932,0.5887116622808498
6043,6103,0.7064534597116603,0.6065011887866675,0.5213426034513319,0.48487397910904023,0.49085005791948744,0.5279197250675662
6045,6103,0.8640247185950828,0.7892923983050728,0.7195790387119644,0.6825792818049369,0.6680623660988788,0.668804078201427
6047,6103,0.8334773898152424,0.7541253258025024,0.6894033862915253,0.6474631815219917,0.6259476816943866,0.6196212008431703
6049,6103,0.8020966172590142,0.7071856296261139,0.6150076740464424,0.5656893434130537,0.5606737830545993,0.5904011601867147
6051,6103,0.6133791466369145,0.6385282289672978,0.6759462551644287,0.6752066357091546,0.6214123423997714,0.5767218564226464
6053,6103,0.6002871143566016,0.4602282168789931,0.34484512962447633,0.3051503870525027,0.32826293795862116,0.3767595214170307
6055,6103,0.8061354070918562,0.7482375218639913,0.7163723020086302,0.7073552233713357,0.7086446828615709,0.7036407544524246
6057,6103,0.9068460326027241,0.8677840661915802,0.8282264705148701,0.7968706704541673,0.772773262323,0.7568867750680561
6059,6103,0.7641805219720791,0.7443308718614073,0.7251574515592683,0.7058526544083024,0.6877257246339874,0.6654099761473031
6061,6103,0.8851477503392498,0.8544096042468078,0.8233443029114572,0.7980466299264516,0.777763157687142,0.7616732177798513
6063,6103,0.7363121054677908,0.6251317999891409,0.5134837424675154,0.4470361795256709,0.43633362453791363,0.4693037697138194
6065,6103,0.8867336606162118,0.8707174274870327,0.8610412392658019,0.856031785020563,0.8572251996561046,0.8502194026139513
6067,6103,0.8453663684106946,0.8201747480721847,0.7969506656606717,0.7791481346429122,0.7665799783458425,0.7531944507493432
6069,6103,0.8408268172013948,0.7744155788968715,0.7122654261591049,0.6643023181959569,0.6331093519343702,0.6238799158450817
6071,6103,0.8824064636015667,0.869613796486273,0.857184375909541,0.8444875902086685,0.8317148116694032,0.8131687368694186
6073,6103,0.8156304859234327,0.7953825628526554,0.7775377230850125,0.7607946626449994,0.7459357557789145,0.7277629081571342
6075,6103,0.723928096554842,0.702820880307937,0.6779420297865384,0.6545358712481923,0.6347556698202583,0.6077635860232554
6077,6103,0.9183780358742326,0.8645273105291545,0.8262560354706993,0.8006401652756279,0.7852724235144113,0.7735014558504398
6079,6103,0.8714175632390919,0.8299768925366061,0.8002027631228251,0.7856952740645875,0.7795676068960262,0.7689970776956799
6081,6103,0.6861125219767115,0.6629070932791001,0.6369651247262532,0.6112379623191769,0.5882217874102291,0.5617184229875826
6083,6103,0.8392483068872143,0.774343569132934,0.7234586809447066,0.7053404566606244,0.7128057250266014,0.7285334333370167
6085,6103,0.6851636236008775,0.6616981198997852,0.6366581133202079,0.6122331675509572,0.5911868102061383,0.5685622154337117
6087,6103,0.8210669431496826,0.7209774754270538,0.6325633856408973,0.5889065752160415,0.5879523160106341,0.6093956300086921
6089,6103,0.9388432067983999,0.8834443152519336,0.8301800888978524,0.7974287610517816,0.7841708562631847,0.7848208571759122
6091,6103,0.7341392532256589,0.6371270419923142,0.5315251329555927,0.4598200324054159,0.4371628641524526,0.45088360424901863
6093,6103,0.8504155895170219,0.76168451266697,0.681943821635975,0.6489380870333762,0.653012737843191,0.6784605516519072
6095,6103,0.8482457606896161,0.8194237042934974,0.7913607556072771,0.7708935544739574,0.7598233412194623,0.7497367592951402
6097,6103,0.82137113566149,0.781973686006698,0.74561576320114,0.7191705751019805,0.7019048425127703,0.685177074715417
6099,6103,0.902506643203453,0.862057758228751,0.827855792242191,0.7923086225351239,0.7580630449791,0.7360573121016819
6101,6103,0.8222969299577125,0.7578863294091099,0.7009424434933694,0.6509849931076631,0.6129194823863622,0.598682451732217
6105,6103,0.7663001953033587,0.6744630400178548,0.5843933525975779,0.5340226279799969,0.5243777097830588,0.5413301325915125
6107,6103,0.766521332061501,0.7041394780112546,0.6502169086662924,0.6320104165000703,0.6303590608407413,0.6516736946436813
6109,6103,0.9131973211793274,0.8575737101694945,0.8022073516934819,0.7644086217890639,0.7492182490852349,0.7499380501974193
6111,6103,0.8384991279834539,0.8115328930826397,0.7992202274426076,0.8083516366613444,0.8260154519689756,0.8304763633052101
6113,6103,0.8441995612237767,0.7717174362715895,0.7143953077575338,0.6882295650933827,0.6816436643974871,0.6866798893959252
6115,6103,0.9013532533515748,0.8452880000726775,0.7904259545227168,0.7559118126721855,0.7411965319291612,0.7365278655545398
32001,6103,0.8383423945523364,0.7956279916736995,0.7568631036832631,0.7374007122770224,0.7421529419791407,0.7553480699460567
32003,6103,0.6076475180079522,0.5779616483305127,0.5564649406120439,0.5335923020823232,0.5159809488270962,0.4944160065762821
32005,6103,0.7917880857668681,0.7472434756540702,0.7131225589312912,0.6891204411760444,0.6759380075082518,0.6676252268106729
32007,6103,0.787714438644466,0.706482597330359,0.6438069194918867,0.6074744137777385,0.5979873309641872,0.6013201027105506
32009,6103,0.4826720331108391,0.47006003174540617,0.4621388122899829,0.44536002023460675,0.4269813978191164,0.41390852571735537
32011,6103,0.682655027722307,0.639525265382077,0.6005164479072326,0.5711381321015808,0.5735241685878616,0.5797861799368221
32013,6103,0.7069035634428313,0.6537517768181302,0.6056771724417506,0.5753943295909651,0.5731669197629763,0.5722174390106195
32015,6103,0.6764607433337463,0.6508039453092165,0.6247391071895589,0.6119972400853009,0.6184985588831947,0.6310365696348197
32017,6103,0.8079043453691965,0.7939136133507331,0.7820822055256551,0.7831879478354704,0.7931622403191142,0.7999122983981645
32019,6103,0.8299860051398424,0.7824621752354342,0.7393411994579254,0.7126562606741902,0.7102655957722519,0.71403642384223
32021,6103,0.6731615828172375,0.6647654493213758,0.6573630568457809,0.6548400751770536,0.6590589033091598,0.6653049578220277
32023,6103,0.5927904249849338,0.570229747727267,0.5550213032911506,0.5416948969202102,0.5329472578955742,0.5235383811735915
32027,6103,0.7386399670887335,0.6974355888372266,0.6596315213047124,0.6333643092065597,0.6238485679276766,0.6192226562518951
32029,6103,0.6572697074541438,0.6223787102817115,0.598675880711702,0.5818142092118629,0.580467185908506,0.5863484066147533
32031,6103,0.7739602415102242,0.7308209568150393,0.6933503909281774,0.6644019125083829,0.651134992572277,0.643123003185168
32033,6103,0.8314442430521152,0.803605642508287,0.7711360378213238,0.7528609509090132,0.7494908272800643,0.7492960960102706
32510,6103,0.8686993157792158,0.8203655474191783,0.7760340902201428,0.7467153568175589,0.7401046409243546,0.7413498222137297
4001,6105,0.5890598628974903,0.5940841943517317,0.6298781680702221,0.6783702966693544,0.7112422730049579,0.688595681556966
4003,6105,0.6433757817960638,0.6139452780959724,0.5850401450104495,0.5691926561234703,0.5668375750216099,0.5628116762614926
4005,6105,0.59676620113411,0.5425260223385321,0.5122087230556444,0.5111012083737846,0.5162959551721812,0.49781950885881354
4007,6105,0.6890331556208951,0.6493927433654733,0.6105461288585441,0.5851758960407399,0.5813206404852284,0.5803593741187291
4009,6105,0.6887759577674752,0.6738397678746815,0.6629378080602887,0.663859124640745,0.6673955845122296,0.6597466543625258
4011,6105,0.5947665191511505,0.595045071240054,0.5913888883106765,0.5881279890649798,0.5870300380364976,0.5792575784676196
4012,6105,0.6448739455003755,0.6023416814807996,0.573240836859262,0.5753170137018482,0.6009801905371072,0.6215243270773624
4013,6105,0.36778615066437115,0.3595765697618981,0.35748701601380173,0.3622835654640915,0.3723785053076401,0.3703654823799253
4015,6105,0.5114028324810188,0.47114664887089686,0.4329851305431775,0.41230565552774423,0.41241838522516505,0.4172217041385263
4017,6105,0.7200919301090166,0.6971297807106455,0.6870528808020452,0.6901278783739347,0.6964345125664629,0.6730868619982358
4019,6105,0.24574138857327146,0.23817688916135712,0.24162102148817374,0.25361527192316086,0.2698628845317091,0.27078991605960845
4021,6105,0.4988496330915235,0.4811596285384008,0.47402247045818835,0.48299047676838996,0.497004262792098,0.49131585046838716
4023,6105,0.2940923941802146,0.3258453870668725,0.41120612577255067,0.5345139847282971,0.6688826801891912,0.7669759752190785
4025,6105,0.4967156644383792,0.460109270441589,0.42696414681235917,0.4070247348611072,0.4025283852573013,0.39780570040539937
4027,6105,0.2785578476293055,0.4235753019586192,0.5914643678485998,0.7314401693477265,0.8001805695783204,0.7853613162157649
6001,6105,0.49756261079108266,0.5017064086143839,0.5050567452548729,0.5084572500855149,0.5082871645105539,0.49399017973258413
6003,6105,0.2464911987724677,0.4073654930230768,0.5835463179783356,0.7179518939896312,0.7507993132655675,0.703669414449361
6005,6105,0.6662367740806744,0.6207474621844846,0.5592321280081789,0.5064120278681635,0.46726728542118,0.44342516671274695
6007,6105,0.808586828327677,0.7708829526341783,0.7234621548739126,0.6786635571040657,0.6364629139441208,0.5869413955664362
6009,6105,0.845843145017681,0.8012163811362231,0.7432616023836116,0.691553538696606,0.6486776886232433,0.6187190655986688
6011,6105,0.6376361591934184,0.42823651221820513,0.21202419510996498,0.06100682890691457,-0.020764651322687087,-0.02665938194876242
6013,6105,0.4877323956148421,0.4852013460607868,0.48217871955250663,0.4807303246266825,0.4781355814883326,0.46425211429868923
6015,6105,0.8083211286430153,0.7528347097518022,0.6892114597008707,0.6369289410922795,0.5938660572176795,0.57216033479118
6017,6105,0.6711556952342866,0.6432583945310014,0.6006178770955318,0.5586808049894384,0.5210231375860076,0.49370243207716047
6019,6105,0.8596421592323438,0.7782224272991858,0.6728197455522309,0.572098216162474,0.49674115539220026,0.4684568502302287
6021,6105,0.8620663895564471,0.8137066052711106,0.7560354510573344,0.711178604212076,0.6630607723408027,0.598242385530963
6023,6105,0.8310966287670324,0.7673897215662132,0.6927236992375065,0.6281844430090912,0.5784323645107368,0.541501240493401
6025,6105,0.35872540429545074,0.3988205224591241,0.4863725257685466,0.5905178355786012,0.6939095578569857,0.763564510358354
6027,6105,0.784226671251677,0.7313229986200491,0.6747692512663186,0.6284554179610382,0.5985032982827346,0.5810200379140698
6029,6105,0.7857044526704343,0.720062707516602,0.6321130542238826,0.5530788413063372,0.4961502177949179,0.4718898007612231
6031,6105,0.8572030850902082,0.7529506131729464,0.6228544038325297,0.5078846462596699,0.4301214043677504,0.3965495732741926
6033,6105,0.8550451639267717,0.7949026129035139,0.7194288502157943,0.6452788882546859,0.5868755781856219,0.5539428711439697
6035,6105,0.9234750283264707,0.8098058119737348,0.6581072390916177,0.5248487314094493,0.43096855152017166,0.3823575515811978
6037,6105,0.5350602322951648,0.5346369513500221,0.5381256165942698,0.5451687624464908,0.5464090346721068,0.5400414120187664
6039,6105,0.8351715709299056,0.7800111335558033,0.7025909484761019,0.6135774172123875,0.5265438125246691,0.47031207374790807
6041,6105,0.45108078624683845,0.4490022957063187,0.4452094032011101,0.4431981363866331,0.43945255427770297,0.42359922458753835
6043,6105,0.6985691076704749,0.5583437963601499,0.3981063643030469,0.2732613143004682,0.2006653438736089,0.19181387711635792
6045,6105,0.8480159361886506,0.755290706857356,0.6449071649767507,0.5521268057232098,0.48682955913330955,0.45052910446655825
6047,6105,0.8876333144133836,0.7990324899385837,0.6841802048178092,0.566601892740698,0.4668896505713887,0.3999753364307571
6049,6105,0.8552844369874485,0.7274247457861057,0.564148552138741,0.42465546860540143,0.330476947751218,0.29345217951329206
6051,6105,0.41742081093042555,0.48724426720538044,0.5614847339938026,0.600461781973732,0.5745173823721017,0.5323740128540086
6053,6105,0.7387703772156144,0.533506017426197,0.3140869627333808,0.15790073820593573,0.07887709634507582,0.06582727884196829
6055,6105,0.5891223338403745,0.5282818699394956,0.47959188188321294,0.4524028992446654,0.44198229575616826,0.4403524302063457
6057,6105,0.7203712739419078,0.6953314421469716,0.6553573581092492,0.6120048662947909,0.5698148176700858,0.534376473484923
6059,6105,0.45233134245176154,0.45613682812153417,0.461514292666856,0.46779967799860056,0.4699874127650907,0.45957238140757745
6061,6105,0.6501421472966307,0.6353257262822644,0.6113439449789694,0.5870790462393289,0.5629094888397067,0.5394756145303833
6063,6105,0.8069444773690836,0.6505206629212024,0.4461414469317446,0.2661849768102165,0.1485521032824277,0.10739101142157219
6065,6105,0.6095812797641808,0.6087065891312142,0.625737716540337,0.6566898328243941,0.6905819436813455,0.7087420170565164
6067,6105,0.5715807868989459,0.5621417024571923,0.550375932174286,0.5421790812567131,0.5353930908221747,0.5225832835773767
6069,6105,0.8793613267043618,0.8033387183252184,0.6926859923445285,0.5778402363940122,0.4789943279659974,0.4167669631349325
6071,6105,0.5972309181327335,0.6061598714200069,0.6164194428079508,0.6266047144431485,0.6296697794883683,0.6171269827038628
6073,6105,0.5028673883824576,0.505232754438784,0.5096596510626805,0.515748432329572,0.5192703064565715,0.5110214158976044
6075,6105,0.5452789235281434,0.5501886388135097,0.5535536873329242,0.5592016614081038,0.560161981206045,0.5433425635903147
6077,6105,0.8121557122791132,0.754259564710285,0.6920857652137599,0.6323150983379606,0.584872006213103,0.5498988960109514
6079,6105,0.6348194056776214,0.6058141471039111,0.5851735384093358,0.5782302463341332,0.5758894340123188,0.5661359712622346
6081,6105,0.4591924644130741,0.46189518137808117,0.46053499795816943,0.4575846247544782,0.4503657688056794,0.429948242578945
6083,6105,0.6215622821275484,0.5458467577455527,0.47270486884852264,0.4330525068588392,0.42658764656362436,0.43862017604659986
6085,6105,0.5074614771394363,0.5039804720985245,0.4970067255494342,0.48952501604807463,0.4810059478035277,0.4643956267856588
6087,6105,0.7753746193025028,0.6432186996119882,0.4887662400370221,0.3622971857424034,0.29024337882639023,0.26762054647361816
6089,6105,0.836233730180243,0.7777127177539711,0.7028278414329817,0.6372077270608153,0.5885287512602175,0.5577362594023797
6091,6105,0.8692958386114211,0.7364383972209901,0.5476866933576289,0.3653072835494465,0.23683979952064663,0.17384846557642303
6093,6105,0.8747638865696936,0.7495182003638856,0.6081165061325086,0.503978893118313,0.44309825855740825,0.42437793482438674
6095,6105,0.5963627279220768,0.5810468966273767,0.5586654958726901,0.5388557052819968,0.5239409403549704,0.5067580130702862
6097,6105,0.5763133813412641,0.5563133023522417,0.5306212251087887,0.5075290344014102,0.4874021890918523,0.4639732178222943
6099,6105,0.874566566152916,0.8425201080245145,0.7867667768666584,0.7113383295457706,0.6311514568424572,0.5672169828754573
6101,6105,0.9053277547474103,0.8271067430062047,0.7110860872201663,0.5762113808993166,0.4576371284788971,0.3841412210921722
6103,6105,0.8258036392519761,0.7809737317399799,0.7215155659084133,0.6678327527817759,0.6173809474473433,0.5707517319555491
6107,6105,0.7719398253222718,0.6813503358727254,0.5778342578384867,0.5027847197719506,0.46331554540687225,0.46427726947512665
6109,6105,0.793141246083092,0.7356046377331095,0.6570256582003149,0.5836678444956701,0.5314648323124038,0.502486815623884
6111,6105,0.5591970983423609,0.53090670193871,0.5338985273611464,0.5736375864660044,0.6283512770498578,0.669292276380882
6113,6105,0.7014370050056284,0.6060123853805881,0.5062050453481736,0.4310397265214557,0.3854796227025324,0.3705719041238121
6115,6105,0.8970128766126517,0.8400356000155327,0.7614985514129246,0.6864321369406196,0.6281028203987583,0.5834301740462605
32001,6105,0.701549215538429,0.6454608969098151,0.5842806868402354,0.5393275549190498,0.5182872834483175,0.5136441751390786
32003,6105,0.28498280423538075,0.27884827493136227,0.2760636533511723,0.2710655404607706,0.2678815199968998,0.2553248177338302
32005,6105,0.5664461396959349,0.525756996362362,0.4812014509215966,0.44105486251678505,0.41080867707470037,0.3911837409028319
32007,6105,0.70154936349203,0.6284909715091188,0.5458299136228116,0.4736126478042465,0.42427240291008594,0.38616727513393795
32009,6105,0.5213121514050986,0.5333468334387866,0.5432377723762712,0.533471926950253,0.5103500291949746,0.47869784026856055
32011,6105,0.6701004746185231,0.6210736484888271,0.5573236076746789,0.4967874018389337,0.45886101782256,0.43264528857941065
32013,6105,0.606828012036653,0.5546632506547081,0.49410573091383087,0.4416959148052703,0.4113108498379015,0.3863668143605296
32015,6105,0.6914629251149683,0.6534286974683389,0.6045738475947054,0.5623499792857705,0.5398914303021003,0.5276536760189048
32017,6105,0.6922117798138461,0.6664243080061248,0.6474707694421352,0.6385132580315492,0.6397005255707808,0.639444925746521
32019,6105,0.6443269039524495,0.5913280735877645,0.5318409693210919,0.48306131374758765,0.45522660791742336,0.4414379491509437
32021,6105,0.4758826832928685,0.46887549432503073,0.45781039757489844,0.4468959699058011,0.444250776682846,0.4443574867769945
32023,6105,0.31507737843968303,0.302998798781789,0.29354110415865853,0.28676774773893954,0.2830901027024877,0.27851548344513477
32027,6105,0.5594022758389722,0.5167298467105719,0.4653148353200935,0.41325473043985317,0.37220952166148735,0.34172771809981894
32029,6105,0.392015199428753,0.35723834740238297,0.32175438054594807,0.29527565760374064,0.28600185762487884,0.28731485207587576
32031,6105,0.5205059053692763,0.4868750002958971,0.44779159614738157,0.4130966023063895,0.39012134596119336,0.37303545037255914
32033,6105,0.7349435355650846,0.6988527618802551,0.6545234705398467,0.6173195980262445,0.5937125591559437,0.5735504637873867
32510,6105,0.6583376006768935,0.6076135084899639,0.5493758731025223,0.5004621846281051,0.4716096415273786,0.45480906866899856
4001,6107,0.6876141675876908,0.6705799729143684,0.7291640472465719,0.767000959545396,0.766193563199175,0.7365644497541584
4003,6107,0.7758367457646322,0.7545589505425516,0.7459030383655171,0.7263128083003626,0.711764249802102,0.7008864792384326
4005,6107,0.73723453862344,0.6909167866453495,0.6925871187864464,0.6803425320733262,0.6583200019250325,0.6287055174205265
4007,6107,0.7463770752936155,0.7095702707233095,0.6988304841646042,0.6744465969595744,0.6555885607747247,0.6394168278486132
4009,6107,0.6892517999085336,0.6742674337184655,0.6782531297184241,0.6686666543700269,0.6539309611030109,0.6375024955106741
4011,6107,0.6038227141386417,0.597285928156964,0.5963751881113042,0.5780472580006183,0.5602493318412816,0.5439212934052214
4012,6107,0.7279904991783626,0.7005906444950549,0.6908975682518206,0.679535890816868,0.6837874899977887,0.6864884895620191
4013,6107,0.3833567151743847,0.3622660585685739,0.35657172802385917,0.3428964737707231,0.3348227528787093,0.32328385536875887
4015,6107,0.5798918260696436,0.5414967219468623,0.5164802250529041,0.486104727431149,0.46591279721874873,0.4591980364078537
4017,6107,0.7852643178881915,0.7538539075680069,0.77731305325479,0.7826605976733558,0.7648068217234943,0.731250611612979
4019,6107,0.23684346854302732,0.21438090788370548,0.21676737361746612,0.2117488484456746,0.20674337232593967,0.1993627450121379
4021,6107,0.4615653748312102,0.4383293621890238,0.43763941820753127,0.4296991893934297,0.42328262793498644,0.40795909894455024
4023,6107,0.5130510522047756,0.5046320167890939,0.552416229115778,0.6193265671009888,0.6999434703309975,0.7684927611082135
4025,6107,0.4784272089915634,0.44039267509986435,0.41758896807903423,0.3898980971453191,0.3718108560100805,0.3580451632027626
4027,6107,0.46535320110469164,0.5421939170540334,0.6320260253175429,0.7265862052290583,0.790413378504571,0.7946281850068196
6001,6107,0.4826497844908261,0.4646784824097928,0.4592056326390306,0.4467174284258608,0.42667073999309374,0.4030650852778051
6003,6107,0.3188258601222513,0.43093934555555397,0.5354731528502554,0.5915650450817856,0.59136937334386,0.587129520974538
6005,6107,0.6424810874877258,0.5995097487068957,0.5571928031708647,0.5143222589129485,0.4735479735145698,0.4437535990818938
6007,6107,0.7836495889475368,0.741211360109414,0.7202829649621898,0.6873201947726921,0.6402897214784061,0.5892815057958403
6009,6107,0.8055662957212097,0.7674168200173813,0.7292847189255632,0.6869129038342306,0.6421743395396565,0.6080311906709994
6011,6107,0.6516550733529748,0.5086737184167255,0.3755833001962832,0.2742962300830261,0.19019643843751444,0.13501005846733694
6013,6107,0.48278023320808827,0.4627703126799064,0.45387439092550663,0.43853754815480006,0.41769253287331704,0.394820153007247
6015,6107,0.8241858311876463,0.7632883043368737,0.7254452840185763,0.7046067581748972,0.6562006775251399,0.6118638590462807
6017,6107,0.6543654920821299,0.624255782743225,0.5893038054880583,0.5484214400367808,0.5045091639656871,0.47112404670616914
6019,6107,0.8930882030974411,0.8210973337335549,0.7686779193762013,0.7000007256885146,0.6124634508072855,0.5595856140802297
6021,6107,0.8483002215988451,0.8024770481260703,0.773474031428452,0.7516632281863312,0.7080102096974342,0.6417279833568752
6023,6107,0.789217105333685,0.729635231354418,0.6822193791142493,0.6365906849365285,0.5867976547936686,0.5395767662720202
6025,6107,0.5787533966179665,0.5579075745055917,0.5775993172520479,0.6423354223078445,0.7049521982979869,0.7391701472830148
6027,6107,0.8480918257839368,0.7927540562029852,0.7515068071190016,0.7134150191511983,0.671556442444905,0.6391775186562745
6029,6107,0.8732002103749128,0.8062934506938785,0.757333913968962,0.699164843282151,0.629354300422097,0.5780971280588051
6031,6107,0.8655589033018425,0.7939352985800312,0.7308369572409316,0.6420012223783857,0.5567467711609236,0.5099757044607011
6033,6107,0.7826295801920098,0.7286967110159353,0.6848291827299139,0.6305973408515909,0.5676693800587628,0.5292780133287691
6035,6107,0.7794460508677358,0.7043036964149446,0.6166696291403654,0.5357134791497591,0.465267934541965,0.40741884308054244
6037,6107,0.6315896370353107,0.6151943317637408,0.6097592958692629,0.6017369716091983,0.5809655480168653,0.5592273129889958
6039,6107,0.9032890939531271,0.8319925753786429,0.7898167426771012,0.7535934965237449,0.6690335086083952,0.5845028229623181
6041,6107,0.4160518883875635,0.39352807046073063,0.384100579401154,0.36775920433527287,0.34600564140551654,0.32387618973527516
6043,6107,0.7103710533667809,0.614410958972745,0.510423064876247,0.42277927794767683,0.3549439717873206,0.31886038848759135
6045,6107,0.8572659322902002,0.7821965757755004,0.7079829657551451,0.6439230116025338,0.5802616774599857,0.5283895828572331
6047,6107,0.8846497954299885,0.8110132476805876,0.7487420902356255,0.6762961602997011,0.5820381449114654,0.5012828478531222
6049,6107,0.8021918351663136,0.7117638567569065,0.6093509287399435,0.5183031895842014,0.44512259729365466,0.3963260636070151
6051,6107,0.5848462144541122,0.6189109113373024,0.6451396479585648,0.6393072758187284,0.5860562069925945,0.5560230145951284
6053,6107,0.7263316849184496,0.5897996914461552,0.4453561258355216,0.3351083822882239,0.26986384376677075,0.22448818171682033
6055,6107,0.6519233847953992,0.575956483237676,0.5286051802204019,0.509403848328906,0.48328232756824796,0.4463692003987914
6057,6107,0.7040357015114282,0.6742464158450747,0.6453298134637129,0.6051536827159752,0.5579195876551194,0.5203932726198731
6059,6107,0.4960751956692216,0.4790568079327698,0.4732084214404905,0.46114236066165826,0.44159854283368777,0.42071508330734303
6061,6107,0.6266339696177601,0.601896402304028,0.5802982248237377,0.5495921364090025,0.5151783692657015,0.48730663843478406
6063,6107,0.7286371243897474,0.623740159353562,0.4976522708567978,0.38083846566194274,0.29235723245750217,0.2382152407321023
6065,6107,0.6765961111837114,0.6464120045121609,0.6417163740643698,0.6507872688562463,0.6534357279315776,0.6493948101624852
6067,6107,0.5799008168233661,0.5568751229406659,0.5462415760989864,0.5285687077875264,0.5043769544741471,0.4831792572923617
6069,6107,0.8400375717660694,0.786104270259948,0.7216677872452137,0.637335460096856,0.5520183177515655,0.4880294222985855
6071,6107,0.6256327188711125,0.6140227716101103,0.6158562695341488,0.6086707188618941,0.591164430465064,0.5706532742859934
6073,6107,0.5484375560845205,0.5288712085184595,0.5232893789251273,0.511643539969087,0.49302120983660946,0.4742414027030042
6075,6107,0.5184066304777424,0.5017416109762785,0.4963778818965133,0.483824223396567,0.46520833542534745,0.4401044529294152
6077,6107,0.8148840581526502,0.7579855799781353,0.7253124175062186,0.6797674931745528,0.6180099413346873,0.56845074860392
6079,6107,0.6528128858359761,0.6124343464329594,0.5900342237482762,0.5729142658083087,0.5523653314734543,0.5288528272656216
6081,6107,0.39890271800563554,0.38291657406159246,0.3769610637759776,0.3611708030350009,0.336979913597984,0.31084980052138356
6083,6107,0.673586639977044,0.6004389299450171,0.54552695173869,0.5064900691929208,0.48233372925329115,0.46916431674414183
6085,6107,0.43270299474329654,0.4131499057369825,0.40166556036640894,0.3820436414094478,0.3572971629484961,0.3338082241136444
6087,6107,0.7716468909295316,0.66817910267937,0.5635707515907772,0.4750628370417443,0.4082286870538531,0.3580810885625177
6089,6107,0.782924448785498,0.7336034039323543,0.6859759280024256,0.6365641729699766,0.5873733521971726,0.5496643520253263
6091,6107,0.7351149041087663,0.6480830685911303,0.5303465904869351,0.41469015566066214,0.3187417549437515,0.2463332269299847
6093,6107,0.8450349602678149,0.753722940723921,0.6595620175555639,0.5885597879530885,0.5339569121863834,0.49241314937782216
6095,6107,0.619618442430005,0.5947958841710511,0.5779994008110233,0.5530961713575271,0.5259985539170233,0.5025973208268836
6097,6107,0.5497210158625143,0.5150952703022944,0.49149391225880545,0.4653744190946208,0.43478048878473,0.40343337620212366
6099,6107,0.8714523063616282,0.8406508887635132,0.8183043098121819,0.7628249607250964,0.6801519290616893,0.6176313473667222
6101,6107,0.876929102846141,0.8198198827559846,0.7607040278518744,0.6764592703509256,0.5702107137415843,0.4895736803384984
6103,6107,0.7965798815972195,0.7469967553767679,0.706951300483085,0.6726509904821448,0.6235001728988716,0.5696253170723905
6105,6107,0.7907250386509956,0.7051408578060107,0.6080345454514207,0.519335008264824,0.44737322992858164,0.3973192630771812
6109,6107,0.7916693870625848,0.7449598295573338,0.6939448480666862,0.6347504981651276,0.5843117484390605,0.5509088487912474
6111,6107,0.664622271132146,0.6146501384808332,0.5950986426082927,0.6063930792110349,0.623985044112906,0.6319017048531499
6113,6107,0.6442115336388491,0.5681862401993977,0.5084065759735185,0.4540316551544883,0.39642266521042085,0.3534438521832652
6115,6107,0.8638350011476263,0.8160225634999831,0.7739978260259898,0.7211888481915222,0.6606801999540298,0.612935903709473
32001,6107,0.7339060245111606,0.6910829086455491,0.6524263676108535,0.6056577442019861,0.5725151620732567,0.557433119862018
32003,6107,0.3723622250875404,0.3443372428969593,0.32696460850093884,0.30371572753390647,0.28086716061391465,0.25768148259983253
32005,6107,0.562522923860101,0.5207055392322101,0.4796346873697228,0.43261661682122726,0.39258383955287135,0.36227927115294195
32007,6107,0.7339030915231605,0.6699979855047782,0.6156277051039272,0.5527619164834846,0.4972452302311597,0.4610878009696638
32009,6107,0.5575150176645235,0.5693529161195222,0.5834893123768982,0.5653249724732843,0.5494948324358694,0.5399399407321436
32011,6107,0.6385258496345048,0.6130697515517602,0.5919363281842884,0.5416547563941874,0.5066060381257322,0.48805610955504225
32013,6107,0.6087782393343457,0.5656519435579124,0.5340424204397239,0.48487822928668506,0.4439590703045754,0.41071178852615187
32015,6107,0.7924356358062965,0.7632824665068578,0.7429086086058097,0.7081485755340646,0.677660020371172,0.6600840623656936
32017,6107,0.7577154298497052,0.7312414792938281,0.7209771117888001,0.7016900900125359,0.6817423373949888,0.6734797728288003
32019,6107,0.6172836160835941,0.5731361076179988,0.5297117136296421,0.48003315834650795,0.4435232945032302,0.4207688169620335
32021,6107,0.4883969898118447,0.4758630381928481,0.4684385451345609,0.4510774777151811,0.43382362002490005,0.4277570088207242
32023,6107,0.2770343350935979,0.2546988376437294,0.23998636735870515,0.22186163415772173,0.20523360128554866,0.19031011596277306
32027,6107,0.45304403079576533,0.42065156387974406,0.39477249117077845,0.35220616816269007,0.3141562293977895,0.2868363588365851
32029,6107,0.38690010899040966,0.35016119380085375,0.3215193441800727,0.2888595161572555,0.26448819382533256,0.25222199941868906
32031,6107,0.49540402335371064,0.4568767902701872,0.42201527024807095,0.37965995832010746,0.34571540802581247,0.32232355146753405
32033,6107,0.7653827089414357,0.7357699520346375,0.7150061881510431,0.6855544986891244,0.651790172192939,0.6238521825782133
32510,6107,0.6624728318753729,0.616144397595491,0.5746622965901942,0.524139364673842,0.4840884868789264,0.4592447678556112
4001,6109,0.7092924194522516,0.7073494392598567,0.7182238221994921,0.7352865038184159,0.7491963421208812,0.7271042798577776
4003,6109,0.7897541815831266,0.7584885574312281,0.7337487245397656,0.7159126528890729,0.709416833078459,0.7017599434127317
4005,6109,0.7778268521726476,0.7191632773009053,0.6832180453939676,0.6652489000020126,0.6581073561842967,0.6349639748228479
4007,6109,0.8337181544053064,0.7943203740116563,0.7597156950892436,0.7325282973256995,0.722332584374099,0.709585721031558
4009,6109,0.7444403392984231,0.7205962646705284,0.6959100510824779,0.6766602412685744,0.6632429097842042,0.6418639000776123
4011,6109,0.6841467271550883,0.6709726583376452,0.6513395408525969,0.6290368542943637,0.6096494800819314,0.586470371690558
4012,6109,0.6521487827982441,0.6211583645456429,0.6003743049342747,0.5924292586266251,0.5958696137021058,0.5939984292305523
4013,6109,0.6885993724693257,0.6533872936294441,0.6255239173416265,0.5993175939754234,0.5818254793748473,0.5568121547508352
4015,6109,0.8165087351459618,0.7574160610784626,0.7185011029820833,0.6899543047495064,0.6745418579324686,0.6621407829508833
4017,6109,0.7525774898314207,0.7273303036840143,0.7094467673008238,0.6995838934454428,0.6965710338349353,0.6717896975845934
4019,6109,0.595305252759162,0.5608271439064709,0.5363849081626508,0.51547698637962,0.5045019573458687,0.4834715984603206
4021,6109,0.6977363599062989,0.6589657635695082,0.627663467824554,0.6037132801729372,0.5896636948105344,0.5621227934905888
4023,6109,0.4310268704268051,0.45063687416136333,0.4939814743113921,0.5512741354878954,0.6141514302522211,0.6511424820467042
4025,6109,0.7654740316054125,0.7122254515088619,0.6716172777807915,0.6383695530320096,0.6188088735069542,0.5985860050933539
4027,6109,0.4128867458363734,0.4864448674246664,0.5657639952091151,0.617082669358066,0.627671916379775,0.605131209788664
6001,6109,0.7976798295795086,0.7650452241373983,0.7357522872395987,0.7062988294004814,0.68043087651357,0.6459529230693265
6003,6109,0.4044761367016354,0.4627522966778004,0.5301403983556235,0.5769784396993212,0.5566258251555345,0.49465514937164173
6005,6109,0.9105845831804638,0.8531543899387861,0.7997501000148255,0.7541023714832477,0.7232270353969945,0.7016703851239565
6007,6109,0.9240176875433348,0.8726765543398163,0.8255239778677207,0.7857492347720317,0.7543658504830933,0.7159778751707375
6009,6109,0.9238347587478104,0.8737780735274547,0.8236769299602975,0.7817693035346263,0.7498052681677294,0.7255393906128023
6011,6109,0.5302302157944725,0.4058865761012524,0.28853423758242436,0.2273976203572606,0.21105728741826718,0.22249013079115873
6013,6109,0.8176095518036622,0.7829371687422306,0.752224786542161,0.7228943332395038,0.6985632741647624,0.6666584506509451
6015,6109,0.8431188871272262,0.7930140661029749,0.743963068229214,0.7099617349695245,0.6859726126371549,0.6702026305872502
6017,6109,0.9109466322005104,0.8557045010645309,0.8039483981439624,0.7614636880567404,0.726215966724045,0.6978701935241041
6019,6109,0.8365797575511387,0.768534865309922,0.697910880869071,0.6404483680671692,0.6032081871120173,0.5851647874850802
6021,6109,0.778168919426078,0.73110869250437,0.6830051391511646,0.6516394761371948,0.6237770238943146,0.5848720346109496
6023,6109,0.8822523933472164,0.8150985245926351,0.7505559549287131,0.6966071600717458,0.6588617512159198,0.6282340110442303
6025,6109,0.56915902192365,0.5834278283247109,0.6179030566938781,0.6488222228662246,0.6858081104556243,0.7078976712750847
6027,6109,0.849893609472128,0.7895401324090554,0.7386590793937768,0.6995836116652104,0.6765513658405742,0.6584815444630591
6029,6109,0.856782637453337,0.7954051282210077,0.7247559654203003,0.6698689870131403,0.6384843010742386,0.6164983909111154
6031,6109,0.8195444392701965,0.7378610911516991,0.6559089902551951,0.5964739504738542,0.562818270181489,0.5437254954346479
6033,6109,0.8989203161755526,0.8374571323509177,0.7772506810244106,0.7257066547175562,0.6894746257617067,0.6638460333531229
6035,6109,0.8341955302232882,0.7539500345884572,0.6637882491511788,0.5907867989778138,0.548697655339115,0.5295133060374396
6037,6109,0.867154278929576,0.8375404919571333,0.8107525239887123,0.7765319361074158,0.7395844987375194,0.7160690602575311
6039,6109,0.819840071348984,0.770272071001659,0.7118819295462603,0.6578409879136242,0.6160489441945086,0.5887975022296693
6041,6109,0.7620491928795166,0.7211924760710037,0.6848039520235069,0.6511017888453519,0.6228391148965746,0.5871655575212928
6043,6109,0.7956852837901202,0.6861092706597405,0.5849342986392833,0.5201232086254827,0.49004487367737365,0.4947621970085246
6045,6109,0.8621500101968181,0.7824608115660071,0.7014165720634482,0.638271783168961,0.5981461585344884,0.5728802250032937
6047,6109,0.8349960325780105,0.7630652667502557,0.6851376754011532,0.6184387249464817,0.5728485053351685,0.5403861949069669
6049,6109,0.7918559631497112,0.7054655880295017,0.6122893087394826,0.5429935247784525,0.5067544869214019,0.5004796239264835
6051,6109,0.6334803288813082,0.6185895001539783,0.6176269693721067,0.6201448891261828,0.5806934112796409,0.5363326581966745
6053,6109,0.6320062597046173,0.5025509361994798,0.37808625733237117,0.30240683792191675,0.2785828096422282,0.2852833852761909
6055,6109,0.8638443793107288,0.7942370061689659,0.741959991277402,0.7078080135087165,0.6909484178141038,0.677604097578775
6057,6109,0.9333083537140958,0.8838568512127234,0.8361059288570895,0.7917274720410211,0.7534305041832479,0.7197792430672989
6059,6109,0.809378165722284,0.7730745725386643,0.7429111615058385,0.7132996790897124,0.686947785572522,0.6534881464450902
6061,6109,0.8935257207849442,0.8493855236884359,0.8087961091120492,0.7723243155994131,0.7406030636147282,0.7091975538498441
6063,6109,0.7626272425925178,0.6586565644158956,0.5431331799911367,0.4518673525500888,0.4057284118741298,0.39888012563621533
6065,6109,0.8615690565076606,0.8318104669717742,0.8170391570370816,0.8084183013549261,0.8045720537083902,0.790480085002934
6067,6109,0.879588498860135,0.8429194522821413,0.8117652058948374,0.7842327175884216,0.7613663495352021,0.7334663015107289
6069,6109,0.8058484047233808,0.7369050805189336,0.6602176412135363,0.5921920508629696,0.5394633715246306,0.5059509876182039
6071,6109,0.8861703957061666,0.8633600959732514,0.8452332999596688,0.8262253992306129,0.80683259300829,0.7779220118215597
6073,6109,0.8478865298561469,0.8114823079807726,0.7838677254885926,0.7580819233602197,0.736074389154679,0.7080180887839475
6075,6109,0.7657108450483691,0.7312208424270513,0.6986766768614293,0.6666481762557366,0.6373141679556144,0.5961845115832481
6077,6109,0.9224922507486512,0.8647721980881541,0.8108963300363218,0.7639989480748351,0.7314796873125027,0.701901763251378
6079,6109,0.8886265690872874,0.8349174178891052,0.7945604058214868,0.7658657047990352,0.7464978766430245,0.7229835687251955
6081,6109,0.7367122432587714,0.7006693393928054,0.6661930984892434,0.6324065439233021,0.6011810035903903,0.561985184966947
6083,6109,0.8778939458867423,0.8018271066835811,0.7381121418920635,0.7008153381928334,0.6892505078524676,0.6827004551293331
6085,6109,0.6996630492441236,0.6637575289206258,0.6302313339639121,0.5976253515635779,0.5690526322417013,0.5353519472044611
6087,6109,0.8538459476614363,0.7553647018358204,0.6572364445529204,0.583547761295373,0.550638163110894,0.5418633348534565
6089,6109,0.9254986558873342,0.8674965164329568,0.8106740267477106,0.7650554713681894,0.7337343470026945,0.7110259198107192
6091,6109,0.7352419175185007,0.6463395050116119,0.5396703896633662,0.44344259469422725,0.3861571272371975,0.3683994332354616
6093,6109,0.837567703883066,0.7550791443388719,0.6718702419963865,0.6171454548508283,0.5919878515242283,0.5869013656321035
6095,6109,0.9030551527049331,0.8646424521211185,0.8308028597822348,0.800898931399961,0.7779402104566093,0.7521038001278216
6097,6109,0.8533372958632879,0.802853563321603,0.758874580376039,0.7215072772943769,0.6920751101052253,0.6605826805109727
6099,6109,0.88718669498181,0.8428386457140242,0.7945151131345864,0.742121654549706,0.6940683867856222,0.6534272679157507
6101,6109,0.8120706852232742,0.7475594346862,0.6716346756964784,0.5978449307652923,0.5414007684316325,0.5044347929524859
6103,6109,0.9142347573729991,0.8633043620124828,0.8108520286709466,0.7692742466375369,0.7376782418127922,0.7071419692572201
6105,6109,0.7467384150947989,0.6582854474909755,0.5649528007881301,0.49260074147916527,0.4532476650087079,0.4400999506912754
6107,6109,0.7499354291511907,0.6822010634640536,0.6110140244520336,0.5667689152110791,0.5518499950306159,0.550585390453189
6111,6109,0.8393709493558152,0.7962029757610858,0.7743506229915929,0.7715337008704063,0.7800681978142061,0.7781431393354602
6113,6109,0.8514243796201375,0.7764282700826365,0.7046046092265866,0.6547255600707179,0.6278053528181596,0.6119011500168944
6115,6109,0.8851309112756488,0.829343420851307,0.7707986571656178,0.7204661767463261,0.6858117756285896,0.6564655017316772
32001,6109,0.8280879703353816,0.7786268244891265,0.7378737461003834,0.7063797196188344,0.6910009554598492,0.6846993440380008
32003,6109,0.683201446832526,0.6337111235870777,0.5988092477650616,0.5630217717434751,0.5362354822836756,0.5055458616504921
32005,6109,0.8250345712859153,0.7653406523662394,0.7189335185940505,0.6789841472570795,0.6508049989679616,0.6297500883197595
32007,6109,0.807002038670044,0.7074476146644115,0.6447276243680253,0.5919966951262322,0.5597704672919931,0.5376883888548811
32009,6109,0.48766165316870264,0.47808080907076356,0.4709695474538816,0.45544347158061976,0.4363599144156751,0.4144497395313756
32011,6109,0.6785917005055163,0.6412182675346174,0.6069857248587103,0.5679625528495483,0.5457642227024836,0.5326313682865478
32013,6109,0.7019567902094225,0.6426952624065101,0.5968328138183404,0.556244022937031,0.5312538274262435,0.5088380341383298
32015,6109,0.6807451339687584,0.6523317372726398,0.6277573746818111,0.6038460586849465,0.5917412190055642,0.5849792825084059
32017,6109,0.7835356891886766,0.7641794291703177,0.7515708407916105,0.7379825719906311,0.734533161581637,0.7315536483060804
32019,6109,0.837153534422014,0.7821802098322158,0.7370801622756504,0.6982285339485498,0.675551261457444,0.6609755669860132
32021,6109,0.6897142713861303,0.6750512233266004,0.6650830441820705,0.6555465393458623,0.6503063469623548,0.6492178818092879
32023,6109,0.6348934785755936,0.6029750452906452,0.5824522543544328,0.5607785514341526,0.5444173902288756,0.5275112196236764
32027,6109,0.7345475306890142,0.6935994348172537,0.6574869318373747,0.6198169616229607,0.5915394379944218,0.5697822263456617
32029,6109,0.7037162054929114,0.6616535304094495,0.6307191678242761,0.6041407124538861,0.5898838954562631,0.5834929046934619
32031,6109,0.7900250740673829,0.7343482302631456,0.6920554877555825,0.6527688293040192,0.6263734117427935,0.6049784447190726
32033,6109,0.7528454664304123,0.7208016724737121,0.6886106895631403,0.6604984182834183,0.6408583088439945,0.6241478850039417
32510,6109,0.8723048185049782,0.8120988861212565,0.7631282130875021,0.719837545672338,0.6944617313441012,0.6760830886433277
4001,6111,0.6489593982762661,0.6236324058334813,0.6196298897488833,0.6467054817836452,0.6850487793698181,0.693153322481341
4003,6111,0.7431255887059954,0.7321408535474635,0.722800127968959,0.7285173626942207,0.7387902512523388,0.7335075626930394
4005,6111,0.7501902838893189,0.7079157620510863,0.6872639661505052,0.6981824850225569,0.7137307307301425,0.6991876516915151
4007,6111,0.8178977611948257,0.8058437789561002,0.7925693099139712,0.7846264408324428,0.7833815179590432,0.7651396746415885
4009,6111,0.7361979035854823,0.717799974959701,0.6918697787170219,0.6813170100115941,0.6777563827686139,0.6628151173714433
4011,6111,0.7027466706131984,0.693325095578356,0.6728241940204105,0.6559289755744815,0.6438080906107468,0.6266013661947509
4012,6111,0.6612956251326515,0.6475072542810058,0.6319264482927692,0.6278573308328863,0.6295177498831818,0.616180805572773
4013,6111,0.7607759156734566,0.7146918436440801,0.6721594689587715,0.6400517089919378,0.6218727974546675,0.599514429748652
4015,6111,0.8307867229036695,0.7913789738520276,0.7629025345293758,0.7457005999415368,0.7330101488007216,0.7115891365072919
4017,6111,0.6756137424214597,0.653520114903472,0.6446979222076191,0.6608760555980754,0.686658417014204,0.6841611029882255
4019,6111,0.6642255306336572,0.6158067084633676,0.5736683945830343,0.5422668468266871,0.5268468994740331,0.5068866318837937
4021,6111,0.7565104602296644,0.7070232079965727,0.6638420280242554,0.6371991228463442,0.6259108930137045,0.6031717488507128
4023,6111,0.557098894695322,0.5050757894229664,0.4477767916326895,0.40893430414314935,0.40526241557091996,0.42311840315893456
4025,6111,0.7843097619340695,0.7426231738854608,0.7096771353871846,0.6881486370519753,0.6752355568952362,0.6526899756095302
4027,6111,0.4240376279818958,0.37622127015367324,0.34963331816894994,0.34614941568664437,0.36468185501074346,0.39839584285230384
6001,6111,0.8417346202065081,0.7944490109334613,0.7498957103355415,0.7183695149867209,0.700502597056973,0.6790673126427228
6003,6111,0.48775482851345353,0.42763468939189314,0.38707528741016833,0.3714845584774376,0.358307813826796,0.36897758378793644
6005,6111,0.8659984919508821,0.8450970157958281,0.8305272305683749,0.8241747585221256,0.8195803253112299,0.8012426234641415
6007,6111,0.8544700156968296,0.8309745349185069,0.8219947703529011,0.8316730026136319,0.8408662463474792,0.8237332322103779
6009,6111,0.855492627595696,0.8447240053739643,0.8365861209294427,0.8377313941972464,0.8359962200277969,0.8193404158939811
6011,6111,0.41928602077438354,0.4507455799375694,0.4788485597087299,0.5105464531199145,0.507055508262426,0.45897491639126925
6013,6111,0.853715222540306,0.8103548331449748,0.7710865606073207,0.744523983760309,0.729422935979629,0.7092525500201264
6015,6111,0.7948309174325439,0.7951532489537892,0.7957366620003574,0.7988267808731504,0.7893862528895118,0.7682992315313274
6017,6111,0.8877046639186218,0.8563286343439513,0.8316207277570563,0.8187754574102365,0.8047593933463207,0.7835821835780674
6019,6111,0.7439714689577861,0.7599696511619329,0.768575272520719,0.769302140723431,0.75499090901087,0.7263240347624468
6021,6111,0.666775061867356,0.6496068981040093,0.6516195139477903,0.6843375478916262,0.713819928054697,0.7104462269524974
6023,6111,0.839444709744679,0.8126850927933321,0.7921836021987085,0.7841756606809759,0.776099468823967,0.7488906206144408
6025,6111,0.6855455488962048,0.6232476054296127,0.5650006935226399,0.5203027440482401,0.5107440358758585,0.520582012181238
6027,6111,0.8279154809813165,0.8028461678773569,0.7886180536940227,0.7806632049676128,0.7754111457440047,0.7547955144887799
6029,6111,0.8044720674040073,0.8015051603867435,0.7895888722987842,0.780004466285462,0.7645789343610078,0.7401918876667094
6031,6111,0.702626900183753,0.7136420180917961,0.7217945786799778,0.7361583182624594,0.7429259241869068,0.7201446959003306
6033,6111,0.832751571374272,0.8260035087988632,0.8203999407031916,0.8165501658913272,0.8047662974903933,0.7750452565588198
6035,6111,0.6760821106880264,0.6902071469697287,0.7050555576388301,0.7277904548541985,0.7429156645428366,0.7257292704294377
6037,6111,0.9169778652245393,0.8734775441730677,0.8315012438185997,0.7924388427595564,0.7590271144446855,0.7435355369354196
6039,6111,0.7154771623697908,0.7345842363564985,0.7583678893677516,0.7705176944533687,0.7564018536550068,0.7289849821358156
6041,6111,0.8074389538199621,0.7550461064629619,0.7070092847309964,0.6741934942059273,0.6559437140723391,0.6345790189373491
6043,6111,0.6952174173405854,0.6959646843694196,0.6986126253350605,0.7145619946500396,0.711990213916266,0.6828605131806492
6045,6111,0.8027461809700983,0.7944656208824215,0.7866529966588396,0.7860040103786744,0.7763885147228152,0.7418424694520533
6047,6111,0.6873160438998672,0.7023311551215727,0.725430669373398,0.7461600025156596,0.7536095553587557,0.7271257751094
6049,6111,0.6365958681812897,0.6568920684026667,0.6751913199377684,0.7009422202614546,0.7175846495228692,0.706688994311264
6051,6111,0.6562479646045364,0.6077913866874413,0.581817742223289,0.5580763546892639,0.5173277386131805,0.5035234431577269
6053,6111,0.5216818375070009,0.5307525426977391,0.5431869703377339,0.5704420193005488,0.5787084002225401,0.5394981284817746
6055,6111,0.8841062505157137,0.8435056728651208,0.8193326112077944,0.8007310650545675,0.7816374323570247,0.7467409245077821
6057,6111,0.8884687382706169,0.8614474055664071,0.8417071317154083,0.8332189437084604,0.8247088609561438,0.8058600599114623
6059,6111,0.8715268003169581,0.8199716638264425,0.7728919427404303,0.7376973955076465,0.7150827683327186,0.691451013441345
6061,6111,0.8929660035739377,0.8591221817399965,0.8307222902951514,0.8134096627915504,0.7997021358288888,0.7790067661373049
6063,6111,0.5969024702674974,0.6273940157648151,0.6507975669398418,0.6745084518997261,0.685587353255384,0.6638806019248654
6065,6111,0.9377112227972462,0.8823731262065176,0.8347852446826816,0.8011483861007215,0.7871777131084118,0.7765105241652317
6067,6111,0.8961740169908743,0.8609340636448273,0.8300832739329291,0.8104948584456769,0.7989665010387069,0.7804868856044506
6069,6111,0.7112949624825762,0.7215807037431139,0.7335985217422463,0.7414425461019933,0.7335136385170877,0.701153587555385
6071,6111,0.9194716173228371,0.8830730285047257,0.8509701446232124,0.8302572575991229,0.8192394134720441,0.804201019879802
6073,6111,0.8946560428293746,0.8441444447647688,0.801277408061785,0.7712490597259788,0.7537594874801873,0.735522204470557
6075,6111,0.8195224759234553,0.766711453102216,0.714997349003903,0.6795541048045258,0.6589170524117139,0.6332216819399189
6077,6111,0.8721081992839197,0.8632403752495829,0.8607386538815528,0.8553777620081384,0.8453254874370221,0.8115054156518234
6079,6111,0.9119540486472835,0.8627722130194675,0.82530620431575,0.805339564337647,0.7931028572857166,0.7719019398352905
6081,6111,0.7817821442412436,0.733605867313334,0.6886634724684708,0.6573908736897597,0.6380747341234307,0.6144694754138477
6083,6111,0.8949864421504103,0.856890049479106,0.8219510744126717,0.8049790245680888,0.7931604948783952,0.7699654630033027
6085,6111,0.7530059858506588,0.7120651114501892,0.6727140309253274,0.6425877446128128,0.6224087452045356,0.5981968566703211
6087,6111,0.7646065454400476,0.7629449032970067,0.7631987640651167,0.7701421102117273,0.7686335671293445,0.7369154718969426
6089,6111,0.8497782393785092,0.83823497947983,0.831976032476584,0.835810264327665,0.8384848168020008,0.8241557256021033
6091,6111,0.5512444703238476,0.5847111843536134,0.6133540696559435,0.636570718976809,0.6442105397201995,0.616566781830788
6093,6111,0.7327475364972037,0.7394725344400979,0.7449513663822843,0.7619063016263679,0.7679066302857507,0.7466920582511182
6095,6111,0.8885250156320363,0.858842541640913,0.8341175770156578,0.8220352701566622,0.8172089459202851,0.8016739504665757
6097,6111,0.8585033607072023,0.8150527612427203,0.7812126037758877,0.7632433657185088,0.7540743105106374,0.7350438060225496
6099,6111,0.784923360414202,0.7904803870589666,0.8032383221361272,0.809468665932178,0.8048260265079112,0.7802503165496384
6101,6111,0.6617676708339424,0.693812681293593,0.7287717925422457,0.7452093079817627,0.737892871593112,0.7024769416206679
6103,6111,0.8346630982643841,0.8167508165524792,0.8095737123538964,0.8197014072527347,0.830419091310306,0.8208609505657958
6105,6111,0.6144714880881795,0.6316283516804387,0.6459235367604185,0.6614641122948544,0.6630319031581866,0.6316267731243524
6107,6111,0.702306907045177,0.7048024248419076,0.6958932294371982,0.693673156714332,0.6821912640297463,0.6622486697235741
6109,6111,0.8711763581360906,0.8532588283232511,0.8417726594430709,0.8406084485555643,0.8398423031308151,0.8221130524863879
6113,6111,0.819436165024188,0.8130020308587874,0.8048413217435995,0.8006532240874212,0.7861754967524046,0.7496833046651694
6115,6111,0.7875076191027124,0.7838458665928005,0.7851728053052028,0.7963646285717172,0.8040937815901874,0.7875614639664369
32001,6111,0.7578393564220343,0.7496563980822861,0.7436257740379161,0.7467939404326986,0.7521432747321121,0.738806483438648
32003,6111,0.7270037546609693,0.6641769392625372,0.6188638522788872,0.5814148685974476,0.5577785165703485,0.5303611426456327
32005,6111,0.7892220553437367,0.7551343704564417,0.737440732387983,0.7235316014703779,0.7081880387910314,0.6808984089282563
32007,6111,0.7095541969065571,0.6553749917112902,0.6437835052100319,0.6514480926763109,0.6626299246573547,0.6510483136393062
32009,6111,0.40643546182769175,0.39788463304002886,0.4022488800104968,0.4089225358962783,0.42148114474545384,0.42524939099939857
32011,6111,0.5689992378954698,0.5780727797288794,0.5855683988104883,0.5997275834006439,0.6175708822792733,0.6130319651634681
32013,6111,0.6401739966465186,0.6142288374580525,0.5998613482188832,0.6030113444163179,0.613456711007244,0.6005082247587537
32015,6111,0.5707813473840168,0.583650804631149,0.5965609331839179,0.6167279935286003,0.6364776787424823,0.6380344550269311
32017,6111,0.728862577727422,0.7318073361400481,0.7306484919529797,0.7349078657614774,0.734077172354783,0.7213118503206861
32019,6111,0.7802871883299026,0.7626507439848361,0.7513321974629384,0.7469645361664391,0.7462135665438909,0.7286291912894621
32021,6111,0.6097590733933079,0.6108032658922709,0.6126998216239679,0.6203970131086237,0.6307995116704739,0.6334002376104716
32023,6111,0.6324432015178358,0.603249556525499,0.5861739460673814,0.5710987356379263,0.5604141718879091,0.5437335743999238
32027,6111,0.6584714079379602,0.6565017169940448,0.6592728103500899,0.6638004195140947,0.665347972564666,0.6469090834920869
32029,6111,0.6694128620452294,0.6477308192886078,0.6369626092546988,0.6268021777299246,0.6216646506265624,0.6113503918063955
32031,6111,0.7683943126608447,0.7289834358923144,0.7029863849325338,0.6859246400203146,0.6764468051522651,0.6578399187506137
32033,6111,0.7059224672495764,0.7059121884496732,0.7036054023650539,0.7133352654367354,0.7211183555600114,0.7137482912240929
32510,6111,0.8308418006428195,0.8051437974110119,0.787030092514373,0.7783157019008713,0.7754852214449895,0.7577866238021117
4001,6113,0.563694865237222,0.5554309360228553,0.5787470006638518,0.6113646332158549,0.6399955150122794,0.6331737274953115
4003,6113,0.653449185440328,0.6329492664295693,0.6121347792130719,0.5941787620061743,0.5924347768682452,0.5930497451537511
4005,6113,0.6669331984549274,0.6130642062178479,0.5819416781556823,0.567006012508884,0.5691430896489126,0.558336415427562
4007,6113,0.8119062244804072,0.7791832779035625,0.7497516516583013,0.7220025940248848,0.7118459523900711,0.7043642615248917
4009,6113,0.6727941103975095,0.6533620169688867,0.6361371137240773,0.6217563136328941,0.6153211938502762,0.604172437748807
4011,6113,0.6656991602801243,0.6599394705076352,0.6502518125802783,0.6325378984414407,0.6201476186084659,0.6060325457573571
4012,6113,0.47417856804756525,0.4446638169654122,0.41920981954490555,0.4072268041590882,0.4193814073496768,0.4329929770431373
4013,6113,0.7949870611816711,0.7697440067097717,0.751388494982557,0.7336540479226954,0.727639877980159,0.7163446707480181
4015,6113,0.8306985735067992,0.7873342889381819,0.7520595879945225,0.7213261423290137,0.7104638719970552,0.7070086243250646
4017,6113,0.6027585110887407,0.579489303658797,0.5716081183236563,0.5691441221470596,0.5712308208553317,0.5555976146974134
4019,6113,0.73189767646393,0.7021086734518242,0.6856152726210318,0.6731757128780227,0.6710797504309968,0.6613803111032613
4021,6113,0.7946982973693207,0.7645376788026469,0.7414134813905338,0.7231109210853166,0.7187523746003348,0.7063025401435039
4023,6113,0.19676558638372602,0.20363097379737877,0.24595240431422216,0.31311682512319317,0.39889633789294976,0.4743533023867011
4025,6113,0.8572184004379975,0.8152230430775573,0.7796752073985894,0.7473081307129695,0.7316909453733348,0.7184427538602328
4027,6113,0.16559674772927638,0.24948054290100508,0.3500595313713312,0.44412908998314243,0.5082977073071235,0.520188708079356
6001,6113,0.8260580826118499,0.8065084705581582,0.7903242266460554,0.7726224137119744,0.757494447347099,0.7343804741757579
6003,6113,0.24689993566328672,0.32887505616083823,0.43618178230486615,0.5215897470932864,0.544234361473275,0.5277979036498016
6005,6113,0.9406890324296838,0.9004353362458328,0.8518967937238372,0.8063252445860123,0.771020601309941,0.744898234627211
6007,6113,0.8995764513421712,0.8606689909979327,0.8226843333251554,0.7869387212066457,0.7550618740146983,0.715709063150866
6009,6113,0.8749845645169324,0.8404083776798025,0.7964213328854797,0.753985167263652,0.7185257534289181,0.6912209015561088
6011,6113,0.5672898104904178,0.4283159692602609,0.284016956392951,0.1846136921816628,0.12622026677732343,0.10515348655887832
6013,6113,0.8539928413613721,0.8318748484222561,0.8128518720928605,0.7935090177524086,0.7783950981448958,0.756909999944805
6015,6113,0.7913347990112531,0.7456448124604841,0.701027650719535,0.6700087333510482,0.6396697774967202,0.6117582939246206
6017,6113,0.9247296681350731,0.8893381284694859,0.8490039426701772,0.8102375793353638,0.7751258721108562,0.7461505003046652
6019,6113,0.7776124048838938,0.7181047356168931,0.6529898837291407,0.5871452778288362,0.5232555149121293,0.48338814142295294
6021,6113,0.6838841382175227,0.6467165945754602,0.6027147964354355,0.5742503037246982,0.5486960809464134,0.5080176641532255
6023,6113,0.8576486554433083,0.8025053132345213,0.7402043086392793,0.68531681338214,0.6426476964677726,0.6040828469978073
6025,6113,0.4279035551797961,0.4338919296059707,0.4682829161121605,0.5254283769573272,0.5948586990284178,0.6441518485193515
6027,6113,0.7452308276021711,0.6988197417834211,0.6556740934296583,0.6186902446747112,0.5919807048724578,0.5715007202660511
6029,6113,0.761899004470372,0.708384873694127,0.6478348617188696,0.5927855552438118,0.5428309379101176,0.5090742640380654
6031,6113,0.7709554514610014,0.7064927780999352,0.6252548168144749,0.5431500771494474,0.478877166466499,0.4429185808737431
6033,6113,0.85817497263417,0.8078655096281145,0.7542386218345617,0.7006675836854459,0.6517049121737698,0.6152056414259968
6035,6113,0.8508303458107929,0.7833450159104439,0.6840853650302424,0.5910760418508597,0.5244499182214978,0.4807217921508425
6037,6113,0.8094002383576385,0.7890633692972435,0.7719325260378,0.7546555194865966,0.7363524833864337,0.7241662145294933
6039,6113,0.745705582460918,0.6968233071274718,0.6480045719235186,0.6058560918031987,0.5470607746245001,0.4866756905457218
6041,6113,0.7998377298442212,0.7746198723562425,0.7527590579042667,0.7300510520621633,0.7116939227972526,0.687727557448082
6043,6113,0.7986100946643842,0.6995368259966109,0.5828797999472742,0.4918390243046573,0.43335985521712095,0.4118950105345252
6045,6113,0.8237167401038733,0.7559700222767757,0.6744415653543171,0.6049331905879861,0.5533186065357865,0.5135681550880006
6047,6113,0.7793741228169104,0.7149300038423642,0.6405165810301057,0.5662769227075112,0.49741525127740815,0.44053630338505684
6049,6113,0.8043397547734424,0.7275142112323816,0.6214188834624281,0.5271330186768625,0.4633234170223833,0.43220443052604124
6051,6113,0.4447527148386523,0.4653645197355975,0.5067374065832861,0.535867576982236,0.5116551984071106,0.4809446301388408
6053,6113,0.6575947276549146,0.5238278774508137,0.36788757490132706,0.2520004860790083,0.19332368682094797,0.1746911112227073
6055,6113,0.8489560768006511,0.7805085420449559,0.7285292417542338,0.7010990581184003,0.6882315863386451,0.6683753539556782
6057,6113,0.9146146099850396,0.8846512387720442,0.849285634139411,0.8103876263185543,0.773195947337361,0.739237214245772
6059,6113,0.8210822801745185,0.7998478652320749,0.7844864751986602,0.7683987499188156,0.7540244654685078,0.7336063406706912
6061,6113,0.9140689937685059,0.8887644487256545,0.8614841194778343,0.8320072397002863,0.8051032122353338,0.7798237268116748
6063,6113,0.820223900518659,0.7308131349123163,0.6005809773980628,0.4783355442690151,0.3939747165685979,0.3538747447071813
6065,6113,0.8127165081624846,0.7911304080928376,0.7843013764278189,0.7882771363305764,0.7992077925126542,0.8032604434634165
6067,6113,0.8955998411393818,0.8725962204521864,0.8528427625917224,0.8331509156499229,0.8165597979001299,0.7976669398181335
6069,6113,0.7746943420248062,0.7251555423516343,0.6568167674417577,0.5793946070679689,0.5074998903373132,0.45484744887145956
6071,6113,0.8777393259780693,0.8675111364406844,0.8624413117293275,0.8552587757550143,0.846969204704733,0.8304604535732715
6073,6113,0.8451260741892408,0.823650699324144,0.8102866796896219,0.7966408874971791,0.7853755284627914,0.7694920735514031
6075,6113,0.7393197610761785,0.719846452197756,0.7021622981611622,0.6833244546441158,0.667432887225915,0.6409424406654877
6077,6113,0.8942227241589228,0.8425353056579664,0.7964722514871633,0.7511051998111284,0.7096900438986453,0.6726386767965264
6079,6113,0.8656401046960013,0.8234409360656054,0.791096989415427,0.7698240666839399,0.7583731556593114,0.7426163837272579
6081,6113,0.7842367950786019,0.7634802617015014,0.7441841147039299,0.7218948497763827,0.7005810172389869,0.6717806093047184
6083,6113,0.8795089469878182,0.8097150198396748,0.7439369821516241,0.699950741065431,0.6837306812963764,0.6804458260109028
6085,6113,0.7702245143110397,0.7479119825556381,0.7271120296619981,0.7035818564656483,0.6823117661032397,0.6573744126087684
6087,6113,0.8987491221040175,0.8069990131957764,0.6965984487082872,0.6020921348718905,0.5456066589445597,0.5149603282605699
6089,6113,0.9209807264484455,0.8779292552198198,0.8245273811501531,0.7737824603560086,0.7352202530022404,0.7070045547685048
6091,6113,0.8164377972557978,0.7431009391644114,0.6218817861433303,0.4985451592062037,0.4067473230293861,0.3494479135736852
6093,6113,0.8218780551525647,0.7435402686596205,0.6463694918524303,0.5715847607681631,0.5277484814415017,0.5068056910698274
6095,6113,0.8870964574431227,0.8625426772859928,0.8369838174144167,0.8107680170084014,0.7914733739192251,0.7708723232279596
6097,6113,0.8945358548281123,0.8609220028542771,0.8287104030331723,0.7986842094148299,0.7746055047422062,0.7472491231861853
6099,6113,0.7997171339153353,0.7719442962767867,0.7398270741779712,0.6917524668734348,0.6322373135767291,0.5795671665499993
6101,6113,0.762705919004845,0.710843830994868,0.64628008956317,0.5655744259269093,0.4801756599713016,0.41323045252121027
6103,6113,0.9039423209910186,0.8666237132658815,0.820427233917524,0.7817862417712806,0.7476822293256115,0.7100746046318013
6105,6113,0.7418263813865266,0.6625970908047261,0.5560574612077209,0.4590572354101715,0.39129703419704936,0.3531283984713546
6107,6113,0.659779162580008,0.5920822551047938,0.5224466834424298,0.4726476966083918,0.43437068880480284,0.41990697946748434
6109,6113,0.9001738729424568,0.8552817746181368,0.7981253134455678,0.7397178893699741,0.6962185910589771,0.6679319210768101
6111,6113,0.7919526980676853,0.7491366646631067,0.7262065321517309,0.7306138491842218,0.7558276894396173,0.7733697297777407
6115,6113,0.8123678309934195,0.7721573680365091,0.7197515079824667,0.6660473709758064,0.6215088526904298,0.5857785332832196
32001,6113,0.832792336596901,0.7939606261072012,0.7509747583274322,0.708593152816613,0.688374127134807,0.6821065908042804
32003,6113,0.7211972076391068,0.6880919485916343,0.6667219607457887,0.6411552039644668,0.6228257926704462,0.6001967097600729
32005,6113,0.8770149405070852,0.8318436589540783,0.790824280857471,0.7498252695637736,0.7192702920879992,0.695181082423712
32007,6113,0.7798346101495384,0.7100236836951843,0.6480309755627698,0.5864431221958784,0.5460019033036461,0.5168580328340603
32009,6113,0.337556702530371,0.34195827190439854,0.3503493774994249,0.3420034789495506,0.32654639788743794,0.3048968320795827
32011,6113,0.5945444161998461,0.5678294848589159,0.5280187704926382,0.47870456010036044,0.4499805528138439,0.4300504703346553
32013,6113,0.7713249684984429,0.727225432676241,0.6806285434146535,0.6321797998209099,0.6015452988981912,0.577766839216062
32015,6113,0.5178533465677398,0.49746253643583005,0.47195438155474767,0.4407469409725791,0.42518521481306065,0.4177585979192902
32017,6113,0.6525255174791169,0.6333483368793712,0.6218116243109937,0.6130500856851554,0.6148451321529447,0.6182370053342332
32019,6113,0.8947531763242146,0.8528949920208537,0.8061256063592904,0.7587985557815446,0.7322866170102901,0.7163424174516229
32021,6113,0.710931045417295,0.6999866159909783,0.6904910523496786,0.6804801070317182,0.6764738920896989,0.6752157951783969
32023,6113,0.7624489245287268,0.7381682243574692,0.7206105096620026,0.7025655997357042,0.6904531604228297,0.6783294911313693
32027,6113,0.8418804440248613,0.8095714856023138,0.7762800916705258,0.736274212245543,0.7059286543348781,0.6803481364957569
32029,6113,0.8052299187665386,0.7703363320764164,0.7378763158069737,0.7071438691746247,0.6926923008669842,0.6880317112491657
32031,6113,0.8861918005048354,0.8469028273862781,0.8091254644148483,0.7682822210049265,0.7417479656399554,0.7214593605802616
32033,6113,0.6748605744823573,0.6555907764140119,0.6306913235606905,0.6030074745505098,0.5830327989335577,0.5679301555921068
32510,6113,0.9024010278018899,0.8592490568127981,0.8134815503262118,0.7650155175780451,0.7368403695482694,0.7190122347298493
4001,6115,0.7530559542866612,0.7348321616186219,0.7508214979455277,0.780305494663537,0.8003231545314392,0.7819861467070203
4003,6115,0.8002373377105451,0.7686875098784741,0.7463767006716665,0.7350857476345747,0.737174204303663,0.7437952771986743
4005,6115,0.7499956922576138,0.6898922410904539,0.663667665107059,0.6622859888778687,0.6699332587815215,0.6626126253924918
4007,6115,0.8248551186552292,0.7847348270709392,0.7564675632796335,0.7388584819736704,0.7381029566028124,0.7389235447990404
4009,6115,0.8118056977142738,0.7901430887966953,0.7758612748737528,0.7678994500175632,0.7639205140535161,0.7550264872701165
4011,6115,0.7276929221159157,0.7198460252281911,0.7090589301508754,0.6955505268842654,0.6837863797841389,0.6717966986407445
4012,6115,0.7674705652915284,0.734251363642632,0.715187006330279,0.7154643856529098,0.7331922866426611,0.7481128752299926
4013,6115,0.5296287728821262,0.5076164032822558,0.4928465757221053,0.4791753727737057,0.4715828857081161,0.45875015901061245
4015,6115,0.6820073367318313,0.6373746323736287,0.6080436771386302,0.5897181707627865,0.5859924395778183,0.5907670763351467
4017,6115,0.8392798160400952,0.8027274729734133,0.7886845706460238,0.7882230891178464,0.7921021543398405,0.7759287359559077
4019,6115,0.39437534221058634,0.3718530767288792,0.36077565847957355,0.3541098318398607,0.3519904688389249,0.3419711278132021
4021,6115,0.6319861406662045,0.6005735038302477,0.5783127366325567,0.5638851601654995,0.5594723283987377,0.5445627365391796
4023,6115,0.5218568081423158,0.5501150905003377,0.603544413214586,0.6659419823426415,0.7322240359216429,0.7731294424308361
4025,6115,0.625109574223804,0.5827253795243821,0.5508531382235057,0.528449334100152,0.5199466842216147,0.5150090745380836
4027,6115,0.5172059215402486,0.6038413135052475,0.6887213357827963,0.7463279853284155,0.7589891416396584,0.7260409741583118
6001,6115,0.6617580324733195,0.6429856096606271,0.626640827160268,0.6100890343832979,0.5921954569008437,0.5688811681340287
6003,6115,0.46237769183840804,0.5554484104845917,0.6507978131439918,0.7027516861030094,0.6712322064145766,0.5947407008866245
6005,6115,0.7832153804382113,0.7334343764447652,0.6848407929117084,0.6486090597145348,0.6264014575749701,0.6180831237683346
6007,6115,0.9109264441294098,0.8574402050289277,0.8135053046203128,0.7813496556239999,0.757191335051493,0.7298383146224507
6009,6115,0.9383921308723719,0.8903431116008185,0.8433948830284786,0.807939364788137,0.7823856166288924,0.7687327433023795
6011,6115,0.5507448436619882,0.4036617143632078,0.27965616487671574,0.22943772987395847,0.22905524935603125,0.2561117181353976
6013,6115,0.658664811263679,0.6371916575753455,0.6189703536920047,0.6019726175198808,0.5861292332015838,0.5659869447805197
6015,6115,0.8886691762604009,0.832354157805121,0.7826977933009558,0.75933316874269,0.7400319993920723,0.7274808209883701
6017,6115,0.8041166056324128,0.7635295813755963,0.7237517724850936,0.6908440045340132,0.6624380135336111,0.6439221074799143
6019,6115,0.8896214019840416,0.8154897395789269,0.7504229913148731,0.7033003129376193,0.6670336317625786,0.6578107541217866
6021,6115,0.905568429204598,0.8452339156584968,0.7900570320256299,0.7629880769230485,0.7430073493318773,0.7113772173682567
6023,6115,0.8919927861888312,0.8240336053065754,0.7623873083228756,0.7187564892919212,0.6914555820779783,0.6735711626397528
6025,6115,0.6177341302186335,0.6410868566740383,0.6821202245220208,0.7240672416550556,0.7676662532901953,0.7883926134667371
6027,6115,0.8976348027564618,0.8418346455178891,0.7958647517873118,0.7643149118287489,0.7458020782978019,0.7351832359498132
6029,6115,0.8835053939469489,0.8208821952472964,0.7603356501639623,0.7185391303875207,0.6911523043435979,0.6796886656187682
6031,6115,0.863810646496369,0.7750508500652684,0.6955122006019353,0.6375809435113952,0.6068616086631218,0.6052045287009236
6033,6115,0.91437436465935,0.8542709020669265,0.8022262080691542,0.758206349857477,0.7264407321146088,0.7099719325708859
6035,6115,0.871341166074404,0.7768720204066143,0.6753632012552185,0.6029408187976182,0.5716522085446546,0.5694433304534757
6037,6115,0.7429482999210996,0.723686612120092,0.709983704044857,0.6960268942395507,0.6779203955344218,0.6628043481377274
6039,6115,0.8865925163510081,0.8238199308645023,0.7669803976633603,0.7313150106861613,0.6906261166330765,0.6594946140293212
6041,6115,0.6072595352782452,0.5832811518918103,0.5618207487921304,0.5417829486336704,0.5224274481301034,0.49959255628441096
6043,6115,0.7082065187292237,0.6001996040664629,0.5005127317023982,0.44620264755882283,0.42961407163358994,0.45038691328448816
6045,6115,0.8889533085368895,0.8045896068341484,0.7224379995937347,0.6686692444487984,0.6406184803996651,0.6290561857251206
6047,6115,0.8975646621705736,0.8113083321091052,0.7311425657974646,0.6722561426007271,0.6311158524304685,0.6052829948823115
6049,6115,0.8180309490116969,0.7174425775237803,0.6128635712760001,0.5434574679277283,0.5150948417756931,0.5232661047386444
6051,6115,0.6013506550491525,0.6255786900107925,0.6570337389683054,0.6719166848217384,0.6207536573044448,0.5620089543929258
6053,6115,0.6574408554942244,0.5101237868590511,0.3758169468947394,0.305637836620341,0.30303449520015857,0.33203270141252217
6055,6115,0.7371046573688415,0.6780703631517282,0.6360653396360955,0.6235865151053638,0.6210835014752564,0.6148164369878029
6057,6115,0.8497387572536846,0.8100290113259901,0.7705591656695464,0.7346416900468501,0.7027907452529261,0.6795440847960267
6059,6115,0.6470936101280977,0.6287574530252494,0.6144446120692019,0.5998774233301796,0.5833034718368962,0.5619481760185303
6061,6115,0.7971324363165387,0.7655749510906726,0.7353477574527928,0.7079364923975839,0.68315061269656,0.6628462187351749
6063,6115,0.7435265961344849,0.6252603571847601,0.49717534285364345,0.4058279514586052,0.36898402902383065,0.3816034375693665
6065,6115,0.8197286034933158,0.802650882344942,0.7980610560973311,0.8010455219890451,0.8055416934497487,0.8004332944697174
6067,6115,0.7455359662512681,0.7196494149902565,0.699009575374511,0.6822018507074005,0.6669759742688459,0.6508362601407771
6069,6115,0.8818395451000791,0.8072995444916272,0.7308364375482699,0.6659242510677615,0.6167791131923215,0.5922168526526993
6071,6115,0.7907951402945057,0.7788114238708004,0.7710180083011253,0.7617327282366329,0.7481868528971282,0.7281089684329309
6073,6115,0.6984655344217898,0.6797230696419269,0.6671891430157854,0.6548879417033286,0.6414061729251042,0.6238499106931873
6075,6115,0.6901808495450977,0.6710348553839588,0.6527792941920675,0.6341934199566615,0.6139239230252321,0.5855885665689347
6077,6115,0.9114313813984702,0.8505053334450232,0.8039542686272907,0.7695541254536258,0.7438419262584557,0.7229740474705999
6079,6115,0.7969095988678743,0.7562669470103169,0.727890444079733,0.7133107913117265,0.7057936096555225,0.6943380256825733
6081,6115,0.5991452268297807,0.5783048769491907,0.5583688933800292,0.5368430900972678,0.5137548407007052,0.4863130966326723
6083,6115,0.7626443210990583,0.6961815352599344,0.641501832478669,0.6174036415203857,0.6189011592636497,0.6293261118235305
6085,6115,0.6235407046715429,0.6009304325447106,0.5795865253884479,0.5575816430153517,0.5356748509895688,0.5117451361926287
6087,6115,0.795675281296333,0.6904885053742261,0.5891081602877238,0.5239325919723363,0.505439468493877,0.5147194850802417
6089,6115,0.9133594671371087,0.8549464069088323,0.7980989579086329,0.7564921921897957,0.7322322545704808,0.7216508600688657
6091,6115,0.7620380176726532,0.6570572871655462,0.5338965127016582,0.43560034388050145,0.38738375657852786,0.38615781162288304
6093,6115,0.8769384827710092,0.782878094819435,0.6909500691700329,0.6401981676916001,0.627687069773928,0.6377783600483768
6095,6115,0.7604584355698322,0.7319203173402827,0.7065493010885535,0.6858786309743632,0.6710107067394412,0.6584428244001099
6097,6115,0.718174413308321,0.6801882824587614,0.646052041617464,0.6195565620381993,0.5984457834376473,0.5782473229072003
6099,6115,0.9446795190117766,0.8980823991345275,0.8557845192570229,0.8101588003609925,0.7613742218921392,0.7255343749768197
6101,6115,0.8908423996239991,0.8163262232205469,0.741522738689355,0.6711837566235092,0.6151773550109814,0.5814059069418546
6103,6115,0.9118557015062786,0.8566852779259128,0.8027476256585203,0.7677765272533372,0.7424052163499478,0.7199426339560117
6105,6115,0.8466083450684107,0.74543924605844,0.6423610440398989,0.5714892437142564,0.5428925521563525,0.547268077849864
6107,6115,0.8333864717129985,0.7546456428318349,0.6876553600000432,0.6537292688029961,0.6407416922303292,0.6490560649893693
6109,6115,0.8895066266252348,0.8302624268843476,0.7724985707517713,0.7253967003451398,0.698036853991656,0.6905423654841887
6111,6115,0.7695520401615716,0.741545028803626,0.7309520608716517,0.7454927460636444,0.7691884300208705,0.7786493716400197
6113,6115,0.7587761467399299,0.678721505114284,0.6120601357236763,0.5749234629079045,0.5594197354465158,0.5571435690450661
32001,6115,0.7847187258142679,0.7372536917206639,0.6993087989079185,0.6745953969214835,0.6710756226388757,0.6824292813329599
32003,6115,0.4599179806612856,0.4327356275290298,0.41498012530940687,0.3942356022044994,0.3774140763055169,0.3573476609676086
32005,6115,0.6813901322402882,0.6368361671270514,0.6013594918808055,0.5719531303305769,0.5526198326315438,0.5407569493749863
32007,6115,0.7715770421046679,0.6895198473408282,0.627399437290002,0.5808925381401474,0.558000368887653,0.551912953904461
32009,6115,0.5756615210545298,0.5777060285452992,0.5787708975413742,0.566863851134405,0.5523849114212549,0.5352875277349209
32011,6115,0.7265499775459117,0.6828304349498208,0.6451541806656613,0.6090433064918616,0.5951614378469674,0.6007848045971859
32013,6115,0.6738173901700666,0.6175793570060796,0.5711760426234768,0.5360255988135579,0.5202321747617927,0.5146455048960948
32015,6115,0.7741134921761222,0.7416677976631587,0.7142939817752844,0.6956329864290189,0.6905913458679374,0.6961454541583312
32017,6115,0.8092117207752675,0.788616559404174,0.7824453433977867,0.7771955573584626,0.7810962729001754,0.787085305488781
32019,6115,0.7447663942889109,0.6952701820952581,0.6531099587297785,0.6201827829661124,0.6071023152148314,0.6064619744787971
32021,6115,0.5807195899327472,0.5716420380055831,0.5657999168615996,0.5659788193210821,0.5694707867448031,0.5774992144627915
32023,6115,0.4350853713931846,0.4146294586977255,0.4008818938465319,0.38883430895906096,0.3812523874779716,0.37453874661477954
32027,6115,0.6255891340162598,0.5839103840050301,0.5488152670949739,0.5190426571701503,0.49948326569624985,0.4897589932086557
32029,6115,0.5101350890285159,0.4751703267907028,0.4518861927780832,0.43641546582466834,0.43140370859897326,0.43503212655002205
32031,6115,0.6338159404656926,0.5917234421080358,0.5569907486907395,0.5263124867303031,0.5079221059636613,0.4980975522356707
32033,6115,0.8298189392346128,0.7939579206174519,0.7600702042851567,0.7354287145980132,0.7199063096706204,0.7107457108398682
32510,6115,0.7774994496248858,0.7254605842037437,0.6806081412369087,0.6436629718134996,0.6251804553216874,0.6192108848889945
4001,32001,0.6864795218465753,0.6720348347081486,0.6716877231399547,0.6945429918469295,0.7303966403730152,0.7147801423388895
4003,32001,0.7487696339696108,0.7228056770533043,0.6989987880842525,0.6841349301689255,0.6836569580582883,0.6749325915723484
4005,32001,0.6899528956267291,0.6369199633712546,0.6014277818744025,0.5940639744232291,0.604788216082281,0.58352659334189
4007,32001,0.8312432047303773,0.7950679739471311,0.7591637920211677,0.7332092556101772,0.7289929668300016,0.7149442183837941
4009,32001,0.7069985807952281,0.6798530395455885,0.6511883328461799,0.6323023879976926,0.6241268497778052,0.6034303206198873
4011,32001,0.6770696013264687,0.6586941969320352,0.6353745409575291,0.6113591766207316,0.595132385626784,0.5708507404692578
4012,32001,0.5723436806078236,0.5370486962809434,0.5103319889807159,0.5033351002111168,0.5111137742886946,0.5081604271970105
4013,32001,0.6618642377251788,0.6359270023565268,0.6148627883899402,0.598574257269172,0.5923181004050654,0.5760046757795868
4015,32001,0.8064052300045977,0.7614681390851136,0.7276120131834839,0.7056000932412129,0.6957825997518271,0.6828604013772958
4017,32001,0.70867820130563,0.6802406617506301,0.6569712239228446,0.6518273290061825,0.6663039482732619,0.6453625286441946
4019,32001,0.581611620885857,0.556607797225818,0.5376328429116016,0.5255173967688294,0.5256705394816363,0.512924864991531
4021,32001,0.6811704909071646,0.6503118811206748,0.6252076385632016,0.6115997815188325,0.612731136517529,0.5977432381824026
4023,32001,0.39338427245415314,0.39439862619418686,0.415422370229749,0.4539524810094074,0.5141458617848488,0.5552206248851629
4025,32001,0.7565914211439134,0.7147389845533226,0.6811573917232777,0.6556811324403079,0.6437542516091761,0.6278979868562035
4027,32001,0.42434152005885345,0.4751656315390768,0.5461902772793329,0.5923924610810353,0.6068420608172931,0.599099727204169
6001,32001,0.6746771321219643,0.6539541583539168,0.63470191463496,0.618591333969529,0.6087197511046889,0.589471634277867
6003,32001,0.3097200827786207,0.34680820475873914,0.41202205031846845,0.47572549096514793,0.46450038670203886,0.41501508139161225
6005,32001,0.8507340786339611,0.8112666458648911,0.7679540036552491,0.7332904239781387,0.7109681097064645,0.6922328350942223
6007,32001,0.8480770316161439,0.8079225220903193,0.7689290228407649,0.7405615543762308,0.7253658259067534,0.6932260345350755
6009,32001,0.8435737715237421,0.8045613555171744,0.7631140192577399,0.7292269271420773,0.7040948103371082,0.6816725989236814
6011,32001,0.5175153994635465,0.41995280019840014,0.3119509226133291,0.2579502401306523,0.24367696061420335,0.23769109845994152
6013,32001,0.7014674275464524,0.6785574599140398,0.6568574633730592,0.6399350269793739,0.630064913582575,0.6114558947683174
6015,32001,0.7867347579888001,0.7525944078342055,0.7105132434436251,0.6806726154456118,0.6651323975940573,0.650938862521032
6017,32001,0.8263567797663749,0.7897242567850132,0.7511010355234056,0.7211348639663921,0.6934984539155844,0.6681309497644713
6019,32001,0.8140129553220931,0.7660414654348676,0.7023547045381398,0.6532460483564265,0.6194593950390208,0.5944376968065664
6021,32001,0.7054369736499972,0.6664194885762358,0.6235241223380574,0.6040454395416724,0.5956908264163768,0.5659785654205037
6023,32001,0.7819922382292483,0.7327360663909587,0.6791296629266367,0.6348924784970793,0.6091503286702877,0.5837971671591566
6025,32001,0.5736437726792215,0.5742708252003187,0.5951925380669016,0.6065822927727585,0.6394391873726918,0.6742578964423428
6027,32001,0.7345905578300687,0.6865568423483119,0.6445804775660577,0.6137302109622058,0.5993582629799429,0.5849615545032933
6029,32001,0.7602609969408449,0.7176122287439152,0.6522263805858761,0.6043742639392308,0.579843387924817,0.5592252824556913
6031,32001,0.7881733826753092,0.7261806970958464,0.6506345234003581,0.5999269436083985,0.571439033270851,0.5500002496493474
6033,32001,0.786554200974882,0.7427225710811091,0.6955895792938004,0.6517279662135537,0.6217653451114272,0.595518814973793
6035,32001,0.7884478544765756,0.7273418753008144,0.6460719007652617,0.5800869154128615,0.545012043482487,0.522735419096293
6037,32001,0.7277936332889076,0.7073233379541641,0.6916174569626885,0.675394213566259,0.6557374865264691,0.64189626255317
6039,32001,0.7714054680848689,0.7440884256969255,0.6945439698440808,0.6494183670464386,0.61377020723036,0.58406866121819
6041,32001,0.6272336713427006,0.6015378644642049,0.5767738202225581,0.5585589702403083,0.5476954356066932,0.5279071103046263
6043,32001,0.7258646361033249,0.6475339043787042,0.5618300793504718,0.5091536728616749,0.48470147093550753,0.48284360294605316
6045,32001,0.7644363576351032,0.7082722109365412,0.6412253047789739,0.588143647322243,0.5587336440183458,0.533613919071269
6047,32001,0.7597930074022436,0.7070177422654942,0.6431286965833597,0.5878883939893014,0.553238032917999,0.5178186797305404
6049,32001,0.7554181051132397,0.6905343983838965,0.6105040783055404,0.5503703112441153,0.5188425241785775,0.5054473215629889
6051,32001,0.502630536558944,0.500185383592311,0.5189038049465989,0.5472089598463826,0.5080963453838262,0.46450204578318405
6053,32001,0.5744311347814985,0.47352360263146404,0.36647717427103366,0.3009182674903337,0.2836339855019241,0.2811892493613424
6055,32001,0.7359363982288294,0.6895491326643975,0.6465351429658,0.6203234439972405,0.6138757477472351,0.6016131788945058
6057,32001,0.8300466439639973,0.79525442293547,0.7596825632248724,0.7293445392782067,0.7026000843734976,0.6744200008007856
6059,32001,0.6935109422078944,0.671593533578439,0.6523511137105912,0.636944704030011,0.626313374220038,0.6074428182722995
6061,32001,0.8137365580832101,0.7835944078108972,0.75298142870466,0.728183685400799,0.7069197513254182,0.68144332097337
6063,32001,0.7205960602883301,0.6452109724380111,0.5468519272685001,0.4663885478124208,0.4244731578002551,0.4108802856947026
6065,32001,0.7724215139702638,0.7451537648575708,0.7293961976778959,0.723400039975509,0.7291881466807812,0.7288971867301915
6067,32001,0.7901124664660849,0.763717815322228,0.7394098152885822,0.7219281430003557,0.7115433690733655,0.6926761187538929
6069,32001,0.6955033860206885,0.6507043552692834,0.5932098952281118,0.5407365865092728,0.4959257677787592,0.4562825547441449
6071,32001,0.7971968332490981,0.7802525736521432,0.7660492070374695,0.7553680353839345,0.747891640289445,0.7292551111348219
6073,32001,0.7406594502257733,0.7178673405582929,0.6997446499544561,0.686356963089265,0.6784381870794344,0.6625406771970882
6075,32001,0.5913855513876198,0.5714290941928468,0.5508569290153781,0.5362879492712613,0.5275448166636261,0.5073767933469183
6077,32001,0.8418359677907936,0.7982459928736592,0.7556554711256901,0.7183719825281029,0.6968923207675918,0.6660275055026161
6079,32001,0.7825654316786206,0.7431395862477106,0.711328540438157,0.6925472495151835,0.6844953771486281,0.6676002997850876
6081,32001,0.5966208486135812,0.5754196581234421,0.5535970809744688,0.5362470036272878,0.5237675872064936,0.5016203882628257
6083,32001,0.7929863992686859,0.7379039497281573,0.6826864988595218,0.6538145284743844,0.6526971932204484,0.6500950335814647
6085,32001,0.6002837842404065,0.5784232158093733,0.5566595994576464,0.538013623382331,0.5242613895505907,0.5039120697601558
6087,32001,0.796160845839662,0.7244057275744127,0.6416050058933965,0.5765748050605696,0.5517751198446254,0.5421558996672958
6089,32001,0.8714583296826703,0.8247747313123897,0.7738330837511079,0.7348416875234894,0.7111763957129444,0.6891622609218475
6091,32001,0.7207454912527274,0.6563498003461757,0.566076695660846,0.476301695620935,0.4221273599500758,0.39698832895626923
6093,32001,0.7936572216257224,0.7257634798026042,0.6492754805772151,0.6001435614315782,0.5807630282417255,0.5713514500414564
6095,32001,0.7947475788134154,0.768059434116418,0.7414463852307766,0.7210679853215086,0.7098334025393761,0.6918759870334666
6097,32001,0.751300725310586,0.7173871726670743,0.6838846153243573,0.658654813828903,0.6436277756063281,0.6222573136873509
6099,32001,0.7981130215219103,0.7682259864977251,0.733186816945791,0.6952960481813332,0.6578884859136575,0.615648072088133
6101,32001,0.753587741836606,0.7104848334363922,0.6519075451608451,0.5903965393632044,0.5416673830363344,0.49489418944928887
6103,32001,0.8573565246841985,0.8170210432376083,0.7695580347122829,0.7372139769613422,0.7173650302989478,0.6931291722647733
6105,32001,0.6947560840871515,0.6250578532189864,0.5423671721174909,0.47420854335894413,0.43701100469856063,0.4186983875048495
6107,32001,0.7363752396259728,0.6865865709845492,0.6163009180489603,0.5740079354673494,0.5624597622843668,0.5595670232767872
6109,32001,0.8568297549010184,0.8084541074579144,0.757276331660055,0.712485278895491,0.6842276176367609,0.6628861649253328
6111,32001,0.7454810849939965,0.7082449372420692,0.6844458735587953,0.6827501330925831,0.6992698580468634,0.7061385079803444
6113,32001,0.8179978189534022,0.7609154107381025,0.6989285178681122,0.659241866499718,0.6402035909309288,0.6221399222714781
6115,32001,0.8030152435274269,0.759678393674017,0.7097042512886864,0.6680856193458121,0.6441468957766496,0.6154970654181013
32003,32001,0.6221025715457543,0.5911983986339613,0.5711386823012486,0.5488867499832405,0.5347719169062612,0.5135335782917742
32005,32001,0.8318904363917144,0.7870712812584572,0.7521423453415718,0.7211520428790488,0.6955127715110202,0.6706242841620111
32007,32001,0.8323842216908667,0.7538499658022522,0.696026131551265,0.6530416404138943,0.6258134025035075,0.5980434756987614
32009,32001,0.5341435205243641,0.5191305968201724,0.5091628958215437,0.4897746151865199,0.4697562329498475,0.44425797924954413
32011,32001,0.6534242387375824,0.6183512612004428,0.5894878926503254,0.553871798430717,0.5341554299293203,0.51069599719946
32013,32001,0.8420752231675599,0.7913103242977791,0.7442059968768716,0.7060366909358214,0.6844809921979327,0.65419827977217
32015,32001,0.7298477793646686,0.6974838995022469,0.6685007535540851,0.6425712949471075,0.6333812200171157,0.6207169590087008
32017,32001,0.7512771940428455,0.7335907073735325,0.7215525041166385,0.7104588009488061,0.7077974343309422,0.7012829837757608
32019,32001,0.886316610623442,0.8378867972302908,0.7968590892586951,0.7606524927019198,0.7381345476308212,0.7191248046460011
32021,32001,0.85269471831839,0.8371330644640451,0.8222360697997146,0.8100705299237696,0.8011878704198583,0.7884321756677776
32023,32001,0.7053409109614203,0.6811007191341968,0.6650081340583568,0.6475507699918618,0.6349011326099248,0.6181833761582225
32027,32001,0.806497866222455,0.769658642207353,0.7397723985573912,0.7101129968548591,0.6884948519469926,0.6622271553259123
32029,32001,0.762892950057191,0.7245179254867452,0.6974528386006529,0.6733516240292118,0.65897819387768,0.6478515196455983
32031,32001,0.8162987342388882,0.7732736382680158,0.73949103563578,0.7089093458257648,0.6875398647500246,0.6667491504706916
32033,32001,0.7267878478056378,0.6993671343482695,0.6711549239514923,0.6510852081325122,0.6398965060872308,0.622910286631025
32510,32001,0.8525521642502952,0.8061152022265066,0.7683805268008236,0.7351198473681307,0.7155060179904469,0.6977225695029785
4001,32003,0.37053222919777773,0.35926115898738986,0.34346532197532803,0.3291254422984348,0.3295976867386698,0.32693028644682115
4003,32003,0.4417598404846946,0.4167410296289661,0.3974190685741972,0.3795345012606053,0.37483208140846513,0.37266085835727375
4005,32003,0.5676576503737651,0.5099572684230603,0.4713677233910508,0.4412494797093335,0.42902256633159797,0.41840042866750154
4007,32003,0.5815231201177206,0.55741746053828,0.5379009722202244,0.5146374473842461,0.5039204493763829,0.49201165502125344
4009,32003,0.4278052626579352,0.40920480457003044,0.3813599493268389,0.34928213800661245,0.3308499304992504,0.3143715725244866
4011,32003,0.47083266525938455,0.4646875582446228,0.44613074421176074,0.4203853217968133,0.40010371959463586,0.38012032366869053
4012,32003,0.22154415152803553,0.20882705083648154,0.19616969784333885,0.18060395773964832,0.16809038449740962,0.15543120601015
4013,32003,0.8329091522641663,0.7843396381923147,0.7416481718011412,0.697022648417789,0.6675590005992639,0.6409764516658396
4015,32003,0.7925600212611706,0.7252418580530495,0.6873227078635362,0.6565682110843332,0.6345168756890992,0.6137857561801334
4017,32003,0.3382093598345255,0.31549955426575965,0.2937769673460047,0.27481760457433974,0.2688459698089749,0.2617250845915764
4019,32003,0.8338998109009231,0.7834183956765779,0.7399012947648431,0.6947665529227605,0.6683197148081712,0.6445691383651027
4021,32003,0.7058378902844837,0.6617320828883023,0.6191129424476476,0.5750810641604508,0.5486039484131572,0.5218138782968267
4023,32003,0.16808912229696615,0.16036243348585996,0.14936030738719344,0.1301648280271104,0.11763310434953206,0.10934661295546691
4025,32003,0.7982415564885494,0.7417164828233466,0.7016051221282765,0.663375536535765,0.6391523248416174,0.6185715748326124
4027,32003,0.1562752816646442,0.1401301122191337,0.12475750784285329,0.10205182147618802,0.07812602693351067,0.0608597289700113
6001,32003,0.8410061356742158,0.788704255458489,0.7401479938634437,0.6937120994664135,0.6602016816295917,0.627828437506573
6003,32003,0.3071646149276971,0.25748661842874637,0.2150410642011213,0.18873269646257257,0.16409898272467865,0.13360792685141312
6005,32003,0.8047054851681987,0.7549225959396799,0.7242892612183748,0.6969363781720117,0.6828148683356244,0.6709929041081583
6007,32003,0.6361741583732343,0.5918787601240983,0.5629885584300122,0.5403780354094173,0.5301378333088871,0.5169801343645947
6009,32003,0.5743880138106896,0.5389805962382245,0.5136340181904965,0.4939060116463982,0.4834603844685455,0.47269465141565475
6011,32003,0.19694562455594378,0.17600381865690407,0.16625049856587298,0.17669279919982261,0.2014472416160142,0.21423203605036095
6013,32003,0.8716073168500901,0.8205671434385879,0.7754281642211315,0.7330769513920631,0.7041217073392453,0.675260958047233
6015,32003,0.47590140217006804,0.44832180070389643,0.4301266095841653,0.41771623863982943,0.4126800415554039,0.40595128063214914
6017,32003,0.796936773854231,0.7346468734660954,0.6895662942265033,0.6582805388302138,0.6384277994744572,0.6204193794258198
6019,32003,0.4359743810982332,0.4058482305689906,0.3867956919520538,0.3713987656681839,0.36393685910230117,0.3562299890567438
6021,32003,0.28259994111970876,0.2533835436643241,0.23265516484395232,0.22254163978400798,0.22563741516739336,0.22539313891428878
6023,32003,0.6016154411687673,0.5493757617783653,0.5090664545832483,0.4746100135979615,0.453859700162304,0.4373387108699614
6025,32003,0.37559216320500577,0.3502641140148582,0.32713201789220114,0.29326550210186864,0.27146647654191863,0.25955411456599664
6027,32003,0.4892021741784118,0.44078312017031085,0.4095169516347513,0.38800993210009077,0.37941137649524453,0.36873664651860805
6029,32003,0.5027185959034431,0.46699811945445874,0.4362000338258058,0.4073443650480214,0.3960795137085678,0.38530977163347285
6031,32003,0.4099796892027138,0.37860096526398557,0.3595449090093568,0.349959979813264,0.3531705108972909,0.3534698140856326
6033,32003,0.5456316763877541,0.5041034685080952,0.47637527256376705,0.4549361444266384,0.4446955652868763,0.4324193971614399
6035,32003,0.3972542329693623,0.37381935839696145,0.3598227145089704,0.35169349874162636,0.357330139044425,0.36135544940403114
6037,32003,0.8579702881505081,0.8111872112988092,0.7654701806978774,0.7041554590050456,0.642473695757854,0.6184238646161774
6039,32003,0.3936491882206561,0.36747360741229235,0.35341778060523565,0.3439934695666649,0.3410689320979735,0.336905911313652
6041,32003,0.8391408713138891,0.778237948457407,0.7239645531197902,0.6746174756199547,0.6407700626398456,0.6094217105587638
6043,32003,0.5824944070153542,0.525394054806414,0.49608235002726037,0.4901271325708468,0.4952738565192201,0.500148455489597
6045,32003,0.5230194786561664,0.4793979862387818,0.4457332524776997,0.41960583823419456,0.40761934196346733,0.3941976091655741
6047,32003,0.3814755446743628,0.3534975374955763,0.3353620376070028,0.3247568328617457,0.32779075059816326,0.32807945777750097
6049,32003,0.3638294104927217,0.3433933230453661,0.33451121305249654,0.33634653686203475,0.3512970004063264,0.3666655883104274
6051,32003,0.5074112746674988,0.4205876571622177,0.35422782763969,0.32516180622188723,0.2996555397834411,0.274973357855934
6053,32003,0.2899955345221748,0.25427013827633976,0.23520146900199473,0.23394260605585046,0.25091747354066984,0.2625529009357401
6055,32003,0.795253319383826,0.7282193640765713,0.6841004774610726,0.6539435610399735,0.6354925655284381,0.6175438220208326
6057,32003,0.7582041611405133,0.7045763062070038,0.6654389600118177,0.6331317778844601,0.6127585723353014,0.5944225493845853
6059,32003,0.8957055302022681,0.8357153404990557,0.7835141155097702,0.7331460217468909,0.6959200938320032,0.6612865793570988
6061,32003,0.791567121032669,0.7391667791234814,0.6991089620242843,0.6646651859271786,0.6406070463789797,0.6185796523720303
6063,32003,0.4207334653292429,0.3988369178511149,0.3899957348171717,0.38974631071598065,0.4030896332306656,0.4174864972949431
6065,32003,0.7276015544367355,0.6795480275052483,0.6413618223028872,0.6044080749688624,0.5784224334679913,0.5543298741937974
6067,32003,0.8540862178140243,0.8074333368220808,0.7697906731069989,0.7347867225276639,0.7102367905522284,0.6853518191632582
6069,32003,0.3768703331672332,0.3438694868217093,0.3231863696210882,0.31081167437268364,0.3060499977897837,0.2999742097307581
6071,32003,0.8110079385773081,0.7719023264206292,0.7388053166470968,0.7043903814995468,0.6795318782739099,0.6553698922576294
6073,32003,0.8727029409051027,0.8121021149909159,0.7645681609375776,0.7205266983855962,0.6894555358728844,0.6623825942326049
6075,32003,0.7250799357868181,0.6689961325079076,0.614052851128016,0.5626595201675771,0.5248067902709385,0.4856342469258844
6077,32003,0.6279719017517832,0.591702289439942,0.5643984481065134,0.5394859039898449,0.5261830062092033,0.5093261010547396
6079,32003,0.7806824607792493,0.7163848854049346,0.669147377726853,0.6307284839890152,0.6062208905129544,0.5846322697202657
6081,32003,0.8061184396754426,0.750934773899842,0.6991697210611281,0.6529611626591167,0.6186288468940413,0.5850439462337874
6083,32003,0.7816883860271308,0.7233733408312293,0.6807704771888926,0.6494457110386634,0.6358902891767289,0.6230527975409471
6085,32003,0.699153923380558,0.6522076713095025,0.6097425248391691,0.5707850421296515,0.5420374086485882,0.5138679959968581
6087,32003,0.607712349568304,0.5649359910700709,0.5376561252591978,0.5215561974187656,0.5209737042360879,0.5198517401057423
6089,32003,0.6094406858338425,0.5739611325123098,0.5515723168959273,0.5346789714311715,0.5282339672177494,0.5216517837615802
6091,32003,0.3656451897464185,0.34421747037959816,0.3331420240196402,0.32578952981683584,0.32763537076319266,0.33180906172154406
6093,32003,0.41556636553899684,0.3932736555816827,0.37906457830631163,0.37330932837911723,0.37911168354618374,0.3837455514363547
6095,32003,0.8355940939939962,0.7896528301542892,0.7548923657138643,0.7242954047933844,0.7047964618742736,0.6853815581363851
6097,32003,0.8385027241405597,0.7777903731902115,0.7315344206925445,0.6952584891470759,0.6718525197846199,0.6510921288659001
6099,32003,0.45925969042431036,0.42694847763829846,0.40697387592057893,0.389341385251626,0.3797053846935134,0.36841548168220756
6101,32003,0.33532631221536713,0.31299153200274693,0.30183073566966134,0.2951420030419833,0.2967628583047254,0.29185455424985673
6103,32003,0.5894825574733918,0.5533193950867674,0.5282498354505502,0.510963396665214,0.5072906512466144,0.5026873001280077
6105,32003,0.25508671809206646,0.23303810029301983,0.21893509267253333,0.2122941729433844,0.21505546421122723,0.2160269133099526
6107,32003,0.3481886847169451,0.32084898437823045,0.30087419109664304,0.2828515179126997,0.2790424616348483,0.27585027095701087
6109,32003,0.6854345841986907,0.630648720588266,0.5969991723958482,0.5729611999062117,0.5604342007569545,0.5506020983522971
6111,32003,0.7501355512870458,0.6960675263212074,0.651669227663915,0.6111905676085908,0.5854437356904915,0.5602447848733252
6113,32003,0.7131565468275448,0.6799300538840861,0.6516171371347458,0.6303092263932552,0.6205299059688434,0.6083466769499024
6115,32003,0.44950909201843353,0.4186299881179887,0.3990491468046019,0.38281424592629587,0.37776776654882227,0.37062191708013176
32001,32003,0.592518025427725,0.5586156938079297,0.540707586136524,0.5243241934139509,0.5163648920564633,0.5106775537639345
32005,32003,0.7916446012927593,0.7194956131225451,0.679585643688988,0.6482566117564164,0.62728150158281,0.606300741700906
32007,32003,0.5866046709921978,0.4702569361610544,0.43371948864042237,0.410220146065055,0.40082971059887096,0.39513620675424227
32009,32003,0.1635870579183124,0.1490225507421863,0.1464964957827343,0.1368698222427834,0.13348152103118666,0.12713105275737058
32011,32003,0.2777539608970282,0.26665203435955287,0.2640148647942625,0.25439095632252834,0.2514434624857331,0.256306477718622
32013,32003,0.5830607520361532,0.5285173272908442,0.4986858600241522,0.47230780951600754,0.45796664487079813,0.4467494032930657
32015,32003,0.23369276598785957,0.2217292894129097,0.21849735970464557,0.2150315538085717,0.21766497935428164,0.22007607451258346
32017,32003,0.36922927084072515,0.3595563944530543,0.3577877531963812,0.35149987638568386,0.34821112177919034,0.3469354765719403
32019,32003,0.7097945817539729,0.6651867883124146,0.641658380551908,0.6192734898910452,0.6050732506851549,0.5925469983724809
32021,32003,0.5739472286446057,0.5548500186151318,0.5476025412618831,0.5391214431962681,0.5347758572218863,0.5324966176054305
32023,32003,0.7865675395240452,0.7403275746103861,0.7165507826114988,0.6887898246836515,0.6681027098010073,0.6486375956298677
32027,32003,0.6294641336544092,0.6041577889702935,0.5938693978854306,0.5811026985195521,0.5716943257246915,0.5634571806967679
32029,32003,0.7802855057127801,0.7353851295117574,0.7130415161837479,0.6906316826002606,0.6767329268636255,0.6666151954260262
32031,32003,0.8175687190046539,0.7492623494181199,0.7106232103111292,0.6758063485444046,0.6538443441182823,0.6361347963019022
32033,32003,0.34390067354444204,0.3258705321670205,0.3158267966445242,0.3084814412503804,0.3036623700608255,0.2992272080454049
32510,32003,0.7284263766194568,0.6704179164895536,0.6389400975424195,0.6112251725512915,0.5963323188607034,0.5836554028757469
4001,32005,0.5981516828457758,0.6000051197034515,0.5891273012618615,0.5827448587199486,0.592134768334142,0.5924410129246511
4003,32005,0.657379763810556,0.639061784805869,0.6178339663642204,0.596578229355391,0.5865891583130615,0.5803978157781208
4005,32005,0.6825095493497764,0.6378898047223631,0.5970873069101497,0.5671829067239088,0.558015835926204,0.551994940646995
4007,32005,0.7874903896189476,0.7654503268198961,0.7401144485398883,0.712489274101562,0.6983594011199976,0.6878874566957451
4009,32005,0.6567858733291919,0.6439255231004767,0.6185531490705668,0.5903036920230942,0.5723126878367826,0.5539128892121714
4011,32005,0.6470997956647244,0.6429054998491688,0.6276058764501616,0.606111153546893,0.5866533405844492,0.5655107793008285
4012,32005,0.4201774452152999,0.40035114410118905,0.3774674351886585,0.35734732798740476,0.3455193589184788,0.3387920088288617
4013,32005,0.8362100739939544,0.8078937714505064,0.7815615244272758,0.7531348142643284,0.7344567636640057,0.7143368539794529
4015,32005,0.8947638403992849,0.8427531197704674,0.8073862007674695,0.7784324284848466,0.7584297032940197,0.7428252972568485
4017,32005,0.5904696251145513,0.5778308153499261,0.555372340073927,0.5344869547540861,0.5281982921143419,0.5200426808974549
4019,32005,0.8067275699222769,0.777962388652889,0.7521848172175197,0.7258447327872095,0.7119181209919304,0.6956878520397163
4021,32005,0.7956965488693375,0.7679406493441445,0.7377498471120315,0.7060060276735984,0.6871086630888933,0.6658949341432295
4023,32005,0.28347760646158243,0.2923632262282863,0.3112555905045203,0.33244183183224707,0.36138607013300084,0.38378046031484253
4025,32005,0.8914995873071647,0.8499175518083596,0.8148115498126172,0.7809752613120777,0.7586807214056998,0.740886651025345
4027,32005,0.2869096218873642,0.3212361875825574,0.364480935992031,0.39393935681182385,0.40272937796918856,0.3918557273196858
6001,32005,0.8502656200405865,0.8242502906139778,0.7960680823086307,0.7670273537461684,0.7445250469101399,0.7178699615018079
6003,32005,0.3083208687786817,0.309925548580603,0.3323730137261955,0.3646011637066296,0.37102321447689757,0.34578465882034654
6005,32005,0.9341894518710591,0.8950280674128854,0.8570905043299815,0.8203713099996468,0.7954260114367655,0.7782577377139447
6007,32005,0.8339545705155916,0.8004888858851825,0.7639931154085168,0.7300186211319745,0.7077742390093922,0.6849826036045639
6009,32005,0.8101807104398653,0.7782193949259987,0.7424488394890624,0.7093749272751811,0.6860807061349905,0.6686533967114464
6011,32005,0.4351271161883317,0.3645769236214793,0.2815289188341286,0.2245502622316324,0.2067080804005833,0.2147233774160179
6013,32005,0.8835911513689227,0.8562530535029396,0.8280343882136978,0.7999788608751089,0.7792635715927212,0.7550083651080248
6015,32005,0.6783444116840611,0.6534254080726577,0.6219574202071254,0.5942954033009534,0.579820818158291,0.5707177440533782
6017,32005,0.9231180506099831,0.8770702013367525,0.8342552637347467,0.8005406807725576,0.7745156084889531,0.7518657798768353
6019,32005,0.6740740608923864,0.635239886658168,0.5892855759720342,0.5483707835234338,0.5222495857512688,0.5059825284003905
6021,32005,0.5520321880209829,0.5274697973120459,0.48956695659302396,0.45586174693442816,0.4364465943357925,0.42182580434426964
6023,32005,0.7596425077126756,0.7167588321596485,0.6683969388057368,0.6218847373527596,0.5901632201276574,0.5674900057871314
6025,32005,0.4976018732503571,0.5023281076290186,0.5183505969749707,0.525195556903764,0.5389966700083089,0.5515375619270102
6027,32005,0.6615795888578352,0.6183350476372772,0.5788588337140264,0.5464354826344728,0.5286751342659847,0.5154880784495228
6029,32005,0.6846116654794946,0.6492901842926381,0.6015562946472249,0.5564839288545448,0.5294402248505526,0.510261488939737
6031,32005,0.6553709293744853,0.6126106338295001,0.557536595405541,0.5109402842749333,0.4851290077367407,0.47152665980723396
6033,32005,0.7745752932996903,0.7310350693889214,0.6865450700098268,0.6472063743450538,0.621240816688348,0.600947800335821
6035,32005,0.6966482757619716,0.6589743638139461,0.6033898202558917,0.5461562157405693,0.5103969231247102,0.4931332630259489
6037,32005,0.8419723789597985,0.8220585676875174,0.7993424665933754,0.7628198311139178,0.7212330615927831,0.7031724622450702
6039,32005,0.6259321607765639,0.5968085801730899,0.5609200978513688,0.5270233793531245,0.5035866703965917,0.48645215065937397
6041,32005,0.82710789229045,0.7937648653495116,0.7594470850122758,0.7257715145139307,0.7008495405368779,0.6737065012650052
6043,32005,0.7536330653187102,0.6803604991672216,0.6058750137527673,0.5553600552122238,0.5286010822783759,0.527036621601301
6045,32005,0.6973063430545198,0.6506489231514991,0.5945953291176724,0.5443647857373143,0.5133447206752618,0.4939473973548825
6047,32005,0.6518543314086531,0.6124705599130742,0.5603772613718402,0.5104631001959186,0.48040333288987774,0.4607920669727091
6049,32005,0.6597087175717902,0.61796265586164,0.5612316929507021,0.5097101565016312,0.48118540194737,0.47600745977748743
6051,32005,0.5265257924454881,0.4797314655082844,0.45734036437596653,0.4668912668291597,0.4631082819937254,0.4419787020692996
6053,32005,0.49933155481342456,0.42510392745364467,0.33971109355569623,0.2750256068582938,0.24855811049662122,0.25239669326492103
6055,32005,0.8513274642109037,0.7953085655466197,0.74855430793435,0.7145381825158688,0.6979190922354892,0.6874689384768078
6057,32005,0.9012298423191707,0.8633059751345732,0.825433895399415,0.7903764840940133,0.7631845300890868,0.7384815664862955
6059,32005,0.8607459155423994,0.8301853650013121,0.8010785191826684,0.7718578565574329,0.7485744159890602,0.7219145255599141
6061,32005,0.9086111844626695,0.8737383846648481,0.8399565407526511,0.8091015450116567,0.7842539235669268,0.7599182979427408
6063,32005,0.6746687663518929,0.6233195128147403,0.5545771995857603,0.4889192790218438,0.4499888313379449,0.4398593810779948
6065,32005,0.8155143652902664,0.7906129717212446,0.771536802357244,0.7538839827776666,0.7441508587214818,0.7323272644307044
6067,32005,0.9201402587679409,0.8927123992604769,0.8656020300912783,0.8401971327903708,0.8214805536094159,0.8004932666537876
6069,32005,0.6031146288623762,0.5619110063540954,0.5134753206427964,0.4692446614176984,0.4361269259083014,0.41328431471478966
6071,32005,0.8917219315266407,0.8733507025387356,0.855427875283616,0.8355684913544028,0.819872188273685,0.7995258953480309
6073,32005,0.882037528938026,0.8497929474236249,0.8224828097632966,0.796559458603186,0.7770279361066337,0.7557840132456027
6075,32005,0.7223819865712608,0.6944917321361717,0.6621624818788616,0.6300802155729305,0.604803639828136,0.5731342294314461
6077,32005,0.8272851503764194,0.7902785282466516,0.7497229725387671,0.7120080356219148,0.6901146757028668,0.6696805106740348
6079,32005,0.8657464894382516,0.8219519367444081,0.7836302329446395,0.7516368459818776,0.7317642717399095,0.7140309055836762
6081,32005,0.7945969990661691,0.7651828573653752,0.732780020854566,0.7018522840183479,0.6762040135192682,0.6456422217176675
6083,32005,0.8687171035468776,0.8161479382385137,0.7659192014848218,0.7274304836113891,0.7106308168147385,0.7030054837774723
6085,32005,0.7400737246554205,0.7118006838125793,0.6822609966734656,0.6532146928580217,0.6294460408383378,0.6024923728187523
6087,32005,0.8046228879177859,0.7471143142436729,0.6810073651150342,0.6219959123550838,0.5896027561062296,0.5794835028024988
6089,32005,0.848423003494763,0.8137473954755206,0.7745581129402849,0.7373873300427021,0.7122921187961887,0.6956525317364356
6091,32005,0.6529063151480814,0.611158209965438,0.5505557877120336,0.48500726076922823,0.43713720121640476,0.415940334240214
6093,32005,0.6889398392764048,0.6460128632890989,0.5903384013833836,0.5429202359762276,0.5191091294933426,0.5153019025366319
6095,32005,0.9145340818946774,0.88697052506676,0.8593632310026068,0.8331698649284203,0.8143605174120139,0.7950463619620975
6097,32005,0.8957898551521724,0.8568831997423288,0.8189855376917188,0.7857826522937557,0.7618630673157106,0.7395064824170916
6099,32005,0.7051392680681654,0.6751840238839796,0.6414791240664919,0.607380032421269,0.5800375293452816,0.5529667849664901
6101,32005,0.6157830454784129,0.5788511375111194,0.5339586964500888,0.4876323577967487,0.45431439352240716,0.42635408512382095
6103,32005,0.8184946578666663,0.7897272151986351,0.7519729623778603,0.7163519988270589,0.6936516997549456,0.675175444692617
6105,32005,0.5630316287676352,0.5174627515089424,0.4568326453360474,0.4003785890982766,0.36504059516947435,0.3506222299049814
6107,32005,0.559583676036914,0.5232509599345337,0.4759206428047383,0.43770774101371257,0.42096037257344726,0.41843864103539485
6109,32005,0.8634499137390761,0.8174125128128542,0.7723248380169605,0.731567675858573,0.7026657701973129,0.6838256179073999
6111,32005,0.8094758134263786,0.7737719287450706,0.7466870284008268,0.7271527899425304,0.7229218060364201,0.7186296598732392
6113,32005,0.8849429359125823,0.8409985976541131,0.7883894406604062,0.7457392551927532,0.7223986868016796,0.7086968381703095
6115,32005,0.7080868731342388,0.676692615835393,0.6371965925659028,0.5984805632721532,0.5727177987125688,0.5530621692475598
32001,32005,0.8388663707519751,0.806366441546486,0.7761861482803641,0.7456642569061518,0.7261215830479114,0.7162221979749616
32003,32005,0.8341425658303708,0.7834657811879416,0.7489450613255549,0.7150323225252203,0.6894114988667221,0.6619576362516894
32007,32005,0.7823512811966236,0.6918507785602702,0.6416293840763253,0.5994161746691662,0.5708467370208427,0.5515032581734064
32009,32005,0.318124158092207,0.30991638581349606,0.3078440260312601,0.2955101876452541,0.28467957125022103,0.2706835151481828
32011,32005,0.5483660269108104,0.5307250608603782,0.5100591674090039,0.47662175113842864,0.45687111926693935,0.4434757183841122
32013,32005,0.7798034730839672,0.7392959464187099,0.7016059659621544,0.6623989937899574,0.6367444576853502,0.6182255418721366
32015,32005,0.4897261456422906,0.4746528532031615,0.4568393262501402,0.4346846755182504,0.42235703494460336,0.41669527078755336
32017,32005,0.6356998703753758,0.6185908343276916,0.6064095098258531,0.5920145330491966,0.5855362676178796,0.5828430509712407
32019,32005,0.926289847300824,0.8853658085292935,0.8516875700269153,0.8166641042892595,0.7919925624904808,0.775388780060057
32021,32005,0.7999398315127394,0.7867469202648127,0.7771126554567261,0.7657911464165805,0.758273543139135,0.7518131826285123
32023,32005,0.8597561075060762,0.8283381378277569,0.8101333269108704,0.7888864665243523,0.7724013376814303,0.7564065868080099
32027,32005,0.8671137975477805,0.837721631259528,0.8096205990126542,0.7781046251708106,0.753579833381126,0.7329475121833375
32029,32005,0.9011706509230728,0.8637293226322482,0.8396106218986186,0.8138702555823011,0.7963868042485709,0.7868572095073215
32031,32005,0.9381453906549587,0.8886251132289231,0.8535517857213933,0.818622138475481,0.7930572747545392,0.7728884453341321
32033,32005,0.5821420821333269,0.5619287670696574,0.5379231827089967,0.5148010738699571,0.49825376441771735,0.48410955698875247
32510,32005,0.9081633292906467,0.8601642314389497,0.8229193525341119,0.7853221390551874,0.7602802882593572,0.7424772927907124
4001,32007,0.6609811375923799,0.6403775784971076,0.6270551809505674,0.6402052480931645,0.6741205344268028,0.6523208314011227
4003,32007,0.7437973273847338,0.7009415492912171,0.6563724902326251,0.6255009125453401,0.6178564609751173,0.610197315781238
4005,32007,0.740990268346112,0.6528204175242666,0.5911170702843805,0.5713632630715091,0.5821914588122504,0.5628954440119505
4007,32007,0.7858575510582728,0.7358572333322615,0.6843191703004013,0.6458420844621434,0.6405841097863515,0.6300464422410531
4009,32007,0.6908522594200763,0.664509834799608,0.6257023465491417,0.5981622165546965,0.5893441308780927,0.5702805134801813
4011,32007,0.6425503402571269,0.6301897636028597,0.6064744372552893,0.5794513650535065,0.5632073533477938,0.5424892525514858
4012,32007,0.5815658180561352,0.540280602603256,0.5074902539674492,0.49443183872358676,0.5017337961368046,0.5011471348584166
4013,32007,0.6326659611828671,0.5969470768465338,0.5626467161967416,0.5320798069872311,0.5170461642173287,0.49425752262941725
4015,32007,0.758401087493138,0.6809477609601554,0.6266641007984896,0.5935677717130069,0.5760785715069793,0.5631153758198522
4017,32007,0.6999979168176953,0.6586863223118187,0.6188064736333477,0.6013763491550688,0.6124946467665042,0.5908179478968238
4019,32007,0.5472882046018434,0.5101136739081846,0.47660137549718135,0.4494656340161995,0.44163324251769354,0.42284666097226414
4021,32007,0.6374469604045729,0.5977209586611794,0.55714836635941,0.5290622666364132,0.5223519836181068,0.5009131066393622
4023,32007,0.36826522695420444,0.39378093805911696,0.4393224426898723,0.49322123274561785,0.5613305574145175,0.6001293596001511
4025,32007,0.6998201150680663,0.6363578576583636,0.5832904727209448,0.5407562174252716,0.5208257022317826,0.50372603059493
4027,32007,0.41687526555800336,0.4939534881914169,0.5821382884676085,0.6274316899391926,0.6199845046053688,0.5776399923950096
6001,32007,0.6973627898353579,0.6681820873013634,0.6347895594654939,0.6059737651235059,0.5857780662746036,0.5552459766378436
6003,32007,0.3486253266997723,0.4069950552577005,0.4730029504458142,0.5394235928966162,0.5144645565882833,0.4295394358144111
6005,32007,0.798968762060942,0.7314625912835749,0.6676469017885821,0.6162113336708042,0.5877884518436931,0.5709144617459657
6007,32007,0.8242359802735144,0.7588350287311952,0.6966405574817749,0.6541073543136458,0.6331315553380639,0.5984890195558724
6009,32007,0.8039506914620937,0.7438893554098723,0.6821594559235366,0.6374081376896467,0.6109814761680372,0.5913374592801018
6011,32007,0.4946682156360387,0.33966595929458027,0.1910287067340543,0.13257897674366256,0.139690194483487,0.17384243158305593
6013,32007,0.7047472219809187,0.6697438283867061,0.6332929460163994,0.603549341395264,0.5845441780230464,0.557049314130737
6015,32007,0.7748087613667802,0.7122798365841271,0.644853045879364,0.6043425796864346,0.5845130830845991,0.5717096957764152
6017,32007,0.7978646018905411,0.7317012809029495,0.6687751927016642,0.6251504298172741,0.5898333232263008,0.5629233333509139
6019,32007,0.7860222559799984,0.7072711956775616,0.619041584504715,0.5571614685229263,0.5235551361913632,0.5087334599119065
6021,32007,0.7024399687900282,0.6378800185292853,0.5701612484702566,0.5382791843652197,0.5283525906789125,0.5044008987950704
6023,32007,0.7983917351321873,0.7178150387089862,0.6353688744613029,0.5731934499720034,0.5399174643630192,0.5166476750505065
6025,32007,0.5143943310084497,0.5331678638068195,0.5706582591129953,0.5903420470584713,0.6240928962862632,0.6511775164980504
6027,32007,0.7543382694729645,0.6816986207621155,0.6187515733372826,0.5789307661802214,0.5648071122584396,0.5524452270925153
6029,32007,0.7848084060297372,0.7190120357815988,0.6289192945216234,0.5659683723837281,0.541090431936463,0.5260952600695854
6031,32007,0.7783396996345788,0.6790051652982043,0.5718015818753271,0.5050718102832387,0.48248966361830004,0.47275148189800054
6033,32007,0.7662626937236083,0.6970535701736383,0.6278825923865307,0.5737826686135986,0.5436715639090377,0.5221245034973193
6035,32007,0.7492474725351171,0.6504455640165754,0.5320107294615743,0.44518103612015053,0.4112602746728804,0.40725336793186173
6037,32007,0.7598317014531487,0.7361704375881911,0.713678051919894,0.6710472764272984,0.6237555813652685,0.6041974449655004
6039,32007,0.7601386475537668,0.7045021843230873,0.6314667394564523,0.5748901937161071,0.5366732666601852,0.5121007105215346
6041,32007,0.6635331640443473,0.6237298906597032,0.5804662778960874,0.5455580299338314,0.5218791218131001,0.491620953963904
6043,32007,0.718429211711335,0.5807011601863744,0.45313398944424105,0.38694732553761063,0.37239953257596276,0.39372732912998315
6045,32007,0.7808730953596752,0.6887439431059347,0.5899386504490849,0.5219106792483276,0.4910049863468926,0.4747920747752735
6047,32007,0.7531165989839774,0.6643403779721995,0.5688667323761764,0.49698130326561474,0.4636647411396202,0.4399112217715518
6049,32007,0.7000249886210146,0.592433186310161,0.47651688051723096,0.39983308155173136,0.37314181862080775,0.38598377243336845
6051,32007,0.5689607823185614,0.5533372165092553,0.548856572341203,0.5727576339425978,0.5294727736481081,0.45745404481024093
6053,32007,0.5894282417508668,0.4289581894613206,0.2767808878433385,0.1969723161357191,0.19834164991753786,0.23404660520430234
6055,32007,0.7425439133942073,0.6618176811356522,0.6010111940885434,0.5669373011533356,0.5592905481151351,0.5554353049063454
6057,32007,0.8148853939143353,0.7572041103958661,0.6992444139397036,0.6528128790783712,0.6163691602156192,0.5838220314406671
6059,32007,0.7129178908509108,0.6777324008492311,0.6429913444203113,0.6125840969617603,0.5889386352881292,0.556762798989704
6061,32007,0.7753329363801457,0.7264423092695637,0.6794440542974404,0.6413095107972165,0.6105358131183085,0.5798519291345354
6063,32007,0.6870490505159075,0.5653746812498993,0.4254118817639849,0.3239924223227828,0.28720276714558673,0.30143628571626735
6065,32007,0.7474964518480413,0.7139740128977354,0.6926449870535618,0.6818972941173905,0.6833924946923043,0.6761291621164304
6067,32007,0.7571796008587421,0.7173772632318122,0.6798253326444427,0.6520935273338963,0.6338289448575498,0.608793701265997
6069,32007,0.7184664515696658,0.6400520261161696,0.55436893874802,0.48436307444105625,0.4352500384844326,0.40242866733229976
6071,32007,0.7573346614201317,0.7352259134817262,0.7131881199213173,0.6943326231822744,0.6793382180183095,0.6526461661715014
6073,32007,0.7434965431002031,0.7049639134967839,0.6716960605422553,0.6446359567039982,0.6257707263622853,0.5998910061835966
6075,32007,0.6748308732048796,0.6464526313052298,0.6100804863334466,0.5814301970062108,0.5602703055731056,0.524461328334212
6077,32007,0.8160749755550747,0.7482771832410614,0.6855194224818519,0.637749765194518,0.6150711341822253,0.5872072350457822
6079,32007,0.7812982804183418,0.7178476918053911,0.6667982510640033,0.6350690395680237,0.6199809926541313,0.6005561807964466
6081,32007,0.6400959941776174,0.6071202768439973,0.5686563160243673,0.5371946159320204,0.5124545097598521,0.4780137895084023
6083,32007,0.7807520289005786,0.6939118935694474,0.6138375588552877,0.5732974584735558,0.5724443359307124,0.578172487613627
6085,32007,0.6248962485384483,0.5935509409444845,0.5591142795981336,0.5295806401025862,0.5074420062310804,0.4786009912537621
6087,32007,0.7797992728392601,0.6616433620608902,0.5426347265546857,0.45920030564133363,0.4394785712069628,0.4500660784492307
6089,32007,0.8106704723609209,0.7385164637195907,0.6665786808228089,0.6153174384583925,0.5904165142098821,0.5757897205718436
6091,32007,0.6875708216407888,0.5779877830862952,0.44552755352897594,0.3334605267763839,0.27944194373304165,0.275402989876415
6093,32007,0.7515847674952659,0.6503426946172349,0.5435822505477468,0.48298568089721766,0.4709752605234902,0.4821946309452372
6095,32007,0.7751584867902979,0.7318914386882179,0.6903996595578328,0.6591417338427052,0.6412596910480433,0.6198782753090469
6097,32007,0.7419270642371881,0.6844679602577649,0.6308354341833773,0.5914193247142304,0.5672568623689525,0.5411420093665457
6099,32007,0.7917887188311237,0.737622320083976,0.6814509010702451,0.6303458030789105,0.5865337770928724,0.5435734470278007
6101,32007,0.7388869745673352,0.6614074413053765,0.5729952797930803,0.4924636198649527,0.44031588799981064,0.4015306828248815
6103,32007,0.8056278490371305,0.7418621881999041,0.6728019271758047,0.6272756714505604,0.6040999537996655,0.5830912767300285
6105,32007,0.6593678774734056,0.5529793933710093,0.4360621499243491,0.3544337140208026,0.3249694743380976,0.32832391482344464
6107,32007,0.709617608206919,0.6363439638940257,0.5483831704778772,0.5003944456100963,0.49702531890741136,0.5109775845370397
6109,32007,0.8422162952274564,0.7591730375640813,0.6820647874131106,0.6225066540638372,0.5890118010661309,0.5734832130366071
6111,32007,0.7323368892128005,0.6861896021442466,0.6558136074231615,0.6510559689998907,0.6682152606875313,0.6746265600922154
6113,32007,0.747571029786506,0.6597984112976416,0.5722934585270455,0.5214243247985715,0.5054468653257678,0.4985028544507458
6115,32007,0.7887632082086212,0.720917558136545,0.6483189477239901,0.5939859439815768,0.5678906614739767,0.5465954888877164
32001,32007,0.806172831104812,0.7338350823838566,0.6751451143590332,0.6320852171679523,0.6149161723012627,0.6110090209366591
32003,32007,0.6481080672903383,0.5876308174958254,0.5459002807507763,0.5029130802357936,0.47373520538310393,0.43837344882635404
32005,32007,0.7595690563772687,0.6764237669503326,0.620054731498539,0.5758566633696587,0.5445264435878823,0.5198078998527876
32009,32007,0.48525405476637345,0.47006022408256953,0.47083943475498835,0.4549553341533346,0.4496309870318976,0.4374172071530472
32011,32007,0.6641980976755106,0.6083968343287729,0.5591252113111189,0.5060190309955995,0.4769337332530433,0.46204029680267467
32013,32007,0.7918994450668568,0.7005206034004583,0.6258740568068373,0.5608273272218401,0.528444607481603,0.5029196854612776
32015,32007,0.72043214182169,0.6681504176262443,0.6187950093445397,0.5786870099021018,0.5651738656862766,0.5585617787877977
32017,32007,0.6845661366524957,0.6554449307030744,0.639100992267604,0.6212278557687588,0.6223000476544038,0.6238329185435276
32019,32007,0.7679843914703479,0.6937391623826141,0.6369371507079146,0.5897734901769006,0.5666503808527287,0.5535125740896731
32021,32007,0.6761276746889204,0.6477414617811069,0.6255551246250006,0.6080218621873897,0.5975305997012507,0.5867053370483163
32023,32007,0.5841717534680192,0.5419281385631629,0.5166347244735756,0.4890942121559632,0.4697000620906617,0.4495908187785537
32027,32007,0.6729791151116904,0.6161102729547997,0.5717183046998364,0.5275851967333406,0.4961851061441964,0.4699370879595728
32029,32007,0.638212432106269,0.576004907903289,0.5366776728007812,0.5021346847317912,0.48418581930698956,0.4784805037467401
32031,32007,0.7373152781591452,0.6619538021703668,0.6076024001688793,0.5592558591402702,0.5294552537168855,0.5068926355332829
32033,32007,0.6871857392635826,0.6397016407478701,0.5917598948842788,0.5592782746553642,0.5418504323607267,0.5277875933242357
32510,32007,0.8016326333349485,0.7209988514512993,0.6579113501095296,0.6058359178455641,0.5792915876004623,0.5627339564511417
4001,32009,0.46885060782758864,0.4661345464344442,0.45287078597796077,0.44656860208050275,0.44698953493418364,0.4362079442893953
4003,32009,0.42844175435199755,0.421229235793889,0.4127382991602847,0.4120367739984148,0.4207858940921261,0.4278075695027603
4005,32009,0.4342983376857677,0.4120201837732092,0.38906604539575596,0.3834843957261115,0.38138225227869105,0.37622426116543045
4007,32009,0.5022986529887462,0.48313095378368387,0.4604619692085631,0.4453137516403739,0.4406743414344779,0.43813188122861124
4009,32009,0.5962361060565778,0.5775459568124557,0.555997358296124,0.542778708261779,0.5273381478380431,0.5062087879426118
4011,32009,0.5824765740910294,0.5626736550628585,0.5361450559317484,0.5146950015567712,0.49767381320105547,0.47474206373801986
4012,32009,0.5153955923336018,0.5047310285686506,0.5019514426637323,0.5085048300203024,0.5195612641751027,0.5325404054943503
4013,32009,0.23409558666320104,0.22609134580626095,0.21974762843736675,0.2120092031594124,0.2000266008409432,0.19161528564536362
4015,32009,0.32329861207880406,0.30555246627816707,0.29794461098392305,0.29548493486402294,0.29047763080017996,0.28789905345902855
4017,32009,0.5388340813259567,0.5256153298289058,0.49967682058402785,0.4849492789469842,0.48128602197203596,0.4687945301580744
4019,32009,0.13450090067014628,0.12702879748489682,0.12332825499853341,0.12070048455732318,0.11480576340785634,0.11218746487323578
4021,32009,0.3082321503223412,0.29035898489072137,0.2765817413482664,0.26790088240203463,0.2612710765222513,0.2594736162290127
4023,32009,0.43472494878638307,0.4465176057406544,0.45619470064147355,0.4576948593738465,0.4578790808314308,0.44825750291756683
4025,32009,0.2744884516693085,0.2571346981825353,0.24945588853566272,0.24573456565843552,0.24096885995380046,0.24235485019611797
4027,32009,0.47641399126769424,0.4930173160033994,0.5024306113015622,0.4927233241477368,0.4631011526190808,0.4388712653530023
6001,32009,0.3319911751168001,0.32254007421130326,0.3126041423135995,0.30238742098960825,0.28800682016659235,0.27646004169768673
6003,32009,0.396106070418572,0.40815530774665965,0.4109721898820957,0.38938845314091475,0.3205249413986716,0.2261844317710051
6005,32009,0.36757955160584527,0.3460072856945807,0.3238940597600458,0.3130763755718979,0.3067565454181218,0.3112289449601874
6007,32009,0.4963179140942586,0.4614934169729847,0.43282606638392285,0.41915533528513815,0.41349284764227073,0.41143472590159313
6009,32009,0.5179633503234621,0.4882475121987765,0.46329608212052503,0.44842725122186283,0.4397502976717337,0.43863960053685236
6011,32009,0.2302717537859769,0.18768305432142354,0.16106073058349474,0.17540718865802196,0.21447168538298367,0.2482043676378708
6013,32009,0.2855679863349113,0.27696210678447564,0.26941170278212895,0.26221077621818506,0.25033576534605806,0.24184054066775035
6015,32009,0.4778556842686375,0.4489886332178059,0.423438307930986,0.42290858677631055,0.4299424798269281,0.4345116819931287
6017,32009,0.3839516789536782,0.3582136846648633,0.3360090078364506,0.3249479634836382,0.3166951754235681,0.31684249274625714
6019,32009,0.5772325924913086,0.5501742685830275,0.5273276656693924,0.5280936871950579,0.5362322787423484,0.5423925803194288
6021,32009,0.5337581851433869,0.49485564835093027,0.4598031593413049,0.44233702933614527,0.43922747408940677,0.4355805304196248
6023,32009,0.49407326017726827,0.46447746966699094,0.4396270277805557,0.42543414349663844,0.4168563731309652,0.4139984811962023
6025,32009,0.4385464240486148,0.4478292727227164,0.44804157781338433,0.42252681059017805,0.3933698817291931,0.3664490293811054
6027,32009,0.48913907286641767,0.460005117050995,0.4352108718676607,0.4210165691000308,0.4147299811710447,0.4144817052703069
6029,32009,0.5331485864327933,0.5120022223798218,0.48223233305562346,0.4759268847683808,0.4801311333129773,0.4786668732280048
6031,32009,0.5362696177731362,0.4960852083891432,0.4716406157367922,0.4719006677052322,0.4810849619878694,0.49370691625646457
6033,32009,0.4811723375070163,0.4495898842486893,0.42910811124898474,0.42562419951050123,0.4267561489363748,0.42367586450551575
6035,32009,0.4364635031117391,0.3998378625387374,0.3604698674710156,0.33983223998365264,0.34523331788655315,0.36980617434501356
6037,32009,0.40070754433520905,0.39281698439912693,0.3856730878421715,0.37686300175357124,0.3592750235675004,0.34700379816494525
6039,32009,0.5335404169864353,0.51196618033985,0.4826971979194161,0.4700370492655659,0.4796878975068895,0.4910325568274355
6041,32009,0.2749144286093007,0.26403269501212423,0.25459561543147835,0.24477325576721262,0.2276706722274843,0.21546730220987986
6043,32009,0.33467070447375713,0.30346416324601394,0.27797562193102265,0.2816916679658665,0.30285637630866763,0.34127142594501453
6045,32009,0.4762737382184847,0.4435376130327508,0.4151236389138999,0.40131094359548086,0.3999906792792085,0.4032066886526794
6047,32009,0.4872494439723444,0.4476769623778616,0.4122381386157766,0.4025139232403093,0.4108957082458947,0.4186462322892357
6049,32009,0.38929462495760747,0.3485443795833388,0.3108715010937682,0.29798244984284394,0.3072767332634218,0.33306135551872756
6051,32009,0.3780907899925298,0.37008344854949743,0.36660149955722976,0.3669195037774801,0.33225101762023,0.29218532493085597
6053,32009,0.31975889789038164,0.2793078813458118,0.24856163626258074,0.2407320108401484,0.27242035013882687,0.3137883637480145
6055,32009,0.3528120669200067,0.33877734151903527,0.3250951652417995,0.32595191650835115,0.33460557940626334,0.34501890833018706
6057,32009,0.4271603142015725,0.40165460833728617,0.3792936595750372,0.36426722186059574,0.3508408940434057,0.3461531831797137
6059,32009,0.3175495943951565,0.30930369619364184,0.3014184088505595,0.2923430914542631,0.2766238700431732,0.26308243149362603
6061,32009,0.38061948533651263,0.35862025346432,0.34085673894659096,0.3266027897446377,0.3139718600781302,0.3074231451650731
6063,32009,0.31665714009299506,0.27076090341230996,0.23019901118214675,0.21667866851304987,0.23385677840157937,0.27228756780576285
6065,32009,0.4482806937236176,0.4433789956034784,0.43609849130386197,0.42548657114560634,0.41053200010945134,0.39487168246664883
6067,32009,0.34910244363720566,0.33347389601917343,0.32077733225254135,0.3127799269786982,0.30237727625598176,0.2951502954322898
6069,32009,0.41829990167801195,0.3791853598540322,0.347611967865813,0.3376255004116629,0.3387897555634578,0.34633440878418587
6071,32009,0.3995399271473009,0.38993502965949145,0.3790562949640542,0.37027862158034336,0.3572159072489418,0.34382398820956744
6073,32009,0.33093869935503306,0.32458127436741196,0.31743128280383076,0.3104139841269725,0.2975833194024155,0.28789593249140916
6075,32009,0.3962815194783828,0.3892868103487771,0.378238225906658,0.36546504454345885,0.3463323662929695,0.33082735533495805
6077,32009,0.4854183629115548,0.45540824186024575,0.4296770236323378,0.42453378928074026,0.42286412697433595,0.42107375407997116
6079,32009,0.41338203508459337,0.3938573059169378,0.38319700749292734,0.37527832601052136,0.3676217042775201,0.3658871413663798
6081,32009,0.283319154342766,0.2744122701239477,0.2637891758203299,0.25377786545681064,0.2380053344210837,0.2258610870378835
6083,32009,0.3817589049446472,0.36708270269870513,0.35384434044980395,0.35103299732214954,0.3558118053688117,0.36295493584824623
6085,32009,0.3282875200719351,0.3190674086994378,0.30981525208005567,0.30041861138358966,0.2878445525179717,0.2780715861104495
6087,32009,0.35666694629512274,0.32498816228782557,0.29894544982122145,0.28980771679202216,0.3043023033241438,0.33573133277623657
6089,32009,0.4664238176600629,0.4355806998299774,0.40902154454511963,0.3948610837615236,0.3886714771865995,0.39131221536215577
6091,32009,0.3375978948763162,0.30172763659638896,0.26259980944090067,0.24619802446061623,0.2606686438090866,0.29113279149182797
6093,32009,0.46963041043755877,0.4390048369021337,0.4058154553353414,0.3955340498116903,0.40591717949927036,0.42205769133811455
6095,32009,0.36807770434859327,0.35462267991871715,0.34599637987227944,0.3411421192058577,0.33402345471372263,0.3293789786061805
6097,32009,0.32157559162938676,0.3017264884856354,0.2844912981105535,0.27284621759332695,0.2622684786101012,0.2586200460666995
6099,32009,0.5306954159505173,0.4982264546876379,0.47020312609261417,0.4627011787423798,0.4563024678809449,0.4500882271883494
6101,32009,0.4859266827177264,0.44428448565785433,0.40822909749810216,0.3949630451053578,0.404673533033694,0.409423255641169
6103,32009,0.4789403181533798,0.4510564797435551,0.4147725161998203,0.3911813384084897,0.3861935807229413,0.38834511694292667
6105,32009,0.4669296323537474,0.4303866065598911,0.39700497760846093,0.38474584078965285,0.39011921413588063,0.40925426759543937
6107,32009,0.5464978230915226,0.5307673683105315,0.5109247930497129,0.5093574476718792,0.5236905981346462,0.5358059761935411
6109,32009,0.47754118147148267,0.4460207194632516,0.42232290587688454,0.41083106743859027,0.40640935585014953,0.412615097715179
6111,32009,0.4331400460055545,0.4308973650804946,0.42707604053339615,0.42058612222334313,0.41469911054740505,0.4050114505039275
6113,32009,0.3117231040803366,0.2801264843203699,0.2593721651508273,0.2591677490311733,0.2713431726662735,0.28660223989086414
6115,32009,0.5460042818600832,0.5137359754506233,0.4861058993690498,0.4718446323829035,0.4654327280438434,0.46414799519444044
32001,32009,0.5394846779232537,0.5225927275006107,0.5126348618804164,0.5100915590631953,0.5056570377005162,0.5048106542819516
32003,32009,0.19259162215035677,0.18204609566480853,0.17629529219020038,0.16856727464651156,0.15457109198785732,0.14673766501274035
32005,32009,0.3159763830074327,0.294979106617394,0.2806548640667697,0.2776619572841045,0.27287669601935505,0.27953630349945313
32007,32009,0.480007644981034,0.4358743373296015,0.4034443454046175,0.38281189686071204,0.36828375661512935,0.36912453256857686
32011,32009,0.404975235410343,0.37247199930856395,0.3484529216963972,0.35161944826047964,0.34620107240682374,0.35332316982976103
32013,32009,0.4719092847531926,0.43701261224144267,0.41056389580046054,0.39569352812632325,0.38497721864094125,0.3742119048753283
32015,32009,0.6527181927485076,0.6331635721990957,0.6204494035216023,0.6041027486894452,0.5966640283825516,0.591096234184513
32017,32009,0.46990299718730993,0.4648013807426935,0.467953754607498,0.4683913907278665,0.4718745818168334,0.4772056969026852
32019,32009,0.3924661569276634,0.36320069335782856,0.3460403692941841,0.3371002062167723,0.3296785360506098,0.33033867880084633
32021,32009,0.40336541455841135,0.41008704415470576,0.411071534554402,0.4180546180323883,0.42109586955191874,0.4233790035729113
32023,32009,0.21121321209901725,0.20353895889412274,0.20337507946514607,0.20487020712811016,0.2037381955217279,0.2027532478572436
32027,32009,0.251090498005277,0.22854326519818788,0.2204416334703999,0.2150504075807488,0.2171950636862833,0.22550130228033333
32029,32009,0.2255508617706988,0.21084417993223845,0.2021304279497695,0.1952843025544645,0.1895668188349263,0.19535717729133462
32031,32009,0.2800501038137467,0.2593790025597638,0.24611133935384572,0.2385594752374692,0.22847358584084743,0.22614383043522157
32033,32009,0.44925882491306385,0.43653357888503935,0.41971307061595003,0.4153825111136971,0.42488843992267783,0.429578996970079
32510,32009,0.3442131048183957,0.3145680499528524,0.296912905372609,0.29108959833855336,0.28826108821462687,0.29566591796841896
4001,32011,0.6370734587650865,0.6390215110541867,0.6415371876434692,0.6601915832594348,0.6986264014243387,0.6858796640014474
4003,32011,0.7333575721146894,0.7120363210666945,0.6827028533236714,0.6686277648705075,0.6671901213352748,0.6639610533054997
4005,32011,0.5894303753163269,0.5465456060943741,0.5022598576773076,0.5002915651334359,0.5179547447061711,0.5057428776826988
4007,32011,0.6277081660119623,0.5976447257950049,0.5592450177208422,0.5399139674726259,0.543444598770348,0.5434602299413699
4009,32011,0.628688739318676,0.6140406802424917,0.5957414425908153,0.5840849751566309,0.584820974128833,0.5726413093307191
4011,32011,0.5474728252241854,0.5296443018075597,0.5117402550049083,0.4995473206932305,0.4944822353276502,0.4763780586986216
4012,32011,0.6396803607436554,0.6043739729675003,0.5727415305797791,0.5663100438439794,0.5760260922091144,0.5829629231890892
4013,32011,0.3326955209865414,0.3155682299203709,0.2963912394096912,0.28737891127446924,0.2843559056137244,0.27169874061167876
4015,32011,0.5245110386721611,0.4864902615534154,0.4557715885613844,0.443940045285709,0.4432987495844718,0.4393627393590099
4017,32011,0.6780177659774559,0.6687582002383182,0.6483366071079882,0.6448486994713092,0.6676943332276579,0.6557040564224322
4019,32011,0.2298996638122256,0.2145591779324995,0.19651881531051038,0.19118775023268328,0.19454748268381142,0.18667702636910183
4021,32011,0.39513176457729277,0.37280509649870175,0.3451714880369138,0.33324704043551967,0.33456974097786973,0.32099575815572945
4023,32011,0.4696684603180467,0.5050268895061187,0.5481907457178956,0.5981984578229165,0.6612520987273693,0.6965929172901832
4025,32011,0.4379482300226948,0.40480730044825797,0.37484977026551064,0.3570339548996784,0.35053223986313653,0.34381953547817085
4027,32011,0.46422479170715897,0.5370488313681812,0.6254999657186815,0.6770241226838017,0.676741474545455,0.6561136872423216
6001,32011,0.4585923808205972,0.4478304588821858,0.43165699144029174,0.42196063746812545,0.4159724799575224,0.40169488531988223
6003,32011,0.29058289432908446,0.3518477268286935,0.4161017380876901,0.4848530040984328,0.46586737062076455,0.40322359629117044
6005,32011,0.5833696547112326,0.5487773352362442,0.5049570817011387,0.475574941507441,0.45841852903701497,0.45111089134073973
6007,32011,0.6837431956516191,0.6489122110825705,0.5991527676383998,0.5684195728376034,0.5579760217144404,0.5368071259934597
6009,32011,0.7224689926841737,0.689516667907939,0.6497542631543162,0.6201752878492158,0.6010038779751219,0.591193001969294
6011,32011,0.4475704117223163,0.3389769452455501,0.22122847458756356,0.1729332420775806,0.18827404804606743,0.21936999167448665
6013,32011,0.4685850606069014,0.4540093799443611,0.4332124967589024,0.4216977687298763,0.4138879940094699,0.4009195246265682
6015,32011,0.6667104758163259,0.6395456879374625,0.5949578914055899,0.5730179791216382,0.5655168848221339,0.5610586714481908
6017,32011,0.5859222707967967,0.553119258104535,0.5155595451515346,0.4915917318752093,0.47150850807776357,0.45639877559048875
6019,32011,0.6704951365576287,0.6221206132992505,0.5543869215120847,0.5140052159603999,0.5024483752519701,0.5037713609444677
6021,32011,0.7023807236775618,0.6690623253704809,0.6208534482681194,0.6007760655926849,0.5901754948194117,0.5690718588133884
6023,32011,0.6434508499635861,0.5996496772470542,0.5414695507719409,0.5005321289440483,0.48009850709530544,0.4670926929919265
6025,32011,0.4875275701728711,0.5177002076841184,0.5670254723241807,0.5888706081181719,0.6191312105572073,0.6537202382501854
6027,32011,0.6947123977085091,0.649826704890703,0.6082094067200762,0.5805064216515832,0.5713000916153179,0.565233104376115
6029,32011,0.6962979391797252,0.6557202176944413,0.5857903306986957,0.5456377056049257,0.5428057529546976,0.5414253916171758
6031,32011,0.6846161890023714,0.6132366193117285,0.5305489269125226,0.4838061465487549,0.4744227590170533,0.4714536960510379
6033,32011,0.7011658297805513,0.6611655750369507,0.6129029002589506,0.5736658654695436,0.5548524296169852,0.5412782988782256
6035,32011,0.7095987111501115,0.642506674756609,0.5475417465416381,0.4721789736629611,0.4415827882049826,0.4386236589411169
6037,32011,0.5132725915855705,0.4975541260884267,0.48262809446307114,0.4748453200796961,0.46471430793558266,0.4556076346484231
6039,32011,0.7013380839381893,0.6758985921387347,0.616239984749924,0.5708183603791893,0.5462813131795089,0.5399702185841667
6041,32011,0.42983624496937445,0.4140825559136495,0.3919509131071728,0.37821522676705194,0.36980957022449923,0.35275421950482355
6043,32011,0.5352628766306884,0.4536169776740054,0.3620926625678269,0.31323483888614734,0.30643093924530557,0.3316352967632357
6045,32011,0.6418425544776808,0.5884662243872036,0.5208686012628039,0.47426803775258675,0.45421122947711673,0.44590630662821606
6047,32011,0.7075919008850081,0.647741895050261,0.5731645451582869,0.5175309585580173,0.500050387802502,0.490623449806125
6049,32011,0.660937464124474,0.5850615559156485,0.48952538693058545,0.42743474209781696,0.4069633143904884,0.41615334488847844
6051,32011,0.44071158793462445,0.46151291358719804,0.4875253668960435,0.5282474828224045,0.5041682949323489,0.46295904887725114
6053,32011,0.5274070165833332,0.41375492935117886,0.2958055024999881,0.22928273123435272,0.23096088525733693,0.26018945444097163
6055,32011,0.5311167362244513,0.49193755741283096,0.4548536575452732,0.4353542592518246,0.43918967098759215,0.44613646065596185
6057,32011,0.6322983545725818,0.6063529157955513,0.5725792597752318,0.5503075181015126,0.5310212810980486,0.5122934604126198
6059,32011,0.43979150115212917,0.4259135310338384,0.40790922023225407,0.39666545653249885,0.389269855237006,0.3747475917824498
6061,32011,0.5695677241813918,0.5466101479834174,0.5178014812894937,0.50081551347119,0.4853417094808253,0.4684590420285914
6063,32011,0.6092370553802197,0.5237048178715339,0.412191645157365,0.32570673112141285,0.2940078416439054,0.3012287916794268
6065,32011,0.5975290573678742,0.5854264769096481,0.5770016187794543,0.5783667937788038,0.5877574197289435,0.5899329714304302
6067,32011,0.5274114811966625,0.5094466498037092,0.486123354026083,0.47505893073953626,0.4705078177397845,0.4588499469340172
6069,32011,0.6772371561792566,0.6260886378408065,0.5578795084930835,0.5025764175488833,0.4655095861031299,0.43644841923790006
6071,32011,0.5668890428430803,0.5582773795058026,0.5454489696259252,0.5383701089688179,0.5331250773344628,0.5175616432037273
6073,32011,0.509062745939344,0.4956714249680491,0.4788632470732814,0.4708968621921763,0.4672968036573225,0.45471273145331215
6075,32011,0.49521843786954434,0.48489535372354875,0.4663824008929521,0.45513025899043275,0.4461249888320844,0.42671338991809377
6077,32011,0.6895549306841242,0.6492766325911558,0.600152202536206,0.5659429726845884,0.5567771841405298,0.5441679115671031
6079,32011,0.6004584527452429,0.5700622374817733,0.5397323514573219,0.5269701502435219,0.5249789808754162,0.5160884013640038
6081,32011,0.4146538406073542,0.401467998673005,0.3802977084613687,0.3658081667069823,0.3541904635519728,0.3341662100182659
6083,32011,0.5812592075765118,0.5308161613439598,0.4750986883881892,0.4552071659514964,0.46801354987872335,0.48114552309875175
6085,32011,0.4428099446211108,0.4249188903664502,0.40173636200048934,0.3831074378801567,0.37037906449479513,0.35064121695878103
6087,32011,0.6308315484718572,0.5499561988236314,0.4604088785323097,0.39517063909622174,0.382068566751995,0.398441037432262
6089,32011,0.7085052972127228,0.6670238362324165,0.6121721962546205,0.5762655557683252,0.5584158188789384,0.5484404185559668
6091,32011,0.574901382351706,0.49850615408449256,0.3982555977853605,0.3025683318314797,0.26278247808268035,0.26459396631634874
6093,32011,0.6855113020247193,0.6176854652475547,0.5368681239952493,0.492809913164631,0.48632640602713584,0.49781658261354633
6095,32011,0.5763232118481737,0.5582469510279626,0.5329310481662017,0.5189731208516397,0.5130658538099366,0.5031379618142842
6097,32011,0.5075312283087626,0.4823078024969318,0.4501477299625025,0.4295221689968318,0.4169898338148215,0.40056562017004077
6099,32011,0.7535647698223589,0.7209449147460915,0.6752016823470647,0.6362799443160188,0.6097754754071435,0.5801002721234516
6101,32011,0.6913712988366331,0.640976065995245,0.5698794036121168,0.5060280986940693,0.47491281615969166,0.45126648680498344
6103,32011,0.7018712556014,0.6684350622470996,0.6175651905333296,0.5844745173444814,0.5640571694052754,0.5477000682845333
6105,32011,0.6474874750618489,0.5796422478935687,0.49149832808113836,0.42545205430643557,0.39600517081595754,0.39878015514858306
6107,32011,0.6161771132865879,0.576645569783357,0.511953584826978,0.486077628530772,0.4993163067374023,0.5239325145349499
6109,32011,0.6927141729560805,0.6480397944688185,0.5981050137534469,0.5606159249138978,0.5408536640894964,0.5324740709574635
6111,32011,0.555515475886587,0.538240881973079,0.5264864287791612,0.5355090275156614,0.5581443231586439,0.5703886609299785
6113,32011,0.5577693614353362,0.4986173306513023,0.4287887736661508,0.38919242264984205,0.38360889381221586,0.3892829057088073
6115,32011,0.7386284903928714,0.6976046638195786,0.6421788019391038,0.6025899524903157,0.5841032445195491,0.5695879334373668
32001,32011,0.6474060873605764,0.6016263245674719,0.5584469607308203,0.5305559040213419,0.5228599545447346,0.5200815339045505
32003,32011,0.2966865252456738,0.27787134468839897,0.2632185202247936,0.2511610966153474,0.24334101376591863,0.22809399508806236
32005,32011,0.5333478586661133,0.4954862845599491,0.46520687396404403,0.44284582250305293,0.42960865748987864,0.41841185718617957
32007,32011,0.6856542034235109,0.6124381976248144,0.5466335738615256,0.5020551043168591,0.4777977357197553,0.46629029717114934
32009,32011,0.42590702709618633,0.4217469922303744,0.40689498946117547,0.3844915894846188,0.36453825631250064,0.3524754514256762
32013,32011,0.5651401405037071,0.5103690436782199,0.4536625681580742,0.41577675277103476,0.3966799379618974,0.3777816043437858
32015,32011,0.7368187257958697,0.6937589231520533,0.6597378596443437,0.6326026001632281,0.6272056988474181,0.6223860138197329
32017,32011,0.7462460816205208,0.733631734868125,0.7260861283650754,0.7108106828445518,0.725947655298863,0.7351963029008589
32019,32011,0.5893462017952653,0.5424322853877815,0.5013033556896758,0.4745635524675929,0.4598781296370825,0.4528254766830479
32021,32011,0.5849285388230966,0.5607584428995779,0.5383585392645247,0.5261994429103679,0.5215307235538381,0.5130036752743842
32023,32011,0.32608471334197103,0.3037924571746871,0.2854047539168164,0.2696821025017904,0.2601290364751392,0.24885142007080624
32027,32011,0.575728746821366,0.5311339028198736,0.48603292230092937,0.44616675857600174,0.42967818049824713,0.40815141547021083
32029,32011,0.3906701851720699,0.3552396916478835,0.3265144233857381,0.3107760753442006,0.3081193796514951,0.31207299137132516
32031,32011,0.47062455911027945,0.43529470035530726,0.40312275300834627,0.3809181831991093,0.3660906667446075,0.3542232066334112
32033,32011,0.7029654014673506,0.6691057855518672,0.6227804768032841,0.5888323594154126,0.5710914668148227,0.5471299675577725
32510,32011,0.6133400787566597,0.5648807356697463,0.5231597726616326,0.493131316486184,0.47901991245572767,0.4701409366186503
4001,32013,0.5394655478562203,0.5071197637558039,0.49953765250036714,0.5292835878970565,0.5675047640610276,0.543157740346354
4003,32013,0.5760258379564872,0.5389679411008528,0.5054112475229238,0.4911510389103548,0.4931866126546241,0.48820158027786
4005,32013,0.5824406379045275,0.5103996327188873,0.4662945853160123,0.4691697182744093,0.4891623869371901,0.4718154958903609
4007,32013,0.7737320157415429,0.733064238680286,0.6930059844621083,0.6720542255383491,0.6726382387777666,0.6636181344153392
4009,32013,0.6929810328277038,0.6639876764085516,0.633888923893153,0.6192091707212548,0.6148573632074953,0.5931903909994451
4011,32013,0.7193734803974416,0.7063579138579529,0.689449333403992,0.6711831910232169,0.6584603888351818,0.6346316747003911
4012,32013,0.41464663751516545,0.3728832998171687,0.3426911313683993,0.34091641611000895,0.35450204601396373,0.3595862650051994
4013,32013,0.6916735154008067,0.6669582537744746,0.6436650500669496,0.6289193391868277,0.6249907526605313,0.6099868882166217
4015,32013,0.708989590553029,0.6589695954984678,0.6196901019802012,0.6007782939521144,0.5952001589314948,0.5877676744085144
4017,32013,0.5792706552252314,0.5340553055374638,0.502123585000984,0.5019095867602279,0.5219381915454273,0.5013378872272216
4019,32013,0.6385302167176837,0.6114615814761404,0.5891514215447791,0.5769591240372512,0.5771257139281536,0.563624566247887
4021,32013,0.7134603004326059,0.6814330949630525,0.6529000453316096,0.6408701432839944,0.643245987824092,0.6250786807581686
4023,32013,0.25519637690417374,0.2689736441588482,0.29323503565114406,0.33126906149819124,0.38127625114001623,0.40469896195978206
4025,32013,0.7345875417944727,0.6870570507104629,0.6473119432616385,0.6232178525532452,0.6170022844916174,0.6052530855011763
4027,32013,0.3490644017605244,0.40834358150056266,0.473698472460057,0.5038984767656054,0.4938591838552928,0.4579511125164488
6001,32013,0.6763752342726328,0.6555160953481852,0.6328992119057274,0.6174921507902502,0.6089359933458192,0.5882263359700519
6003,32013,0.2636328422108045,0.31574228959499073,0.387104730673201,0.44531068046512345,0.4069114853263232,0.33052022481920595
6005,32013,0.7538865311080258,0.7063737248076389,0.6594086996819791,0.6286575062141089,0.6165834949833506,0.6073444510844154
6007,32013,0.7435920803454465,0.6901858327907141,0.6431896901187237,0.6203534282569589,0.6143196693015438,0.5884864737020765
6009,32013,0.7219686362440753,0.6757587376876778,0.6315182725379112,0.6025248351619141,0.5873861630168631,0.571912433367952
6011,32013,0.4030629074510868,0.27893535276840276,0.17016650668119906,0.14149313177150183,0.16310246370340362,0.18547691314772374
6013,32013,0.6720838741843481,0.6475988535103003,0.6232215059025569,0.608493984026222,0.6020468459692332,0.5842238503367124
6015,32013,0.6640374070703277,0.6132726849854492,0.5647514755085299,0.5437876272762886,0.5376658964454356,0.5237610024369668
6017,32013,0.739393852448569,0.6963760489626124,0.6540638700249285,0.626533274932909,0.6056011259742867,0.5861767691274924
6019,32013,0.7178245487395044,0.6565765411786966,0.5876116323745955,0.5481056179150607,0.5282570675738384,0.5160500168812878
6021,32013,0.5678202706251553,0.5060903809533499,0.45521745979768713,0.4452895408659019,0.4523775963805956,0.4319448254636199
6023,32013,0.6987933031152692,0.6331034608518714,0.56950344702996,0.5310964392361378,0.5147264467079685,0.4970366436335411
6025,32013,0.44253362699282667,0.4536101002617382,0.4786563803314864,0.4911112060397773,0.5214224107245208,0.5457526312562712
6027,32013,0.579410231754074,0.5267523221537678,0.4818439367048084,0.45839432919000916,0.4537648083818873,0.4439701201036808
6029,32013,0.6493928344921721,0.5974490764266133,0.5264446193054534,0.48795160775978796,0.4788881350629983,0.46842103278957414
6031,32013,0.6938530697231474,0.6117104022308271,0.528663139409837,0.4916108201334467,0.4834845712463896,0.4800087835821809
6033,32013,0.6614227493614031,0.6082368538633007,0.5590563807848262,0.5227222076471584,0.5029928398954118,0.4836936456312559
6035,32013,0.6647219665977893,0.579938996542853,0.4835963176262121,0.42458582377149445,0.41100086207016695,0.4096948598988304
6037,32013,0.6570872162210393,0.6343229756861817,0.6140749487957932,0.5939754103675178,0.5742018097896776,0.5590789799713494
6039,32013,0.6417137237335567,0.6021602109675973,0.547215735333618,0.511330846667107,0.48699834704311595,0.46410858308303166
6041,32013,0.6235761343860065,0.5964443969296981,0.5680691142875279,0.5514211679985862,0.5429721595407246,0.5238599392027813
6043,32013,0.6023976422044989,0.5042119564622427,0.4146771082959277,0.3752574254206553,0.37231048581655746,0.3922780216540204
6045,32013,0.6411815534266224,0.5690295750006172,0.49760205415435654,0.4540004873712622,0.44309372685686177,0.4317900216597096
6047,32013,0.6245741636984615,0.5513039943826552,0.4794974732313821,0.4333462863591595,0.4160828968805711,0.39462266990923905
6049,32013,0.5992840110628675,0.5099926659047891,0.41961406990570854,0.3710799592044114,0.3659602118277768,0.38118410144115794
6051,32013,0.3672091973191062,0.3780194547939109,0.3961442443814004,0.4244387792268167,0.368350504473024,0.30009659997700616
6053,32013,0.46574618614046515,0.33721082644371114,0.22237945323647834,0.17612358402375095,0.19643595136061975,0.22923414609155113
6055,32013,0.6317457013998679,0.5761994768357928,0.5320213843242959,0.5157546026284576,0.5240468320660095,0.5198888454200885
6057,32013,0.732602269004275,0.6899521746910608,0.6485940776213285,0.620338950033129,0.5999200959594281,0.5757834420580283
6059,32013,0.6567228433070333,0.6352758795882131,0.6128124198018419,0.5983226152912591,0.5888610387488069,0.5692496295176983
6061,32013,0.7329729054744363,0.6995020954722665,0.6668187322137175,0.6449436561176364,0.6286470026562063,0.6070268102489842
6063,32013,0.6103779654007466,0.5136590565723792,0.40399152047756104,0.3355092789010884,0.3225443005703382,0.3386461346943627
6065,32013,0.6702378222254883,0.6444833501267995,0.6277214646371356,0.625491273110207,0.6342962325621666,0.633186296822037
6067,32013,0.7224384070806648,0.693270770007138,0.6672492441051862,0.652856999275185,0.6462067589770197,0.6289180895924549
6069,32013,0.5703692000796265,0.5145487110267359,0.45212401748632164,0.40462557819979683,0.3713314841907318,0.34556942103257243
6071,32013,0.7153172346123596,0.6981121078620367,0.6816977126103378,0.6728921535318604,0.6664033770335225,0.6469238571304602
6073,32013,0.668499517155641,0.6451870574622917,0.6240933509038489,0.612340200079294,0.606394428955852,0.5907840085194815
6075,32013,0.5920626867308274,0.5731606552194254,0.5490116843813773,0.5350013292070861,0.5271870841191801,0.5045504586995307
6077,32013,0.7285866131954881,0.6757586010735037,0.6329687646823489,0.6044542682872075,0.5926933027506766,0.5674331507933393
6079,32013,0.6863284162759982,0.6416014853544216,0.6059897233952467,0.5914218547314344,0.5911301215561435,0.5782653998509729
6081,32013,0.6206489473848842,0.599117589211125,0.5743747393864935,0.5577356438907082,0.5465211708817874,0.5237022517096201
6083,32013,0.6901300267912875,0.6260802212456055,0.5671831235685094,0.5484888615912257,0.5643078152972961,0.5750807244397002
6085,32013,0.646604335016314,0.6281227278510365,0.6068204752030055,0.5910966186632934,0.5813621334475305,0.5622739297494743
6087,32013,0.6978535298223794,0.607098224538843,0.5141493576564159,0.4600695330211601,0.4609161630491087,0.4741894285281744
6089,32013,0.750408754521923,0.6913854879207043,0.6347246602806005,0.6017259011795345,0.5903571390846238,0.5790491167850061
6091,32013,0.6598750779838248,0.5697903456722936,0.46192667693087747,0.3770879903444205,0.3490335726851089,0.3474796932717483
6093,32013,0.6503227356343806,0.5658451762781845,0.483215934769333,0.44760469282520243,0.45336700140085934,0.4641805266005962
6095,32013,0.7022485057379856,0.6703395679846246,0.6398049730811717,0.6223271362727406,0.6165988040419904,0.6030127050492907
6097,32013,0.7019730118121512,0.6619421407226128,0.6244891903032125,0.6020007401721315,0.5936788415749122,0.5770856550099708
6099,32013,0.6560167764784935,0.6163921628882714,0.5783034021732153,0.545498600331029,0.5122899175883839,0.4744123069420038
6101,32013,0.6197863666330036,0.5598218552619081,0.49728512810213804,0.4405237788921804,0.4048439572442125,0.37085315044148803
6103,32013,0.7218430802693881,0.6669158867585694,0.6144812357450906,0.5884315344429683,0.5825453163662083,0.5684117167752863
6105,32013,0.5712426274712831,0.48149413791509454,0.3913029713721632,0.334844116471138,0.3197893753678191,0.3210952177492947
6107,32013,0.5952045554442771,0.5338992747079107,0.4625206613795418,0.4371291444780564,0.44790950202708957,0.4603187273121439
6109,32013,0.7209513512392063,0.6614655509063652,0.6035429634081986,0.5636414680168823,0.5471512385687997,0.5387133625624604
6111,32013,0.6489563164401297,0.6124931806963758,0.5902141181865139,0.5953891347573785,0.6199099722392367,0.6269469943055501
6113,32013,0.7405303411285294,0.6716452562972873,0.6071661014216398,0.5789477874226343,0.5762718228166028,0.5701832118190265
6115,32013,0.6834032645059211,0.626873630169479,0.5709782148171356,0.5339111960859615,0.5209389461137159,0.5026359869559028
32001,32013,0.8259134518480269,0.7687573667408237,0.7261032671701817,0.7011999138440185,0.6977950953622569,0.6970051577246824
32003,32013,0.6143798881498802,0.5777539538375174,0.5504567257320422,0.5244597997701156,0.5093734615326803,0.4861881637731498
32005,32013,0.7563868223698046,0.7021670881274085,0.6627954432652365,0.6319678328879108,0.6104324201872791,0.5914184953516226
32007,32013,0.7857500171405142,0.6851451420510434,0.6119759476621652,0.5631576188170812,0.5463274931698445,0.5274464503242516
32009,32013,0.4812200807860776,0.47376153048355935,0.47724450806024227,0.47091853025324326,0.4660875278762103,0.45267179957378506
32011,32013,0.5540168350156294,0.5010710782792915,0.4547388641546224,0.41164510353194933,0.39021912758032656,0.3766195004607242
32015,32013,0.6356828335386947,0.5901732270282085,0.553470013526376,0.5283203408570625,0.5253138626992934,0.5171167637230228
32017,32013,0.52491799060788,0.5035933911712273,0.4951722046440381,0.4866307421003488,0.49378948637712144,0.49519969381962897
32019,32013,0.8007620767032064,0.7439728290778592,0.6982310467028037,0.6657574326020048,0.6558967220272,0.6467959227731597
32021,32013,0.7413816317355204,0.7156025852580368,0.6965373625953639,0.6852622999804533,0.683745689140466,0.6789063519405069
32023,32013,0.7030633313080361,0.674346514357733,0.6548505759487896,0.6375572626936146,0.6268567747442336,0.6128799844004608
32027,32013,0.7428888463795803,0.69503630404629,0.6578902814175738,0.6258639520429938,0.6079840189383051,0.587159063293077
32029,32013,0.7184848695866244,0.6718195278477843,0.6372968827245562,0.615909633865379,0.6062156614889719,0.6033999064793135
32031,32013,0.7741666637478819,0.7223549245186838,0.6821667489480022,0.6506508552883504,0.6351582276240822,0.6201345091064179
32033,32013,0.5544776576743904,0.5143692600640453,0.4817700812419278,0.46186179983337655,0.45794078091184204,0.4469401687327409
32510,32013,0.7562717684208519,0.6961507831486176,0.6492980982568917,0.6150140114885462,0.6036817584055006,0.5929276409978333
4001,32015,0.7097030027752664,0.686543282337979,0.6838912477652972,0.7027645774478642,0.7323314233486623,0.7116070471009206
4003,32015,0.7693638185130307,0.7401757553201727,0.7121186989834772,0.6948884519066794,0.6874025532662181,0.6761349969787251
4005,32015,0.6615984476050197,0.6089012419066276,0.5738740923007503,0.5659888622375515,0.5695501090322768,0.5459980543513689
4007,32015,0.6797548619698726,0.6379406859455694,0.5983648016787944,0.5700930660563129,0.5602895077951644,0.5440503032717006
4009,32015,0.672814812730824,0.6437587301632347,0.6158557588980942,0.5993758885986651,0.5913052898599399,0.5721334499297143
4011,32015,0.5962910654711467,0.5707796931929241,0.5417846127138295,0.5159377679013072,0.4964889343299989,0.47181397878940745
4012,32015,0.7415087961104724,0.702916568848468,0.6714748610076168,0.6608143235426158,0.6633937248509804,0.6577993464300176
4013,32015,0.24948881918526294,0.22885960081684864,0.21179482608965694,0.19705474488186359,0.18650969075258989,0.1686070964029933
4015,32015,0.49710740636653733,0.4539847493288953,0.4202602550292804,0.3978899649274383,0.3833938518480085,0.37079204584015674
4017,32015,0.7531141646067299,0.7189046185075993,0.6960501538395178,0.6915778083403042,0.7039993400560508,0.6838163960833571
4019,32015,0.11901966445360099,0.09940622556754224,0.08605021520799151,0.07641488145827215,0.07101269106706726,0.057489137677361205
4021,32015,0.3158404708198704,0.28630551243705066,0.26316517304015835,0.24904128351112997,0.24700443987182882,0.23140612657829773
4023,32015,0.5651921198019539,0.5767581591729414,0.607312136554673,0.6516098648467895,0.7103510817412426,0.742701874156096
4025,32015,0.3508756081852369,0.3138290121621569,0.2837274004451586,0.26067899797145405,0.24717022612921613,0.2319800236703495
4027,32015,0.5975586332536243,0.6506523943011305,0.7161724692203334,0.7546784397134891,0.7628933492366267,0.7428323851912989
6001,32015,0.35879884007386376,0.34220286022902396,0.3271853673809146,0.3123886737704957,0.2987735902814762,0.2775368112805773
6003,32015,0.3291535855425039,0.37721721091948535,0.439468075765645,0.48306666303640877,0.4517684736348506,0.386601860948217
6005,32015,0.519160359606313,0.47666517033876243,0.4322861171488322,0.39667461396751275,0.3720940423868767,0.3555216066984189
6007,32015,0.6736075329435738,0.6285942725756469,0.584635767985449,0.5490225411366362,0.5262078350422053,0.4920438661775893
6009,32015,0.7024777503880377,0.6588158741099215,0.6145366126828894,0.5788427084099776,0.5521819893756015,0.532983311855093
6011,32015,0.5070492669675968,0.3970316823513159,0.28657241286937885,0.2342122591015654,0.22023950913686496,0.22032287084411564
6013,32015,0.3530472870981851,0.3325503783198843,0.3139303152727958,0.296860652388423,0.2824637777090726,0.26221226207600734
6015,32015,0.7229406921065679,0.675845971640691,0.6252918530891963,0.5927650729666033,0.5717279061936937,0.5532990680609838
6017,32015,0.5189259870072412,0.4819883020669259,0.4443712313379752,0.41295694927607285,0.38112645171893234,0.3561860329463719
6019,32015,0.7868808505398597,0.7297146627700236,0.6644737589895322,0.616695269585593,0.5810850448575311,0.5589598565397407
6021,32015,0.7525358195978633,0.7027631434446485,0.6556200744025978,0.6319226628407942,0.6178575201706653,0.586469935557623
6023,32015,0.6401477035788085,0.5886814962878739,0.536024691762396,0.49433193287523003,0.46823439706889763,0.44643022507599533
6025,32015,0.567294212858567,0.5715673528522719,0.5934991928243832,0.6086977987371517,0.6359365542051162,0.6548041404497202
6027,32015,0.7285252990391488,0.678359979575671,0.6365176164186771,0.6039263284773275,0.584141696863668,0.566615463741244
6029,32015,0.7701892649387476,0.7209445617160392,0.6531270379670048,0.6057351891123437,0.5734797475802216,0.5495473002102129
6031,32015,0.7714119921451784,0.7042260752366887,0.6246806156519619,0.572519664663645,0.5425123755162824,0.5235419590339193
6033,32015,0.6589467984946515,0.6109548326486459,0.5641450983507944,0.5187280637512396,0.4883149582909373,0.4651552098502931
6035,32015,0.6753045514293882,0.604945726364553,0.519423934539173,0.4523630226823411,0.4182631951901225,0.4011512163083142
6037,32015,0.5012573879811263,0.48159585269105293,0.46638722531824994,0.45231045247548773,0.4334479796831302,0.4152809489583279
6039,32015,0.7878238156658607,0.744038381320121,0.6902013009384592,0.6477314974008389,0.6050488417357187,0.5743426653223079
6041,32015,0.29548387342851534,0.2741848091217325,0.25366999398607937,0.23584102531095327,0.220892249403229,0.19947948251082886
6043,32015,0.5703328292680554,0.48829202789295184,0.4008092890903059,0.352010593752905,0.3267506308633026,0.32592537372310715
6045,32015,0.6769605585693476,0.6119124788192228,0.5455874431920189,0.49526929939301656,0.4672573926036748,0.4470858701651477
6047,32015,0.747317472459717,0.6829296549059668,0.6141521916084359,0.5553950310097102,0.5167835107793469,0.4831190581079159
6049,32015,0.6577464800920261,0.5811089390662085,0.4949262987573214,0.4296204101394282,0.3965865058107767,0.39130988183110127
6051,32015,0.48840048890477006,0.5016025920739114,0.5210285540961997,0.5464713986600156,0.4947879535066404,0.4481018384259229
6053,32015,0.5648270262386993,0.45468714165514773,0.3456714422845652,0.2801124911583747,0.2671357850739624,0.27434366769016244
6055,32015,0.49885389564628585,0.45055465029654174,0.4110137765842755,0.387508698625241,0.3758601365548861,0.36230120990460757
6057,32015,0.5783726183853533,0.5412678979622044,0.5040677465844869,0.4718442639774221,0.4412941030666909,0.41324168239760956
6059,32015,0.3689855202210929,0.3504011371031892,0.33347505813123035,0.3171663032694597,0.3011689455187794,0.2790701052802448
6061,32015,0.49401140491694345,0.46269181532702575,0.43113236496502483,0.403836844751153,0.37822694998060197,0.35227937045006336
6063,32015,0.5805856313604677,0.4925511620874876,0.3872340983177873,0.3057836009244493,0.2668164607126356,0.2622898810668535
6065,32015,0.5746901497237026,0.5497772930816148,0.5359555950143886,0.528421441740261,0.5260327128590111,0.5180561841081796
6067,32015,0.456403416112187,0.42951969435568355,0.4054681901048126,0.3862916185233933,0.3702592500633623,0.3488356885819819
6069,32015,0.659260151803555,0.6070890147996866,0.5469033297441143,0.4915148284223028,0.4468779532946759,0.41316692332686056
6071,32015,0.5081286035593489,0.4911135603682771,0.476163925312869,0.4623816966784249,0.4483215945976772,0.42528096486686917
6073,32015,0.4343438654078471,0.41535505316398036,0.39923950623195836,0.3847176205606803,0.3711340611015755,0.35137350170747367
6075,32015,0.4139068379673364,0.39713820644290526,0.380821712523198,0.3658647482817972,0.3519830491795725,0.32900250184468904
6077,32015,0.6850588544790894,0.636039608044381,0.592849277854521,0.5554117827145867,0.5296963065631479,0.49828907945442097
6079,32015,0.5455011182574311,0.5100142562705645,0.4809544815244371,0.46240997748655077,0.4494638264603061,0.4301737184644251
6081,32015,0.27788652676110653,0.26063878301812043,0.24384841955653574,0.22720025366198474,0.21057077104575717,0.1874882186118012
6083,32015,0.5526403122126939,0.4974693509540536,0.4427193708455349,0.41378314238029595,0.4077998073902512,0.40445105956154287
6085,32015,0.32001052655922324,0.3032195579877635,0.2867369865350118,0.26928071575144574,0.25329408926875663,0.23235577074548022
6087,32015,0.6078952449195508,0.5282291262718871,0.4412215433307494,0.37581601356479305,0.35211987917197796,0.3458279754764048
6089,32015,0.6695513382281013,0.6176014897568611,0.5641796399993643,0.5216395671452693,0.49513740188727084,0.47436653601703455
6091,32015,0.5728644575828635,0.49438261052062454,0.3991035843822724,0.31233236867166997,0.2638626464632613,0.2487150292977385
6093,32015,0.7211777742459159,0.6436825892707804,0.5627852443560183,0.5121269920960007,0.4928271832447935,0.48640135328122613
6095,32015,0.5076452017297541,0.48196492110321765,0.4562070600130729,0.4348643617863695,0.41955199542836796,0.40105924882351757
6097,32015,0.40388298770496484,0.3712199352922225,0.33986340195225784,0.31418792710952714,0.2953092933767564,0.273152162206327
6099,32015,0.7689488994427585,0.7312266247720473,0.6924459218698877,0.6506037494416208,0.608373909102014,0.5665987515516762
6101,32015,0.7446818717762829,0.6865793429111382,0.6213030866912813,0.55625679443826,0.5070817296719723,0.46620619560300064
6103,32015,0.6711443934562206,0.6239178259756781,0.5739334661709257,0.538062342688747,0.51298017526942,0.48743882178165443
6105,32015,0.655691636978463,0.5784446189649016,0.4944783456311736,0.42955044226329864,0.4016441042301368,0.3925830158001345
6107,32015,0.7726805694193536,0.7149434566697529,0.6474769683120704,0.6119923520942716,0.5990941763554916,0.5972572133472682
6109,32015,0.6788072593734312,0.6274343266257939,0.5731205984993147,0.5269527414189372,0.4973381301305225,0.4796831063663394
6111,32015,0.5478974699719562,0.5169606900509628,0.49821925071595424,0.497680857000999,0.5093152267205937,0.5098737439829593
6113,32015,0.4759132890547534,0.41432537533052255,0.35395804898949446,0.31660640631791576,0.29608131197400217,0.2806955665182835
6115,32015,0.7632613096455926,0.7106674111428515,0.6547277986061024,0.609657866895616,0.5814579445183098,0.5551259689630206
32001,32015,0.7149062867338662,0.6674729228788054,0.6239830969199177,0.5895272858137757,0.5729226585170168,0.5613791263354017
32003,32015,0.24862670765015304,0.22490653943139116,0.20953998928136622,0.1881191749756212,0.17151144474778313,0.15015746862531343
32005,32015,0.46656784050063,0.4255679872442557,0.39236326786935394,0.3601275161885544,0.33374778448215703,0.31316916995604704
32007,32015,0.7211036143482917,0.6486531840158795,0.5855061087189422,0.5332591725549686,0.4990328776635471,0.47332299181300885
32009,32015,0.6499200472017952,0.636988221546435,0.6300946236797794,0.6187719788341286,0.601709250315024,0.5866220183948428
32011,32015,0.743604488839906,0.7093687348770791,0.6699210717792372,0.6268244226372899,0.6028437575730412,0.5788790867186405
32013,32015,0.6336507369537809,0.5791721840414722,0.5249926399273878,0.4799555500825801,0.4539388552752817,0.4243598206291958
32017,32015,0.7450024113643906,0.7231417914005679,0.7068689844654149,0.6887414654906693,0.6833765820400225,0.6735703612358407
32019,32015,0.5409210128172467,0.4933508077299433,0.4515593246727777,0.4139143365685967,0.39208525247969195,0.37682256435705463
32021,32015,0.5821038847982607,0.5647231209579486,0.5446168720249799,0.525478843849054,0.509324748410741,0.49365673573720953
32023,32015,0.230469504968747,0.20910844228780073,0.19192724103653463,0.17455885424419093,0.1588484562326893,0.14106974821461984
32027,32015,0.43262106222110924,0.39360318351054957,0.35870965968473206,0.32062270361674583,0.2969340053507373,0.27034294342649196
32029,32015,0.3276557510460059,0.28800045381400274,0.25866549700860203,0.23008767706777314,0.21028067927922758,0.20085984328480894
32031,32015,0.38827793967220064,0.3498577510802386,0.3165703900319762,0.2849966905868965,0.26132428517916834,0.24191257359530335
32033,32015,0.7431864653258882,0.7002595056229882,0.6563446787385178,0.6218715174308194,0.5956253951285928,0.5656829470091896
32510,32015,0.5654954510990859,0.5158791066168888,0.47015504822892945,0.4277223283869622,0.40150041843676293,0.38156102014967197
4001,32017,0.7968380905202024,0.7887173104452883,0.7867157181586333,0.7956160909388585,0.8289539982341989,0.8452718160358647
4003,32017,0.8880470272946761,0.8792273309131685,0.8649462815905352,0.85076052551786,0.8485117731777708,0.8471184121017097
4005,32017,0.7235084265632861,0.6986847129761521,0.673648403079161,0.6648437426150265,0.6770483612814916,0.6839022544356735
4007,32017,0.7740072104228936,0.7570435781969743,0.7377454756148666,0.7143873366248303,0.7096452309140089,0.7030083175135806
4009,32017,0.7197983483264144,0.7077210442170925,0.6885604688171756,0.6712235463293478,0.6628123596883309,0.6505888229535268
4011,32017,0.5901657850082574,0.5782244734955055,0.5622211214918753,0.541965092689214,0.5292860752892319,0.5096060355663059
4012,32017,0.7924805110567703,0.7727489636167651,0.746658178526679,0.7279746924152528,0.7235481304004259,0.7234332612684105
4013,32017,0.43045985869998593,0.4101434314541029,0.3880347007646533,0.36806185657814416,0.35557188352030755,0.3400247656731361
4015,32017,0.6761297255736758,0.6514509048819973,0.6273488259378422,0.6063342943743888,0.5938478713485585,0.586041396500559
4017,32017,0.819511261004147,0.8043753939337872,0.7914267015781916,0.7819003430259873,0.797437474010173,0.8036187927370105
4019,32017,0.30621086430056554,0.28723700075644737,0.26897716180601566,0.2519392712598665,0.24350384436641465,0.23273011976174005
4021,32017,0.4999276132743886,0.47436083799625556,0.4492251071248322,0.42656138577479696,0.4148444073517403,0.4019717489837515
4023,32017,0.6624731667153082,0.66016481937752,0.6611800825627709,0.6648803549989435,0.6917140949940193,0.7171124885934116
4025,32017,0.5537942150446515,0.5260962808179876,0.4992479962541688,0.4763465486715245,0.46275112373728977,0.45290505652562574
4027,32017,0.5901171373784145,0.6005648385489631,0.6279097748241391,0.6558486996979206,0.667007915312035,0.6697039253480631
6001,32017,0.5251178269781712,0.507329585130347,0.4880649861671186,0.47013201942509575,0.4555128680190868,0.4417260702076811
6003,32017,0.4069247169574949,0.4108391175246585,0.42757500946591903,0.4693466528578627,0.4680256327826148,0.44731672190198124
6005,32017,0.6928580640530565,0.6710470581907801,0.6453939434915077,0.6218092258571902,0.6054835533918341,0.5925135175698835
6007,32017,0.7939702023199909,0.7708091581345854,0.7442691054273096,0.7244114446071289,0.7160455739667202,0.7010335371562998
6009,32017,0.8297242490642531,0.807446905841006,0.7808517519401853,0.7579605493012743,0.7397092992602704,0.7269146204209339
6011,32017,0.525651095885275,0.48318977454735323,0.4222071774393751,0.39401900681713237,0.38749608663706886,0.38366369488760754
6013,32017,0.5476380851068356,0.5291053229719802,0.5085316557013556,0.49075881868986637,0.4761920307664781,0.462739653322826
6015,32017,0.8091935028714814,0.7958643209606454,0.7711366255138432,0.7560809272777317,0.7394181067648703,0.7257806501048918
6017,32017,0.7038086367742732,0.6816872681946433,0.6550701682124985,0.6342162820999557,0.6108777968406621,0.5927639355430041
6019,32017,0.7645917121524854,0.7429917835076363,0.7153306695632435,0.6915888045501801,0.6719482607951537,0.6611695453484925
6021,32017,0.8095374927987763,0.7830729209634955,0.7511977846027803,0.7393744638038675,0.7387701003196936,0.7341195799086957
6023,32017,0.7333580853247385,0.7053379498379736,0.6725442306257098,0.6467488419363486,0.6281130124880231,0.6147343785306297
6025,32017,0.6936650816543201,0.6848610347949128,0.6943738917546806,0.6914123676741842,0.7006547395163225,0.7227937176652499
6027,32017,0.8262534410974399,0.7973503928201988,0.7708438480833181,0.7489061736672133,0.7350091354840161,0.7250801873842414
6029,32017,0.7912525662730339,0.7726513206648326,0.7357365028866215,0.7055199963716421,0.6865286866865186,0.6747615825592486
6031,32017,0.7431107441352804,0.7224637532677797,0.6876827918879025,0.6589020054812368,0.6453506092731682,0.6393561406788966
6033,32017,0.7920490207399545,0.7703932951437533,0.7451205094687775,0.7191633593838221,0.7017554333773559,0.6858491305848251
6035,32017,0.7575603534021981,0.7353761361405395,0.6936740932581609,0.6565201891551038,0.6384727638701799,0.6267173108327011
6037,32017,0.6431703775807449,0.626644239037274,0.6114240235929909,0.5967567104669517,0.5789345874111053,0.5680363148918939
6039,32017,0.8015809277901867,0.7855536436117182,0.7681742619201277,0.7514241585941625,0.7266257961099882,0.7134175547191322
6041,32017,0.4884719092105009,0.46697006359197346,0.4424342585200484,0.4214507339381776,0.40453853601068523,0.38760291552635034
6043,32017,0.6432364218349622,0.6157078481515108,0.5716098271078176,0.5412117742506211,0.5218952223746208,0.5240493227490205
6045,32017,0.761337683283686,0.7337768698605733,0.6946136972684097,0.664962987931538,0.6452352921401572,0.6282689407333512
6047,32017,0.7871573963306667,0.7638563163044519,0.7362963931275126,0.7090317891135183,0.6929475375684945,0.6755376321122838
6049,32017,0.7369012959471982,0.711369149598252,0.6727758553339981,0.6455557187851151,0.6306191111689784,0.6271266902428724
6051,32017,0.5943220374714729,0.5796698690436852,0.5822541749789305,0.6182762920861645,0.5966037434076861,0.5713514740798137
6053,32017,0.5662910976390354,0.5235023632549283,0.46651295589651254,0.4284473278395131,0.42613104774400323,0.42539259045482103
6055,32017,0.6751473956602105,0.6407896111299941,0.6101052908590658,0.5901731185539268,0.579632909791926,0.5687471628159491
6057,32017,0.7513182452837641,0.7300548308656154,0.7046334483973936,0.6844934451599002,0.6653319120088281,0.6479159302675381
6059,32017,0.5428001018543026,0.5240712916280921,0.5040547679519467,0.4858745690746669,0.4699569248454814,0.45362885005600423
6061,32017,0.6942318306618436,0.6732959644146124,0.6476793180485038,0.6267233306583385,0.6063472223786345,0.5870933355450288
6063,32017,0.6353014053615638,0.6038424482672946,0.5527215690434091,0.507386041598625,0.4839174553162176,0.47679098992491153
6065,32017,0.7537796253759929,0.7292802250910853,0.7103831744402905,0.6947123551093071,0.6857788634530887,0.6824177022033853
6067,32017,0.6430866631785279,0.6245447311145094,0.6045019342141476,0.5879881813035522,0.5757732892144727,0.5636902143787855
6069,32017,0.7522399347428578,0.7284730267790501,0.6960966558697327,0.6683018766169596,0.6428010111655929,0.6180674948986832
6071,32017,0.6966380674213891,0.6816010442811354,0.6657050451936927,0.6519753645618518,0.6407702403904171,0.6285582346552107
6073,32017,0.624834667431492,0.6061667160111524,0.5869793102505976,0.5701358093427427,0.5561584024644447,0.5420517776215853
6075,32017,0.5440840413166748,0.5243019728642805,0.5017460876368978,0.48261164145540236,0.46719875793023014,0.45187412651586417
6077,32017,0.8001853606287093,0.7756311165295724,0.7517172020626582,0.7296981411745439,0.7166848065402653,0.6977529762242024
6079,32017,0.7232748624188491,0.6956946691946327,0.6664062392638485,0.6476355462857968,0.6343700402980749,0.6211164058817563
6081,32017,0.45039985579495706,0.429993986142044,0.4075777582092181,0.3875183096011972,0.3691574747908035,0.35030171239821317
6083,32017,0.7071187289872848,0.6776829330346639,0.6399034003516855,0.6156791414170837,0.6076575580328814,0.6009269323265526
6085,32017,0.4556740419609318,0.43444492944581825,0.4111087086643094,0.3886456163215433,0.3688832799607706,0.34905228048707043
6087,32017,0.7000196295931674,0.6663535899920231,0.6224659584138592,0.5827217106960957,0.5662509237864815,0.5595981716317902
6089,32017,0.8079586876829968,0.7825481116202125,0.7505322876964606,0.7248861431310845,0.7079439824841457,0.6950754600838214
6091,32017,0.5871252301156955,0.566478467049684,0.5288489542410492,0.4863156516353293,0.4620896855604651,0.44995115519719076
6093,32017,0.7937060559800003,0.7620100142330942,0.7157971872650233,0.6882121336811312,0.678256718828336,0.6748108767831553
6095,32017,0.6889270123140748,0.6738302159915164,0.6545684640412451,0.6392308682213871,0.6283355436955588,0.6192353093840129
6097,32017,0.5985586033263367,0.5731882079455727,0.5447950524989592,0.5220679206536232,0.5045182204729426,0.48942784532265465
6099,32017,0.8474787242698758,0.8308211603088184,0.8151807035778542,0.7955101309937287,0.7757171371795871,0.7521143543196113
6101,32017,0.7733033488997545,0.7585179988309878,0.734563783632432,0.707481507949258,0.6850194108405491,0.6530724043845227
6103,32017,0.8224214860064724,0.7986599987143231,0.767422564699374,0.7455315086910388,0.732732401692381,0.7184730044524651
6105,32017,0.7081201778260988,0.6760547521173812,0.6342024847765793,0.5973084877617401,0.5766395930730104,0.5661858137348681
6107,32017,0.7625440354700505,0.7412692339921743,0.7052588384531554,0.6797086728758922,0.6708255221475359,0.6763183238616606
6109,32017,0.8112121824233348,0.7871053725555197,0.7573028030444524,0.7286409322378401,0.7105197691559856,0.6967877568752887
6111,32017,0.729336342697137,0.7035323648836217,0.6773045913934027,0.6667666053343863,0.6654732217253475,0.6639041889701403
6113,32017,0.6590184855439014,0.6298670477539027,0.592066957946008,0.5653070309988132,0.5479175872231441,0.5345185045953991
6115,32017,0.8256272107749119,0.8038893636461968,0.7747527932011364,0.7475487353086769,0.7337411514670457,0.7234612636076957
32001,32017,0.7650080838723866,0.7417161426293216,0.7172307027672628,0.6950318907095316,0.6807982595921049,0.6718013132789
32003,32017,0.3862453792162786,0.3646881259882531,0.34827312389838266,0.32999964440799867,0.3175856686230792,0.3018294799334131
32005,32017,0.6387597141670721,0.611986476559337,0.5895073448210735,0.5681224294580617,0.5510202532929523,0.5337999309800666
32007,32017,0.717946774630996,0.6790892052970857,0.6468277984277879,0.6222274406788941,0.6053163644589737,0.5952720501711445
32009,32017,0.48389314817910833,0.47495852698262564,0.4797879533502693,0.47391673575747256,0.4667354302434377,0.45057871321170534
32011,32017,0.7503200865749912,0.7364127543526907,0.7211731843761798,0.6984646739431002,0.6954571438636805,0.6829280009377118
32013,32017,0.5406334076934151,0.5109037355280057,0.4835431256126572,0.4596383399853544,0.44991957507607255,0.44647814651681333
32015,32017,0.769300675910267,0.7581855271952445,0.7441165869213288,0.7292782874779143,0.7278865552293152,0.7258179361504777
32019,32017,0.6836524612391288,0.6588170999733909,0.6330873139297961,0.6091494918717771,0.5919129729574363,0.5830302883095481
32021,32017,0.6256032232553824,0.6210373769393764,0.6125723833925546,0.6071071805640821,0.6069387457663372,0.6070891877141802
32023,32017,0.3870630779877403,0.36684208881794295,0.35044096981429385,0.3345273758823922,0.3238999729511755,0.3104834352298914
32027,32017,0.6097559987059641,0.5812497397124752,0.5547992072026523,0.5309729387952533,0.5166761143450119,0.498724289669262
32029,32017,0.48107246185149155,0.4599234213710631,0.4444400002803397,0.42672584648658923,0.4138651425284243,0.4115018815014724
32031,32017,0.5658935762389398,0.5404315861616465,0.5165742540092979,0.49437383703817683,0.47642731951749007,0.46342867806173194
32033,32017,0.8258587125430641,0.8070507244796352,0.7847958085055823,0.7685956082729334,0.7559260780899846,0.7421670856984152
32510,32017,0.742398543198524,0.7168384099624391,0.691489641842525,0.6671194811762896,0.6488810618280236,0.636852689787829
4001,32019,0.6218485070398073,0.6166383627784069,0.6156825786011814,0.6336840044260289,0.6663115193545772,0.6545590152563822
4003,32019,0.6821559014951916,0.6615709100708856,0.6418255289123482,0.6314528080757192,0.6348930179758548,0.6288566913167338
4005,32019,0.6596215952783474,0.6143129716855176,0.5841124905486104,0.5793514208108682,0.5913838711758602,0.5764494183244759
4007,32019,0.8204512330055818,0.7946159937061846,0.7672689419192216,0.7477908837711068,0.746464682865777,0.7354180653666917
4009,32019,0.7117229250036369,0.6947284486125667,0.6725784003481373,0.656624084959272,0.6509512187005312,0.6297847606358344
4011,32019,0.7086153575056269,0.7007634210425362,0.686040919346285,0.669400757202308,0.6579345458327768,0.6357483499566271
4012,32019,0.474829829499929,0.44574908105489097,0.42222063729725867,0.4164498345823407,0.42394721842252087,0.42044851562740465
4013,32019,0.7896076770374487,0.7672620429211597,0.7485182573899739,0.7335803994134187,0.7265089449694635,0.709340622087683
4015,32019,0.882012539321932,0.8382507857557834,0.807936529887449,0.7900102522222243,0.7815169931442958,0.7703912887298245
4017,32019,0.638374214702445,0.6174484464425222,0.5966386550776235,0.59201108842743,0.6056635604596718,0.5885467301363736
4019,32019,0.7421819437957153,0.7210161660413004,0.7042977581001749,0.6924637742250249,0.6910636648270445,0.6773729201106251
4021,32019,0.7843711279154626,0.7569011631339598,0.7327730652014192,0.7175834715896849,0.7149895513133434,0.6956200434455946
4023,32019,0.3060642032512889,0.31507071245367946,0.3383628142710471,0.37511041931260636,0.4283467784380287,0.46144986553402667
4025,32019,0.8693102492515385,0.8310298266050662,0.8006130245349091,0.778149676603094,0.7674183572118941,0.752049082554725
4027,32019,0.3269852105554058,0.3786663217222802,0.44562304015446436,0.4880246763901157,0.5008251530827466,0.48907924265157104
6001,32019,0.795913699899373,0.7761935921027067,0.7561300669160594,0.7382080757856275,0.725746363128043,0.7037083964021893
6003,32019,0.30028505333638417,0.33393910232981144,0.3866742787921733,0.44180433553774445,0.4292156200410466,0.3773631067798188
6005,32019,0.9278191798417705,0.8894905577549795,0.8515459390769008,0.8196862013711703,0.8011842599690165,0.7857274953804313
6007,32019,0.8538022781765234,0.8178009297481282,0.7813991753255211,0.7553119717599047,0.7427022911987844,0.7145252597006967
6009,32019,0.8494290908851264,0.8137708702416825,0.77706167669757,0.7468276655825195,0.726238328195221,0.7072229713885363
6011,32019,0.47265477106265424,0.37863602560312615,0.28057553293061893,0.2309568907179621,0.2209180136287838,0.22457663862654242
6013,32019,0.8302847772094587,0.8090325094874401,0.78796484209176,0.7706421099310838,0.759707845650445,0.739810959743411
6015,32019,0.7136045708218555,0.6848500139846132,0.6504200873497048,0.6254944026628927,0.614419539342194,0.6045929303333462
6017,32019,0.9121524214649162,0.8746912433036516,0.8375742005107341,0.8095924250803948,0.7851025839984123,0.7624404641532526
6019,32019,0.72310245406601,0.6804583515955244,0.6250570510472175,0.5824113993589733,0.5584721337107696,0.5423393612691231
6021,32019,0.6114330414347415,0.5740497088221543,0.5348526653193879,0.5142702220092658,0.505613041486624,0.48136743381680397
6023,32019,0.7703172089774583,0.7249628978057241,0.6760643967831027,0.6362019696936194,0.6124480754512789,0.5882408597546354
6025,32019,0.5357952386954676,0.5444710739332642,0.5708884289477257,0.5861143689759889,0.6168259159987579,0.6447995842684154
6027,32019,0.6837761970668438,0.6394519826484626,0.6007495921474537,0.57223032226456,0.5596699565972633,0.5475263439452731
6029,32019,0.7169319088717575,0.6808049237095003,0.6238598270890428,0.5815041536177266,0.5637021571824977,0.5469716787182352
6031,32019,0.7065386525068716,0.64967870048224,0.5826551749955599,0.5385682560935342,0.5194013426611475,0.5042455613381139
6033,32019,0.8007456218052137,0.7583440677564768,0.7132974787812162,0.6728521763746889,0.6482091982673338,0.6254313409350972
6035,32019,0.7556392198860216,0.7003492464717571,0.6283641477037855,0.5682782605316329,0.538959258704954,0.5236212107654493
6037,32019,0.7911723975854142,0.7733197419994058,0.7591135687801024,0.7411015723172143,0.7179786973257861,0.7025443167058245
6039,32019,0.66819549365127,0.6447710206581672,0.6039442725655528,0.5638991143516942,0.5352529300517955,0.51661871273854
6041,32019,0.766798892703477,0.7415946669461294,0.7161524072597881,0.695169016582067,0.6810707640860573,0.6581358142344478
6043,32019,0.7447688086960104,0.6673533051632249,0.5871768318258219,0.5398386971896205,0.520473943137296,0.5208810046923168
6045,32019,0.7180830450195682,0.6642017127125904,0.6036885510526885,0.5553583557333965,0.529816007323612,0.5094323185571545
6047,32019,0.7041649308123774,0.6548928035388915,0.5965007205102675,0.5457778072602456,0.516549543709939,0.4900373546012917
6049,32019,0.7177459795717862,0.6555760628455488,0.5827297612265231,0.5266121342509568,0.5001110326777212,0.4942457060950795
6051,32019,0.47876661605974197,0.4718652401562894,0.47869356431482923,0.5019476805439834,0.4701000117654819,0.42899603437802036
6053,32019,0.5260522576765717,0.4291617805999702,0.33045593865227796,0.270764224863928,0.25674137446851875,0.26066103972536486
6055,32019,0.8053124138173519,0.7584800425218,0.7210098085804186,0.6957632227933083,0.6877273601627701,0.6806246222572966
6057,32019,0.8951308695710081,0.8616477242262355,0.8277395177562037,0.7984079233578527,0.7748158059047027,0.7490769307885465
6059,32019,0.8026284748852386,0.7821785266090456,0.7628952516201511,0.7463929107047784,0.734249670537725,0.7133320365222643
6061,32019,0.9001827497854076,0.8710108231850506,0.8420728335026988,0.8186602771980966,0.7993735368188475,0.7758165129763305
6063,32019,0.7241524073792445,0.6528621481387331,0.5633767173465968,0.48983333473782625,0.45548454806941485,0.44848639600843004
6065,32019,0.8121054223492992,0.789567996137188,0.7770701512656492,0.7709505453722085,0.7744114821884549,0.7711567736412462
6067,32019,0.8937431985089233,0.8699768996634206,0.8476549741831256,0.8312923769909707,0.8215112632777941,0.8029886877583975
6069,32019,0.6413507622635437,0.5962424336541874,0.541889446341891,0.49333347019866647,0.4554107213602315,0.42447270264652737
6071,32019,0.8783025992378652,0.8642447939079396,0.8516955151077792,0.8414468724666162,0.833839619749895,0.8149047153020316
6073,32019,0.833232403581891,0.8116474872210174,0.7936765040404562,0.7796938983476583,0.7706712875454774,0.753681876317609
6075,32019,0.6653229774524849,0.6449801112360014,0.6223971445583218,0.6032194646782927,0.5894785162240812,0.5639771309669556
6077,32019,0.8451769775172531,0.8062442938254676,0.7672459231092916,0.7335907928297862,0.7165526681180534,0.6912682058083247
6079,32019,0.8418818634123341,0.8042590687766258,0.7746112430665434,0.7563280383500616,0.7475750368741643,0.7322806971229082
6081,32019,0.7329598531914726,0.7112918911794122,0.6871435458315086,0.6666072040540751,0.6504571322294688,0.6242002770491185
6083,32019,0.8447408194506638,0.7927089598322052,0.7425619924914326,0.7168045229873676,0.7157149847142992,0.7138816433919721
6085,32019,0.7032858551022726,0.6808272762431904,0.6573348430079126,0.635737678460559,0.6187192139279196,0.5948630759031606
6087,32019,0.8136510661420571,0.7462618680327873,0.6708131257169565,0.612084600384559,0.5907522487501544,0.5849204105284059
6089,32019,0.8868731993777831,0.8449736260131581,0.7999865622462758,0.76485770495001,0.7453154365069762,0.7275050568700564
6091,32019,0.7081061028977484,0.6491146221893545,0.5682742954702554,0.4894532485456083,0.4439763315143688,0.4255032842391522
6093,32019,0.7409797821038789,0.679624623826219,0.6123615805001891,0.5682948114152978,0.5531385643882099,0.5492070248688968
6095,32019,0.8822973811469467,0.8581094071884122,0.8341017446328863,0.8159205764140646,0.8059010808314129,0.7888978960403861
6097,32019,0.8596852966739222,0.8265211293341036,0.7944401043829715,0.769565560104926,0.7538164313144252,0.7332502259759298
6099,32019,0.7461890538299562,0.7182038644618196,0.6854730321310731,0.6507640115620472,0.6199827722636844,0.5845534274920796
6101,32019,0.6768947199916733,0.6358692085608909,0.5815697833575222,0.525766778987129,0.48610220033357643,0.44991452675339777
6103,32019,0.8534409829510035,0.8176810392435454,0.7774271376933737,0.7472818805562355,0.7308264334063985,0.7107363732169479
6105,32019,0.6330331757086577,0.5689157053047904,0.4939373423185258,0.4327360749609669,0.40269025388782065,0.38781778048938575
6107,32019,0.6140624182512672,0.5710418031154316,0.5111153746565151,0.4753356504228817,0.4707598627439468,0.4718754963580779
6109,32019,0.8721389241191654,0.8268841556688145,0.7807746117770589,0.7421453084175724,0.7193053746763342,0.7021814509846123
6111,32019,0.7835995554787675,0.7512216213476482,0.7321935936509657,0.7305491676262146,0.7435594222141311,0.7472795505003081
6113,32019,0.8851003281157459,0.834175093522211,0.778280369165496,0.7410967319377,0.7259784667412863,0.7126131834844041
6115,32019,0.7647383397681066,0.7250589834835683,0.6793205275608099,0.6414895989354574,0.6223883239842397,0.5988002026561335
32001,32019,0.8949994248406952,0.8573079557066507,0.8256230989610512,0.8020917999335767,0.7928433765689114,0.7838711642585683
32003,32019,0.7482323815940908,0.7164171358203858,0.6956988733586088,0.6737138088225063,0.6586262902683189,0.6373399966148451
32005,32019,0.9286104525842035,0.8828176895105168,0.8496960398423268,0.821757268061257,0.7997857904354381,0.7793879086740044
32007,32019,0.7972503511138609,0.7213432907302327,0.6708653523561455,0.6332613074613238,0.6132793066688386,0.5923748478948617
32009,32019,0.41041020905942727,0.4013774956157516,0.39728388730492503,0.38318986595255483,0.3704386069689498,0.3464150036879002
32011,32019,0.600853709552735,0.5734881056594163,0.5477773714108043,0.5138603051575401,0.4984411763211721,0.48412300227374655
32013,32019,0.824247072951259,0.7804096934092473,0.7414493401086558,0.7115047493792569,0.6972564802296587,0.6758627044272558
32015,32019,0.5645580260477767,0.5427162517709126,0.5227253988420296,0.5046146448810912,0.5015708691134408,0.49637574568382814
32017,32019,0.6785726050320641,0.6639848264474874,0.6558504714590506,0.6485490338254412,0.6492689527024815,0.6460518980939823
32021,32019,0.8377264328135287,0.8284981334799985,0.8205241012847608,0.8156990425168927,0.8158078460930182,0.8114537233290491
32023,32019,0.8389198300115353,0.8160868411658446,0.8025182001581703,0.7880778136106795,0.7782774135486533,0.7651671099899204
32027,32019,0.8962841308265289,0.8649230161738453,0.8370204347066946,0.8095892218430537,0.7921171171016285,0.7688769258635649
32029,32019,0.890735741232116,0.8571631388753757,0.8346302247631951,0.8155011609457802,0.8055854252732829,0.7991305111760105
32031,32019,0.9217449679082238,0.8803867727490284,0.8495910863013577,0.8220190184748567,0.8034952425874832,0.785234777604681
32033,32019,0.6388774791757389,0.6130258992382897,0.5867912670568288,0.5686667254117048,0.5622975796921003,0.5505018387402034
32510,32019,0.9095705018367632,0.8641832072923722,0.828501086205097,0.7973385993228657,0.7811659153929337,0.7658771064185205
4001,32021,0.5537108241912316,0.5423174692265034,0.538443603560073,0.5408374756490195,0.5562546190974915,0.5496126613883529
4003,32021,0.5821752620703974,0.5688905948632472,0.5563772828402476,0.5469766484425421,0.5451812595715301,0.5413840498564952
4005,32021,0.4733337455191462,0.43923103150882503,0.4150808598056674,0.40271394551318723,0.4037025749580111,0.3936639643186532
4007,32021,0.630246665353907,0.6089403347850479,0.5896889421850582,0.5748789005910047,0.5724748410656728,0.5642294627118406
4009,32021,0.5084009721019906,0.4900009294281363,0.469545234820648,0.44989405932394194,0.4406357356795841,0.4243801507322387
4011,32021,0.5065432944611982,0.4842667920282223,0.4611282294721609,0.4344772156901233,0.4148783715716523,0.39470242020495844
4012,32021,0.34748342009631894,0.32840622787313895,0.3122853036633943,0.29747453730012996,0.289207675545333,0.27792018525965306
4013,32021,0.5895260165954513,0.5685666263980392,0.5495305164348007,0.5314705249318847,0.5198678991221333,0.5045069384115723
4015,32021,0.704637798256212,0.6746532402885596,0.6509076025007435,0.6329366304612205,0.619427280479406,0.6071496281406361
4017,32021,0.48896297136518735,0.4730223672623206,0.4617095362415062,0.4535586434062199,0.46171200276011415,0.4541038647981883
4019,32021,0.5690833087659942,0.5500420181134092,0.5337433194585144,0.5195398234145742,0.5113805803137357,0.4985920863242999
4021,32021,0.5539899056283837,0.5348258338403298,0.5166317254161481,0.5013506317370966,0.494790992297353,0.4806572132925594
4023,32021,0.2776040013900453,0.2813096581993949,0.29294343076792073,0.30437193871233476,0.32570946096367676,0.3379417655782336
4025,32021,0.6692976109526189,0.6428028766731136,0.6209390644016958,0.6019625734785142,0.5897331138044773,0.5765233962861573
4027,32021,0.3418383425090705,0.3629961769443252,0.39192895047905857,0.4020599424042388,0.4015919380442494,0.39686291780867855
6001,32021,0.6050221699283428,0.5820900432381009,0.5594197763641501,0.5379714715903637,0.5200319786359707,0.4985603816850069
6003,32021,0.1726167788380648,0.1672860357482435,0.1734142955556707,0.18306849642547302,0.16400320639922408,0.141501625922536
6005,32021,0.7501595092772362,0.7182874622109963,0.6882186861369095,0.6630031283413069,0.6438983292930314,0.6279518357663446
6007,32021,0.6532954396995043,0.6224258352263335,0.5936782101567504,0.5708217675636235,0.5574013357367986,0.535870334580904
6009,32021,0.6526173166410283,0.6228246680028099,0.5943528088197891,0.5701281929025183,0.5523057866075375,0.5381362405055702
6011,32021,0.33529112995406923,0.2893353976154731,0.24193933982420462,0.22266681619348258,0.22162082657009247,0.22232286599574885
6013,32021,0.6415426571008372,0.6171052245088813,0.5937972608197972,0.5727947753731311,0.5554276502319998,0.5349046642492907
6015,32021,0.5420634478333913,0.5197957142285257,0.5002920239470626,0.48802702345584215,0.4797979091709239,0.46938540283105445
6017,32021,0.7023546695334213,0.6704911098638665,0.6401261000756288,0.6170559063905476,0.593788278295872,0.5725803533140806
6019,32021,0.5687605214239562,0.5374694805045436,0.5032611801851208,0.4782761207495875,0.45893232288142066,0.4425822197449852
6021,32021,0.44290666133999845,0.4144874031628061,0.3868319431910307,0.37031243751452025,0.3645979254292204,0.35413815040627145
6023,32021,0.5522812345230509,0.5173379023571816,0.48239875411578303,0.4527571617802162,0.43419290179643166,0.41589898954948185
6025,32021,0.43356953838404,0.42657128877115436,0.43152093069011993,0.4261144133412064,0.43565774814158686,0.4441448772279474
6027,32021,0.48352526974566595,0.44915398128080797,0.42439611861779797,0.4046050365646691,0.39121826323912634,0.37807348509929345
6029,32021,0.5075214215915315,0.47772042409211796,0.43892566033370106,0.4117637881121438,0.39392116817219147,0.3749641020138964
6031,32021,0.5528856041128377,0.5175446311504487,0.4795725453372795,0.45126476987476294,0.4363039007015688,0.4241947075344355
6033,32021,0.5929908183569779,0.5598179553026141,0.5298928245113078,0.5019683935316449,0.4835966897167546,0.46599006517150743
6035,32021,0.5927421489973719,0.559571187535147,0.5194183896482516,0.4848134674940776,0.46751209564206886,0.4548827548732756
6037,32021,0.5908800551050073,0.5685027154129042,0.5494720817731413,0.527012991441415,0.5014547975471207,0.4834522312128761
6039,32021,0.5125522742800128,0.4886764161067108,0.4624832854276558,0.4447858946795828,0.4272466709685797,0.4111932524136246
6041,32021,0.5719452695643452,0.5453302853179269,0.518283847468761,0.4954154199734573,0.4764829313183999,0.4548384482790543
6043,32021,0.5818759397945811,0.5361792150635786,0.49145738185874305,0.46911410447776003,0.4583907766845991,0.4539838414985385
6045,32021,0.4913510363822006,0.4542430159081574,0.4172029815419819,0.387625464474004,0.37066682545508,0.3557847721119727
6047,32021,0.5163987514345189,0.48087219734185377,0.44678498946988476,0.4186057061882274,0.4046511389616869,0.3882934655654211
6049,32021,0.5564188954441774,0.519601764439979,0.4796768154287272,0.45041080462560157,0.43924211127572815,0.437024432421632
6051,32021,0.35370594539528166,0.335139519101441,0.3291390782250832,0.3337784540666031,0.3003860347088316,0.27867074742611786
6053,32021,0.3566923011773496,0.30437037452294385,0.2532683912113645,0.22549009451135107,0.22286972663504925,0.22631224541987155
6055,32021,0.6115069064242923,0.571378495723991,0.5401061518008488,0.5176286309887002,0.5045995605140741,0.48608675515129324
6057,32021,0.6850904044666041,0.654188173683963,0.6262256877377367,0.6030553479731021,0.5810968878073515,0.559915645360907
6059,32021,0.6034593457398411,0.5779455518440961,0.5532920738475378,0.5311747519845247,0.5114289853119661,0.48894519406580256
6061,32021,0.6900110174580807,0.6608985040777983,0.6338406527153533,0.6106940300335852,0.5900420104468334,0.5682207677698852
6063,32021,0.5390852860776065,0.49965040700407926,0.45381758037993963,0.41847562988143033,0.40260885677854485,0.3984485365423862
6065,32021,0.6179516989660986,0.5913654926559752,0.5709311367841695,0.5534493329220006,0.5411093280667065,0.5272679731813998
6067,32021,0.6975561774566669,0.6724323439874641,0.6489720309995636,0.6287020043834147,0.612265897496238,0.5925691699254463
6069,32021,0.42019042780183935,0.39083287182769844,0.35979141523637076,0.33228276620312236,0.3100347338701112,0.2907639773411874
6071,32021,0.6832896403360764,0.6626858838545597,0.6428967646293614,0.6244201186595336,0.608052629535702,0.5870123084417215
6073,32021,0.6510987637362308,0.6262698331462658,0.6039002782088527,0.5842872722176237,0.5675316941249462,0.54813130326559
6075,32021,0.4742791679828214,0.4510070974341886,0.42516119027812377,0.4021540477810313,0.3835733249897063,0.36005075086176663
6077,32021,0.6421932929625246,0.6108493069222352,0.5839071676363127,0.5584795984058063,0.5439239784271631,0.5244392721370141
6079,32021,0.6470647572680894,0.6131467662940158,0.5844989304974023,0.5621387548825829,0.5462549857477902,0.5274101037821549
6081,32021,0.541784616160151,0.5177523343599245,0.49275716576318207,0.47068485490674944,0.45115732080605736,0.4283192911978528
6083,32021,0.6570225018495776,0.6190296511717748,0.5830734330661222,0.5609586209582144,0.5519976477195844,0.5419067604355289
6085,32021,0.5231883588597338,0.49954848338434177,0.47624935003354263,0.45474409858197673,0.436736727865554,0.4163567626362809
6087,32021,0.6319196346088015,0.5889843581487635,0.5450331364697815,0.5123198781388357,0.49976055195500163,0.49090442458624844
6089,32021,0.6968723478069465,0.6654549042047285,0.6341436845640395,0.608699861183461,0.5920348108046204,0.5765254259251862
6091,32021,0.5317539979629683,0.49892891694949465,0.4570193647043617,0.4158435046976205,0.39608559605430177,0.3873230902592465
6093,32021,0.566640789350761,0.530827771485691,0.4927471822061009,0.46774638772486216,0.45750954307551267,0.4516312773990077
6095,32021,0.7098336181041651,0.6845515230781412,0.6602722548721119,0.6401339693969496,0.6249880913621773,0.6066426344395018
6097,32021,0.6550463314739329,0.623490756810491,0.5948030900794516,0.5714740919944545,0.5543203564606181,0.5341546730066534
6099,32021,0.5607565026635196,0.5361294488971602,0.5135149735457886,0.4910970992806374,0.4703887638489852,0.4488762884608873
6101,32021,0.49062194369564477,0.46041441691329954,0.43360635983800766,0.40355076422250025,0.38304648520770485,0.3603687195042138
6103,32021,0.6616903434046494,0.6298996731503599,0.598292468644945,0.5741697049029353,0.559247093850043,0.5433395411167163
6105,32021,0.45108755307644605,0.41503805306034114,0.3733884800802979,0.3386050460964659,0.3216171210112954,0.31343522516552313
6107,32021,0.46932677445615084,0.438416088547745,0.40085097122038776,0.3792306237105475,0.36777463572904784,0.35968314920557026
6109,32021,0.6837735322540363,0.6481138127629958,0.6138696581254512,0.5848714043129168,0.5648994274612477,0.5489729379039884
6111,32021,0.6007810218722184,0.5713257140292102,0.5490924748644993,0.5327042398303675,0.5264167905015209,0.5145342189754611
6113,32021,0.6897869424857414,0.6558613886860737,0.6206788136842863,0.5980609637398107,0.5835027835436957,0.56854300025752
6115,32021,0.5664737140798279,0.5365129028757645,0.5057013524567604,0.47842982204668943,0.46193197019420257,0.4456551100173808
32001,32021,0.8367844810350639,0.8072409700867474,0.7826032747940068,0.7547632521982164,0.7385072066235612,0.7256524544381759
32003,32021,0.5824445210402446,0.5523045184548654,0.5306883565802468,0.5069930373933442,0.4881711770672225,0.46775346913592253
32005,32021,0.7825100710523404,0.7488399634554973,0.724277741313487,0.7006829606757009,0.6807791384908862,0.6624426240821736
32007,32021,0.6755373006735278,0.6233784221370209,0.5863892446683234,0.5557230745788506,0.5368946584161762,0.521420937238461
32009,32021,0.3533453299735693,0.3252991381689038,0.3068627716642195,0.28531496012828733,0.26426636981496376,0.2485028921067991
32011,32021,0.5842661247695815,0.569389503359926,0.5531752271783011,0.5285999241879294,0.5145462476314326,0.4981931140630859
32013,32021,0.7416099432666791,0.7153003670977164,0.6881958642725887,0.6615677861865851,0.6483781496482612,0.6252871185433247
32015,32021,0.5720841537729565,0.5500667678134088,0.5315319664790357,0.508493756719594,0.4952608561941218,0.48261437543027486
32017,32021,0.6089974862439103,0.5963273036537934,0.5888903938474586,0.573929055835546,0.572282411580243,0.5655992355927334
32019,32021,0.8155471738855427,0.783054994764141,0.7571981234971494,0.7298995633486703,0.7123159371031115,0.6967504504050839
32023,32021,0.7649795991026569,0.7419453038940432,0.7261803798232243,0.7078459945559169,0.6912031927099429,0.6732381051748184
32027,32021,0.8131082476086916,0.7946981782251107,0.7777731352453688,0.7558489965675576,0.7433881010525991,0.7240119492492804
32029,32021,0.8060157693863239,0.775021275207348,0.7552354943432673,0.7316659815587756,0.7139804371299578,0.7007601433197386
32031,32021,0.771454868630544,0.7400811504286224,0.715702756086148,0.6910903940722187,0.6731055527088603,0.656765755180218
32033,32021,0.5306828177025341,0.510135611428707,0.48667857074249476,0.4629956753794411,0.4473271702845384,0.42950010172788156
32510,32021,0.7416447516806204,0.7092864048118291,0.6832515303221764,0.6567761462517535,0.6402035293645626,0.6265076810072266
4001,32023,0.3370249782936632,0.3360425952410775,0.33693336090864745,0.33909932852913777,0.35044270727601795,0.3541928636312599
4003,32023,0.3757183346594865,0.36450633541211064,0.355980770122612,0.35039168653757885,0.3520101742464694,0.3532001048160691
4005,32023,0.40342082787908073,0.3748250184225532,0.35787622234856276,0.34730645648202974,0.3469140337806812,0.3437277534878683
4007,32023,0.6040107381244378,0.5906093400416721,0.5799989786010883,0.5689114799763405,0.5649873566777387,0.5588556765338455
4009,32023,0.4644337150433917,0.4521239100725385,0.435332693319061,0.41719029888755527,0.4047860814779875,0.39043972781642944
4011,32023,0.53269166031411,0.5252847447893843,0.512285047635902,0.49489452218096225,0.4802634367530586,0.46379453673999915
4012,32023,0.1497486790573225,0.13754934405144964,0.12573003826155288,0.11365520063000573,0.10475865512694457,0.09603387320567523
4013,32023,0.8468935560644697,0.8230072423283549,0.8030844135753122,0.7834572464919096,0.7706099753200107,0.7569119152526047
4015,32023,0.7892235688670984,0.7552634143443695,0.7345569268417058,0.720442163373581,0.7096155506939524,0.6979155888800117
4017,32023,0.2890560057794471,0.2779126833402373,0.267890838862173,0.25948445456803176,0.25873944007310906,0.2533355153760973
4019,32023,0.8747313216814231,0.8495572342094503,0.8292322346075909,0.8099761082227185,0.7995650234075173,0.7885538386283815
4021,32023,0.7627220474273928,0.7391737378106118,0.7162118986230823,0.6943953134187206,0.6819304284088951,0.6666157625218359
4023,32023,0.04705996195732071,0.04532623743969298,0.04662803155412291,0.04616653955461304,0.053179330223643614,0.06021433337529304
4025,32023,0.8576604819658277,0.8263269106463358,0.8035817876719679,0.7838698725664901,0.7708454606531786,0.7587048184029362
4027,32023,0.08868415143587398,0.09286299417426637,0.10183886423846543,0.10449401427531105,0.09967795821421249,0.09293317071731155
6001,32023,0.814227379483253,0.7901922375980592,0.767562333280837,0.746291475811228,0.7297343969244824,0.7119611164634875
6003,32023,0.1632481612832365,0.14433549405345647,0.1344435983568915,0.13397902318467475,0.12448642093015583,0.10564885857741521
6005,32023,0.8284475219363195,0.8030618446523209,0.782818383855807,0.7658820671744695,0.7545956966422076,0.7452226310633433
6007,32023,0.6297248612796621,0.6048841499090841,0.5869362745772849,0.5741225987728114,0.566947554823288,0.5557915627234387
6009,32023,0.5925216859100472,0.5714023352594432,0.5526892399406541,0.5371972844542993,0.5259347632478025,0.5156104150229944
6011,32023,0.21904922832812343,0.19675556888000448,0.17563260114497986,0.17221866286734752,0.18181010514341728,0.186022358922065
6013,32023,0.8400158837697934,0.8158104387157287,0.7938918873104496,0.774064589057962,0.7597642767924431,0.7440909692237798
6015,32023,0.4191139917791741,0.4076528111414689,0.39753166848529764,0.3923871948439623,0.39002477126871515,0.38474226927278976
6017,32023,0.8012712536144065,0.7700858690481254,0.7434978723161028,0.7248486500195973,0.7098393280704617,0.695408455171908
6019,32023,0.42818671195992736,0.40856069632846337,0.3913074162255043,0.37842094647320207,0.3694361410650241,0.36139343233688176
6021,32023,0.24432363747868066,0.22556676551350416,0.20860243628589914,0.20053594208264197,0.20063293235425728,0.19746488461183026
6023,32023,0.5354909485140765,0.5074388862140214,0.4830021633935341,0.46264853592253957,0.448598157328553,0.43594485677983036
6025,32023,0.29150107877469034,0.2803722606184605,0.2742961387209795,0.2634691650577126,0.26056964112334235,0.2625062050871933
6027,32023,0.3578011967054546,0.33013194212791225,0.30977690395646806,0.29629241012981655,0.289588959912444,0.28284239408435324
6029,32023,0.40752144889119973,0.387215242562174,0.36525534322402436,0.34768169594578235,0.34025372501312146,0.3320944195973624
6031,32023,0.4119242252411327,0.3913087027970652,0.3721567922051931,0.36048330959124036,0.3566351522269331,0.35268787906215215
6033,32023,0.5512245171019116,0.5259605160538074,0.5056641972806883,0.4887677192440178,0.47713863129935075,0.4642190694690857
6035,32023,0.46556747057235703,0.4483845899783432,0.4302881955959561,0.4158562530330066,0.4112556337560363,0.40719200287857615
6037,32023,0.7058708069929006,0.6850332573330588,0.6670147436793684,0.6416577061834099,0.6115381327989263,0.5966937916369086
6039,32023,0.3349782385585,0.3217281687675512,0.3107130094854556,0.3032751372075875,0.29742331636744956,0.29085382645997676
6041,32023,0.8133255583667169,0.7838233165883726,0.756541418222056,0.7322132453790291,0.7138737150399431,0.6950560952622451
6043,32023,0.5590896992561596,0.526026858538466,0.5010918111860911,0.49124436016651274,0.48868121513912743,0.48842183324433236
6045,32023,0.4310170161633478,0.4045275813861527,0.37887100446705274,0.35846183500408224,0.346222447534702,0.3352911332044905
6047,32023,0.3594270550047897,0.3386119239577589,0.3204588443319495,0.3085259554353479,0.3047281892409501,0.29874638740838355
6049,32023,0.42004463834249367,0.402275701631236,0.38639776332137327,0.37823438303166207,0.3792424566156195,0.38236297979476624
6051,32023,0.2789071789995887,0.24394427733724952,0.21779276761700905,0.2112257159408224,0.1971777537491809,0.18086033269060203
6053,32023,0.26027777453405143,0.22943115977069975,0.20358199832843865,0.19326218323890626,0.1983753869456559,0.20300706505072993
6055,32023,0.7073711871902775,0.672121994023513,0.6465147532990551,0.6307730564375648,0.6215430218303227,0.6104883826125167
6057,32023,0.7443344430821476,0.7169270758573869,0.6948289022940819,0.676172957781731,0.6609699233721917,0.6462882012816603
6059,32023,0.8054844569213055,0.7781708088113934,0.7534699583111242,0.7303527759497551,0.7119887211318946,0.6929134086092721
6061,32023,0.7999747802963396,0.772891687100817,0.7497161750436909,0.7304903709825815,0.7149368369454218,0.6990796664965113
6063,32023,0.4828965412817543,0.46578851344341154,0.44789580861253403,0.43491379874138747,0.43264303949098454,0.43498070137941236
6065,32023,0.6509949646498828,0.6263151142176223,0.6069060856055984,0.5906087818984108,0.5791439910708898,0.5673259003978796
6067,32023,0.8355487316880572,0.8125156780144178,0.7929792677347347,0.7761489496436482,0.7632913326431894,0.7486527510687094
6069,32023,0.30978164100909283,0.28864159950657897,0.27093342823688094,0.2579781972558359,0.24890476253314184,0.24000103367934583
6071,32023,0.7781689402268293,0.7590637374798657,0.7425437550128033,0.7265098081692202,0.7136326835150398,0.6990048616313387
6073,32023,0.7925631121208485,0.7653805714580961,0.743553568519881,0.7243439868617648,0.7098256203383587,0.6955740966189767
6075,32023,0.644399791252142,0.6187514440104136,0.5924323924668066,0.5688564518099176,0.5500661129317306,0.5280756182119204
6077,32023,0.603294263511982,0.5814498865425467,0.5633800204730761,0.5478596267678659,0.5390436620631466,0.5272694929938995
6079,32023,0.7197671037598873,0.6860740960422667,0.6598688684711211,0.6397582806868306,0.6262258883600439,0.6126126316063889
6081,32023,0.7926795732310589,0.7663729872332044,0.7406654877533672,0.7179392585805023,0.6994389397133215,0.6794659953482107
6083,32023,0.7238536914643204,0.6919087729738017,0.6660598755824696,0.6496790025005053,0.6445339183401086,0.6385249019067973
6085,32023,0.7372145819565725,0.7141279490795326,0.6923275578784605,0.6726472068098052,0.6569358607271746,0.6400509910942364
6087,32023,0.6154777054370013,0.588384013132233,0.565954589648763,0.5510911457978181,0.5479258476991202,0.5464431151826277
6089,32023,0.6463862678555403,0.6242913148696497,0.6061958349619865,0.5924674113831863,0.5844582587008044,0.5769976242505699
6091,32023,0.4590519248749577,0.4445862357549612,0.4288785982264569,0.4145213918414517,0.4075654320595636,0.4059157533858157
6093,32023,0.42823945129548113,0.4106292645334873,0.39349568841703486,0.384491964558974,0.38407413880817726,0.3842159936994436
6095,32023,0.8039900842657518,0.7815036655520305,0.763478069478028,0.7485845500087679,0.7383889666112994,0.7272140530547041
6097,32023,0.8244821040498184,0.7935330895428417,0.76797566625871,0.7480708959519737,0.7342526435987228,0.7205402716619785
6099,32023,0.41376116802805313,0.395996361261714,0.38300224718365516,0.37138228998898176,0.36182495325492237,0.35046116612888234
6101,32023,0.31907547915438667,0.3041959164409579,0.291814180721377,0.2802138802350655,0.2731393006352698,0.26217595187015735
6103,32023,0.5996825928761826,0.5789944659392084,0.5604347169646126,0.5485056936966137,0.5434522339600405,0.5373636793647373
6105,32023,0.30852968132211456,0.28926671451888475,0.26849793763647806,0.2518671353737524,0.2432102020666076,0.23671448436000594
6107,32023,0.27427325149519904,0.2560241385187283,0.23730273697446852,0.2246434913893467,0.22228877143690037,0.22175842361660458
6109,32023,0.6590450284296246,0.6299362766068908,0.6070034599816215,0.5895822676307043,0.5777498598645947,0.5681745471285017
6111,32023,0.6548367184313371,0.6266769702783995,0.6037763711973373,0.5870848557512979,0.5783292837254402,0.5678149715776539
6113,32023,0.7698285328906431,0.7486011724966568,0.7273164331566068,0.7123385299929105,0.7045104033184038,0.695838686817787
6115,32023,0.4409711272947934,0.4209601136748191,0.40308142478321446,0.3884873569780015,0.3803610719984201,0.37137277410397496
32001,32023,0.7067127419321338,0.686074351832144,0.6729693918112626,0.6604351390120712,0.6532388126492426,0.647860690686261
32003,32023,0.8165925005954241,0.7768202695915957,0.7504477303153188,0.7255970352915648,0.7070089829922217,0.6883174275448842
32005,32023,0.8624121597906887,0.8268538764226685,0.805590368643929,0.7884155342024216,0.7745922060425314,0.7611091152946562
32007,32023,0.5940143156617491,0.5335791263727342,0.5079141421873034,0.4916427664845174,0.48188099150858876,0.47509183487516615
32009,32023,0.19419776571657904,0.1842760678805574,0.18205545970381226,0.17262120045444393,0.16274116721341275,0.15159409978085814
32011,32023,0.32593785094197986,0.31370571424209537,0.3087859713878147,0.29784074619557394,0.29262157864909566,0.29111371978224415
32013,32023,0.70826822922014,0.6796135929143405,0.6598102139806561,0.6424737624896163,0.6318304608770478,0.6202462637937366
32015,32023,0.2400387423934518,0.23325325909348688,0.23224373737631537,0.22915013789399902,0.22929349898068777,0.2292738232233902
32017,32023,0.38871790783118937,0.3826053699051731,0.3820367179064017,0.3770342667223139,0.37407851769176165,0.3716808351978502
32019,32023,0.8348761032908669,0.8077122130112849,0.7909373975181705,0.7746215237003503,0.7634209842452679,0.7534679298574407
32021,32023,0.7757205315950115,0.7656972152538974,0.7619813361172577,0.7590594141261369,0.7584776048130104,0.7586850813965361
32027,32023,0.8390222091205166,0.8235984093874759,0.8160503730977877,0.8064944230375215,0.7974469692398984,0.787281148865859
32029,32023,0.9234520844513802,0.8996168362973385,0.8873601830064232,0.8751518797549732,0.8677530642885808,0.8627302294354902
32031,32023,0.9050865539235347,0.8707453518032241,0.8497771778808549,0.8306825510081892,0.8173069887712372,0.8059678993795404
32033,32023,0.3334436084263036,0.32250563000302906,0.31361806126698016,0.30573894755740194,0.2992861533404604,0.2931708359141947
32510,32023,0.781237244955974,0.7512379248679198,0.7332464256411568,0.7157522419097401,0.704933522969891,0.6959798908635457
4001,32027,0.5196260317683408,0.5195146872255428,0.5211642718540338,0.540456394475517,0.572356412824854,0.5712127061567899
4003,32027,0.5958194511447032,0.5838743265073563,0.5673927072452857,0.5601028176542047,0.5652739954811219,0.5669726726136634
4005,32027,0.5243620343475417,0.49038927706091606,0.4596896110580625,0.45778046568287917,0.4757322329937851,0.475970774610485
4007,32027,0.7325819681592272,0.7123501877965335,0.6862115061069436,0.6722972352664475,0.6755234127079468,0.6750661129640128
4009,32027,0.6005232822792993,0.5893535122083778,0.5745515654085794,0.5669483038828346,0.5661667857624573,0.5560953421271653
4011,32027,0.616351569544486,0.6121447937271114,0.6014234040896499,0.5892038250618661,0.5769794617279089,0.5577063165994621
4012,32027,0.37004551108402617,0.34608630391242234,0.32414202197843023,0.31782785026330057,0.3238916829004224,0.32894695316549094
4013,32027,0.7695814565722883,0.7586166719327089,0.7456260441786846,0.7381990490946447,0.7351042676934745,0.7231572574098677
4015,32027,0.8213782485066051,0.7925711385674057,0.7637822898763585,0.7512256887612169,0.746572794716554,0.7441385259682952
4017,32027,0.503037474560946,0.48855105329445736,0.4715604669155998,0.4680313485950179,0.48362602106272473,0.4777888487794082
4019,32027,0.7416971163735866,0.7309592847751258,0.7203468909265451,0.7171078514998441,0.7193647961596116,0.7103087907373611
4021,32027,0.7580969150946265,0.742882080620303,0.7237973728719889,0.7114871989481787,0.7064173679288508,0.6907546508177927
4023,32027,0.17848234571875438,0.20446045245204603,0.23856210182235002,0.2776237447880422,0.32565417528107005,0.3555124193369737
4025,32027,0.844644820285527,0.8160046368608433,0.787240007161002,0.7697665656336922,0.7615917111345728,0.7540948841672006
4027,32027,0.22904393504475132,0.2863140757539969,0.35490376481383695,0.399108451679539,0.40821533102865526,0.391902170952967
6001,32027,0.7454710385620916,0.7389527179726698,0.7263874498980795,0.716486232348147,0.7088861393907552,0.6931573739180428
6003,32027,0.21054008792125561,0.2565435153972493,0.3186379728529944,0.3774928997533473,0.3718455269596771,0.326746712365955
6005,32027,0.866867221299995,0.8370686622151028,0.7987005498251626,0.7710313052169053,0.7551381258451417,0.7462633607710843
6007,32027,0.7674568590841521,0.7379880409235663,0.7009362429099115,0.6764045253506975,0.666349988775035,0.6489867862583529
6009,32027,0.754164925005493,0.7242316072193529,0.6902992794804058,0.6636078739053376,0.6455378710510496,0.633937636379728
6011,32027,0.4068137824380167,0.31266991865174243,0.2064156117074523,0.158683404959662,0.15678361281926756,0.17577445486490034
6013,32027,0.7826803512900309,0.7735842302820354,0.7595100889520439,0.7499427646967071,0.7432915397691437,0.7299638878353589
6015,32027,0.6251210780477631,0.6029033258671952,0.5671649724338284,0.5469402825033469,0.5380782398285628,0.5330813696521935
6017,32027,0.8411397428204214,0.8152698481133742,0.7824819336610507,0.7605259104788199,0.7416868363794916,0.7262868040053908
6019,32027,0.5921478519687202,0.5498963299285036,0.4959277967874234,0.4614853604795679,0.4427526652528103,0.43698998431680464
6021,32027,0.5182212237092669,0.48945290940229613,0.44318239087930184,0.4186669419477965,0.40650952027253007,0.3900762413774022
6023,32027,0.6644263690693283,0.626705009624932,0.5791599455871542,0.5440460023003206,0.5250840579122561,0.51173096174174
6025,32027,0.4115191811942506,0.4375806137458239,0.478832860082886,0.5023941968166186,0.5343526204899698,0.5601182107497792
6027,32027,0.5613110261382899,0.527155732916248,0.4929550294251792,0.47023282029959396,0.4638229098739122,0.45827066898364793
6029,32027,0.5877125702078897,0.556567365590186,0.5048768364811687,0.4718762974305062,0.45692680592595364,0.44986112973585424
6031,32027,0.5927143233694937,0.540767952093277,0.4737409294831241,0.43213609950198767,0.41305598470738186,0.41106998452882865
6033,32027,0.7084556326126998,0.669651935725228,0.6277428198985151,0.5931935576805096,0.5754763082424881,0.5630956762420819
6035,32027,0.6998539694999556,0.645024402930098,0.5685521044308893,0.5063583451495549,0.47905408586267234,0.47218797592375916
6037,32027,0.6707071694049354,0.6650873092957323,0.6595075160006303,0.653784948155624,0.6421139541370675,0.6322478793367934
6039,32027,0.5543523693239403,0.5263826409750314,0.4830966922759151,0.45270260132972207,0.43155615974174205,0.418415701037452
6041,32027,0.7375058559759454,0.72668497220862,0.7091605202602865,0.6972480061849754,0.6880186678961393,0.6716059096053562
6043,32027,0.6428615822492035,0.5693725250971687,0.48422285538231663,0.4388961028124938,0.42803830764258666,0.4489957857031974
6045,32027,0.5954744925612816,0.550112408345162,0.4904762792331057,0.4490379772517798,0.4317683739993873,0.4250939499172598
6047,32027,0.5887856088108985,0.5387857527825306,0.4783484076076673,0.43059448705283526,0.4085259244258282,0.3942283224617333
6049,32027,0.6400926277496032,0.5748174260428293,0.49763172995550076,0.44337286552795474,0.42367668096984645,0.4307314412993929
6051,32027,0.33918122332766787,0.3440788986503578,0.36974017821708155,0.4044032635148767,0.3875365396693027,0.3516291968727845
6053,32027,0.4390353012290957,0.34347106162355007,0.237023368953859,0.1764014057523711,0.17119757267759325,0.19639697350101376
6055,32027,0.7149774263032896,0.6800603798232143,0.6418973121299614,0.6284177886077126,0.6329298806410575,0.6325273755737747
6057,32027,0.8136352930129388,0.789701142217873,0.7605448084878519,0.738511905342285,0.7199196086723894,0.701854157445237
6059,32027,0.7342724133562055,0.7275230800956632,0.7165466887029042,0.7089950914845565,0.7028284464437983,0.6886324328327846
6061,32027,0.8397692870695536,0.8220002082092565,0.7975594504985002,0.779693044993656,0.7642668817174834,0.7464629908530258
6063,32027,0.6788803898732644,0.6035784121171481,0.5066128753109986,0.4282872069349413,0.3941436914964293,0.39722659040234504
6065,32027,0.7135800476101936,0.7057308717107355,0.7018122946033074,0.7029179177682051,0.7097558702024744,0.7099432497080909
6067,32027,0.8221354328360442,0.8090524552849321,0.7917146710073264,0.7806528032539453,0.7745645050612501,0.7627089639493487
6069,32027,0.5480376967046628,0.5056729248978702,0.45038492928147866,0.4079984080861285,0.3771413767599394,0.3590673435340134
6071,32027,0.7963986678229257,0.7921649986270266,0.7845749004561742,0.7795107336519325,0.775526694285522,0.7628038037639617
6073,32027,0.7660750818697051,0.7588112192124976,0.7482999609105261,0.7425941622093584,0.7388576948512545,0.7274033162177224
6075,32027,0.6141819831284472,0.607133023053637,0.592611192219331,0.5817307819594457,0.5731942057618614,0.5549669952681164
6077,32027,0.7420555874545549,0.7070638818522328,0.6699777036916069,0.6426125690003386,0.6329609465528214,0.6196970868904574
6079,32027,0.7625899247109935,0.7392914761943479,0.7134090040774008,0.7014571802653075,0.6976438116120685,0.6885217925689959
6081,32027,0.7117097071937873,0.702770489454008,0.6867480405812031,0.6740828161046807,0.6627158794966637,0.6423577307560038
6083,32027,0.7656834640845347,0.725422954597005,0.6797699209123177,0.6601585560480565,0.6660238925967799,0.6740934618350607
6085,32027,0.6982524128701963,0.686321362980819,0.6693617950565669,0.6542051305397318,0.6408062853122052,0.6219110111411726
6087,32027,0.7438101022866747,0.6806696400174344,0.6036413423783434,0.5457600198257712,0.5293230324628637,0.5375548736029363
6089,32027,0.8098065755096648,0.7744995335831493,0.7289741224097213,0.6963842026801611,0.6784344613642312,0.6681978815207879
6091,32027,0.6437409437022004,0.5853006382242033,0.5001144136003978,0.4214908626834554,0.38250451573430616,0.37670256373109157
6093,32027,0.6487000715622738,0.5896489024877968,0.517617467016062,0.4737850564540071,0.4652591608294328,0.47510740145066616
6095,32027,0.7998047816093361,0.7868593670823959,0.7661834336535103,0.753677577152216,0.748147290883259,0.7396271172424975
6097,32027,0.8113934640536509,0.7916572158665931,0.7630847962667132,0.7438423867222014,0.7317405816240266,0.7166049900964191
6099,32027,0.6359781950307118,0.6098294589371701,0.5774726779067454,0.5488910902789347,0.5241335135385659,0.49992234498859095
6101,32027,0.5687170270952973,0.522895010156911,0.46850513134330996,0.418204634750105,0.3871049123232377,0.3615874173888061
6103,32027,0.7767926870223157,0.7492800103980495,0.7085806879547701,0.6794728242711194,0.6628498992372802,0.6506339568330599
6105,32027,0.5491753425484813,0.4846290095481445,0.4066149550864813,0.3446272665552319,0.3168482296439983,0.31402475962289533
6107,32027,0.45552448205473384,0.417114403263642,0.3609269516017729,0.3340981217677437,0.3331601071374463,0.34776225247122106
6109,32027,0.7731222429464197,0.7385537593890812,0.6950371099764232,0.660517884115603,0.6409966514574003,0.6310552554145072
6111,32027,0.6770569465139943,0.6630051796943628,0.6520249463363491,0.6583997505172605,0.6764847976638239,0.685258619114591
6113,32027,0.8372019029019885,0.7878860821593131,0.7322010623244875,0.7026955074849455,0.6950423804180866,0.6945277238588597
6115,32027,0.6543348039243971,0.6206151719887607,0.5759546980864412,0.5398274126514654,0.5213824239731547,0.5068294524319871
32001,32027,0.8197851747750785,0.7868135200025225,0.7520854217477166,0.7270954358185949,0.7179864223552507,0.7144650445721595
32003,32027,0.6794582364883149,0.6649487138794126,0.6530756687261882,0.6424203014282444,0.6344797270056899,0.6192974821413425
32005,32027,0.8809345172933791,0.8468230053615341,0.8168756098694124,0.7966739612437234,0.7811909983818975,0.7668219173164341
32007,32027,0.7229464129203139,0.666104272457228,0.6148883813413147,0.5809078727002004,0.5630703186402319,0.5514242232986636
32009,32027,0.2792807595402518,0.2735246522502921,0.27493066605618366,0.26369749810132365,0.23953921125703045,0.21815937627090679
32011,32027,0.595392108288212,0.5625443358549247,0.5337817272639985,0.49285960970502674,0.4738906473664485,0.46056935255077225
32013,32027,0.772751576724343,0.7362467614887989,0.6956733633186961,0.6622753991367708,0.6487319242739823,0.63267719866018
32015,32027,0.4628920043711281,0.43984431852202244,0.41441837603478704,0.3946328909789309,0.390963015896857,0.3913654480740247
32017,32027,0.6228398573854129,0.6099627925584047,0.6021858598071359,0.5947911768387496,0.59789565509008,0.5974848169974001
32019,32027,0.9058756762218017,0.8694219086647608,0.8347171011303448,0.8062696167228287,0.7899133015943491,0.7807939857567134
32021,32027,0.832517913165298,0.8214683961361537,0.8077415316642358,0.7994041988320868,0.7934237974842538,0.7896240580684671
32023,32027,0.8519647719103126,0.8346256399099611,0.820831266891104,0.809399970124647,0.8017776733559262,0.7916419708525845
32029,32027,0.8729241442271326,0.8451021691979732,0.8239002164287383,0.8065639540867829,0.7975319944059274,0.7953672873259737
32031,32027,0.8914174554605443,0.862723891066597,0.8354123210137819,0.8135159222399172,0.7986257976437081,0.7859791647624125
32033,32027,0.5802954050187115,0.5554227372777639,0.5268546479212535,0.5054876576350879,0.4970403919535114,0.490357637167221
32510,32027,0.8621666680348943,0.8279890350537819,0.7964575524752332,0.7717100275932149,0.7573079567012118,0.7495103660163803
4001,32029,0.4380746608968442,0.4366091897589365,0.43758959567077427,0.4475744578770976,0.46244593143488993,0.4536656725047591
4003,32029,0.4906487336624723,0.47695354346956353,0.4632479047607171,0.4520139887254295,0.4480366207538138,0.43735479223483525
4005,32029,0.5080995014299173,0.4724598657790438,0.44851475193970397,0.43566982731009724,0.4323521927673732,0.41566831446123165
4007,32029,0.6644596206062778,0.6438772256795141,0.6225703899619672,0.6046285408135349,0.596242420706548,0.5791806636423452
4009,32029,0.503023328871102,0.48760775504537845,0.46723598332215116,0.4452509722092476,0.43171155962056396,0.40876713433269946
4011,32029,0.5429330962585114,0.5308057448425944,0.5119991903105919,0.49050047509164574,0.4705375585899,0.4457176145460056
4012,32029,0.20983025899732452,0.19159974377777528,0.17665918964024763,0.16523506656344944,0.15854169606765028,0.1444621207513825
4013,32029,0.8055306147419411,0.7805227492476688,0.7592639743374736,0.7391270566013624,0.7253552058521178,0.7039738788323798
4015,32029,0.8275804664078661,0.7869024152952122,0.7596496650660184,0.7394283000722754,0.7252612113607476,0.7075893635952775
4017,32029,0.3969222660264676,0.38313296188570706,0.37028073796213024,0.36523592347940576,0.366708416902191,0.35138766349843775
4019,32029,0.8229826816609436,0.7983514859900586,0.7786879690573455,0.7599141708411971,0.7505330327705246,0.7316790440964188
4021,32029,0.7215665834788261,0.6967703030906195,0.674012842478395,0.6528101561971608,0.6420286218449769,0.6194201598900624
4023,32029,0.12735442035021521,0.12599637067864763,0.13553707973596432,0.1528380573964277,0.17953208118061317,0.20121589748314223
4025,32029,0.8476113969371833,0.8127492291954006,0.7858131651499526,0.762553592291452,0.7461317557496246,0.7238481121326164
4027,32029,0.15210802316721833,0.17744253124256465,0.21791965193924592,0.24322542518837442,0.2510764553341301,0.24758967812486266
6001,32029,0.7709648784171829,0.7444414480203816,0.7191202905495867,0.6967908699724098,0.6797441904039,0.653820605280309
6003,32029,0.15794266181048602,0.15937842350771125,0.17573094680377552,0.19146679909635617,0.18203013422782863,0.16088780751855844
6005,32029,0.8585128130181632,0.8244503629552425,0.7957897521595398,0.7689068239113707,0.7501260385668341,0.7294539222958017
6007,32029,0.6772561571407382,0.6474196958510042,0.6209184178609979,0.6000623723845381,0.5845197792264228,0.557525241393708
6009,32029,0.6488078650028885,0.6184603539470337,0.5913166456242231,0.5666663093341364,0.5471336797493295,0.5254041086417066
6011,32029,0.3387805535043747,0.28017511308882165,0.2210803408469152,0.18159056363876053,0.165202248456543,0.15350382987042727
6013,32029,0.8163789556159228,0.7898891977819364,0.7650354049150656,0.7433954043877836,0.72754566352353,0.7035969189641574
6015,32029,0.4867981026909154,0.46749930399185274,0.44922961622436586,0.4294097427572117,0.41757032318630155,0.4055440162685505
6017,32029,0.8256173734087912,0.7872053796954851,0.7537590254069187,0.7274224097978851,0.705047938370303,0.6793747084085464
6019,32029,0.5034084104716398,0.47152762745304777,0.43493235344287695,0.4019280921002906,0.37936096009454284,0.3573889026507278
6021,32029,0.3307109101363684,0.3057687868699479,0.2831455493733091,0.26679558288585176,0.25536567295594814,0.23391290900653752
6023,32029,0.5710992101950974,0.5362896283186471,0.501712430626072,0.4686327558575161,0.4443225990672574,0.4176032107233735
6025,32029,0.36888765532935247,0.3655777395336431,0.37337746892741314,0.3790375445770869,0.3946588314451918,0.40810003313309345
6027,32029,0.4410004412545939,0.40556466493855203,0.37732421813626116,0.3555799790651524,0.34213807143461805,0.3240335848146466
6029,32029,0.5042093964661576,0.47171257535363664,0.43025925899995937,0.3929752186621163,0.37209713168198694,0.3489132216852711
6031,32029,0.495580527184152,0.4585597000017468,0.41531408178061324,0.38207803364773174,0.3628154216945358,0.33949624919412447
6033,32029,0.5988454655807852,0.5638922029767396,0.5291484134567105,0.4973959756872267,0.47454740085201935,0.45131363214691433
6035,32029,0.5484396583363961,0.515900930629845,0.47465657101858155,0.4367433338927343,0.4117854135119591,0.38903413170235346
6037,32029,0.7162405861140121,0.6945956155869368,0.6766461485109615,0.652139965886507,0.6217061947024237,0.6023253255070654
6039,32029,0.4289521626890015,0.4087068739562181,0.38335748274234605,0.3546737502332775,0.3329797509051148,0.3118401250684495
6041,32029,0.7561835872232125,0.7249575166907217,0.6957101941822516,0.6698904810372176,0.6513518029039193,0.6248568892501716
6043,32029,0.6534476747870748,0.5942172932905025,0.5373908628619108,0.5009832922883017,0.48200554526726624,0.4688158112843953
6045,32029,0.49807926758132476,0.45925001042811414,0.41991466101242825,0.3834651411901527,0.3589168366101538,0.333737373533445
6047,32029,0.47139007930088256,0.4390460969268525,0.39921315614843506,0.3629256715522902,0.3368211862717407,0.3109834861113083
6049,32029,0.5315500973473315,0.4932360902130918,0.44817689166900326,0.41014305751675056,0.3903870034585998,0.3779718607307165
6051,32029,0.3474519763301751,0.319514245832749,0.30769684795254787,0.30654136798121984,0.28610369184002044,0.26237530815360544
6053,32029,0.3587426228570787,0.2966696341014451,0.2310384767245525,0.18951207582779847,0.17109880304475544,0.1593305843968542
6055,32029,0.7380422458530215,0.6888080173255186,0.6526457915262469,0.6277131876339863,0.6120196313510589,0.5929710554391782
6057,32029,0.7783204330823431,0.7455951461914819,0.7166486918057047,0.6910776472474648,0.6682905944425507,0.6413791098619741
6059,32029,0.7799039995304187,0.7517886312216868,0.726171716785902,0.7035344751075376,0.6859405652674382,0.6611708405800634
6061,32029,0.808764377436212,0.7775538876519085,0.7496689341355403,0.7260346724042427,0.7067227201204614,0.6817480399202505
6063,32029,0.579709465642872,0.5351062735578069,0.4819192264383249,0.4340954347571095,0.4068508993351004,0.3904002013855332
6065,32029,0.6687674948067057,0.6415065012047517,0.6222194477729455,0.6092706493289969,0.6030022666280408,0.5898104171583444
6067,32029,0.843231032704077,0.8169339149507092,0.7936227858588578,0.774539709550709,0.7601619043703313,0.7374384393796825
6069,32029,0.388763786243288,0.35941623727089417,0.3255166400708358,0.2911739637819202,0.2621037050355325,0.2366237304805222
6071,32029,0.7876188989258719,0.767842072998701,0.7509015036145575,0.7352444336652317,0.7229959039603392,0.7017466159491278
6073,32029,0.788834256041736,0.7596304645434112,0.7356711672241578,0.7158665787498621,0.7016337598869108,0.681411660130511
6075,32029,0.5816387513211537,0.5537070320317201,0.5247121768199313,0.49939826963068057,0.47969860918918733,0.44961943762152934
6077,32029,0.6664467927014907,0.6365196128198476,0.6064056302803141,0.5776660115479506,0.5577770647671781,0.5330115234079147
6079,32029,0.7316623283960743,0.6943370078517352,0.6650286882557744,0.6433440529439008,0.6283403228822757,0.6068473657463367
6081,32029,0.7203066883967945,0.6923027930939772,0.663635356662743,0.6389136369983819,0.6190905233935036,0.5905802746902736
6083,32029,0.7579519588093284,0.7103024541543586,0.6685931733408683,0.6420468045491137,0.6323813129689554,0.6188689899358442
6085,32029,0.6511668699974046,0.6242787533398235,0.5981237061310335,0.5742494296031622,0.5553035537863119,0.530100058939837
6087,32029,0.6918793413551979,0.6426783701546012,0.5904727790422541,0.5474992209607678,0.523882393610321,0.5070667113572441
6089,32029,0.7114696764830533,0.6797696936815717,0.6485148972608223,0.6215925555093071,0.6027301677485818,0.5814080660151141
6091,32029,0.547347808790996,0.5139093326588685,0.4709978028538723,0.42239044395835373,0.3852978219608467,0.35972201853513897
6093,32029,0.5296517152380908,0.491064026294136,0.4496340530262679,0.41851399023692853,0.4009797740818679,0.38629108535331785
6095,32029,0.8316557625071312,0.804754242286305,0.780586499413396,0.7611900475458121,0.7473023092914526,0.7260966311313577
6097,32029,0.8133813079094984,0.7781227514821482,0.747411944949642,0.7231005124215348,0.7056262302093199,0.6818978161919717
6099,32029,0.5004550074944589,0.47893230986478624,0.45483410898825133,0.42720563894081187,0.4023357833732934,0.3739108583493145
6101,32029,0.42717583033384354,0.4018294083755723,0.3683750880200511,0.3335440664823258,0.3025771274189279,0.2705536043493697
6103,32029,0.6648324300644153,0.6376065826551105,0.6091914438576644,0.5851627104963762,0.5709397121894725,0.5491005149240211
6105,32029,0.38422138516868093,0.34688072527677205,0.3017748304826672,0.2602426031653696,0.2326779569832787,0.21043226239790846
6107,32029,0.37679133941325466,0.34295562171212574,0.3029638134849746,0.2717082962432814,0.2607676943688014,0.25079552749561607
6109,32029,0.7257719096469821,0.6862598545377898,0.6505676186077164,0.6204277228181494,0.5978022808475347,0.5750852741639781
6111,32029,0.6713655369430188,0.6353373556749252,0.6101910910669432,0.595949505134408,0.592993423822729,0.5832855882760123
6113,32029,0.8010970466788261,0.7637949722452971,0.7239685191270536,0.6923115684486834,0.6725684178785785,0.6514515720878965
6115,32029,0.517890038387207,0.48876611979530976,0.45961110174495406,0.43243726886643874,0.41287028261010755,0.390106031075087
32001,32029,0.763894531926147,0.735759277115982,0.7145474873292866,0.693650583029318,0.6792613552218878,0.6637636425310467
32003,32029,0.8070836216566628,0.7676418239385139,0.7406925155433268,0.7156028527353927,0.6955953804060033,0.6704650944680453
32005,32029,0.8983607230236189,0.8539434968408608,0.8237006936686145,0.7966944175705298,0.7741569874045955,0.751634183481656
32007,32029,0.6553278815579444,0.5862316330734498,0.5513065451316949,0.5200390448414776,0.49859217640460385,0.47434156826587537
32009,32029,0.20924308003058176,0.19801578208742876,0.2004988169892169,0.1916275829554053,0.1778933645881464,0.163824940539221
32011,32029,0.40064242620137996,0.3861734339586761,0.3761668118333503,0.3517278627182421,0.32815440092931314,0.31645501927992126
32013,32029,0.7298554878873025,0.6985791245201963,0.6709354845904082,0.6465597886310552,0.6274990338746612,0.6005730763119281
32015,32029,0.3404214334602799,0.3235578828869363,0.3104572766717964,0.2956531357623474,0.2826534814412015,0.2733125598296465
32017,32029,0.46759895993666317,0.4540617948962859,0.44700347499599336,0.4379950825145152,0.4297821895330846,0.42153637583739617
32019,32029,0.8822974837087909,0.8456281888697205,0.8206079991779792,0.7961274038137419,0.7753373750401978,0.7549425711893266
32021,32029,0.8190527791617799,0.8039725131654331,0.7943005228609844,0.7844548579661341,0.7775426976512225,0.7687375967105214
32023,32029,0.917774991551154,0.8908078095495416,0.8760706067647401,0.8604115608617307,0.8466045580843825,0.8283042160433949
32027,32029,0.8559236326698424,0.8342650679171855,0.8169192723996551,0.7950766411735181,0.7756207919897272,0.7520597246289554
32031,32029,0.9138718651895078,0.8737415154990738,0.8471613063407164,0.8214097085067078,0.8010712152975951,0.7800434625585311
32033,32029,0.3996942994282694,0.38066091777125566,0.36449902717952387,0.3520957839347423,0.3401995529370913,0.32192089774443666
32510,32029,0.82317494430799,0.7825438220221516,0.7556764950311246,0.72913455018391,0.7095839400154962,0.6887752302400949
4001,32031,0.5175940951048538,0.5143331426921343,0.5107126129267926,0.518707233446364,0.5396242526917093,0.5304061723775867
4003,32031,0.575788191794622,0.5572957935609154,0.5416636628217165,0.5313379521286546,0.5332914803516604,0.5302085429574224
4005,32031,0.6042863439317938,0.559160606175847,0.5297884387763506,0.5186810872575234,0.5236300642345909,0.5113840936170554
4007,32031,0.7557579360402208,0.7333615308766193,0.7121384811748868,0.6943672071725666,0.6924009389318471,0.6825317014753586
4009,32031,0.6051068147331967,0.5903781060558382,0.5683310999290374,0.5488463640218397,0.5395101176065668,0.5205464973437552
4011,32031,0.623745554892728,0.6181439380277747,0.6042803568916736,0.5867865579948717,0.5734156656386389,0.5533496637308271
4012,32031,0.332393238281583,0.3149753797177031,0.3012286516347603,0.29491218800186847,0.29611431488038664,0.29022590654799024
4013,32031,0.8785635661596958,0.8498913987578713,0.8251802672438259,0.800727141478743,0.786680510924521,0.7664796483135426
4015,32031,0.8772901310469946,0.829436917788255,0.8001056021913857,0.7805605087402848,0.7701249488203904,0.757130493222592
4017,32031,0.5036730743005523,0.4851544210210293,0.4664684234079783,0.45806323446577724,0.46492326334267126,0.45138596637053574
4019,32031,0.8592676396239537,0.8292935272036175,0.8044314539029054,0.7812827130381471,0.7712014903114564,0.7527373139965667
4021,32031,0.8280373469697208,0.7979564075760498,0.7700487464062112,0.745971652169017,0.7350719084414663,0.7125814460652983
4023,32031,0.2043082132796043,0.21251192798946786,0.2278825203240224,0.24725438378844697,0.2757597173689992,0.29109927466083046
4025,32031,0.9093471398273588,0.867046650811282,0.8355739507144482,0.8084552740838842,0.7937300115287051,0.7764574909726927
4027,32031,0.22540638062586094,0.25735526652229396,0.295748603787621,0.31201742103369673,0.3073000361056281,0.2910768374829434
6001,32031,0.8660122906580249,0.8377320963669764,0.8099878165184684,0.7838500580215289,0.7655949720498075,0.7401386208115485
6003,32031,0.3035003832788443,0.3089199528220264,0.3274616805573063,0.3511257720077276,0.3325367460510262,0.2907452425464565
6005,32031,0.9224111606380438,0.8821697721849175,0.8490281927990876,0.8213529321754552,0.8071235370217162,0.7949093718130543
6007,32031,0.798182408605275,0.761372535529602,0.7302604366183494,0.7082352719237207,0.6985157840181248,0.6776075904212782
6009,32031,0.7604130537962638,0.72691028990446,0.6962343173330567,0.6727500675409854,0.6587054076529394,0.6451001421082052
6011,32031,0.35477229024023044,0.28961464267323184,0.22791243681450726,0.20608440910840348,0.2146554764317617,0.22707293195578113
6013,32031,0.8973308790481921,0.8682223454758631,0.8410479800263294,0.8169329825535742,0.8014660041146433,0.7790338691179952
6015,32031,0.6419552609626507,0.6150951556630357,0.5877562848019589,0.5698952983232723,0.5643048754175388,0.5585428013127487
6017,32031,0.9081394690790181,0.8641354229761259,0.8266943380443122,0.8004810855322004,0.7808766072625887,0.762361552150005
6019,32031,0.6136317754375141,0.5761686477304605,0.5353528550088953,0.5066062624255324,0.49340684546045893,0.48299442664636905
6021,32031,0.4805466042310408,0.44895005065061927,0.41831120546077694,0.40358021072309413,0.40093313709022776,0.3878471425473104
6023,32031,0.7258156648196551,0.6800823964712358,0.6367510051281394,0.601353882534187,0.5818230533056215,0.5634485203724826
6025,32031,0.4570471850398746,0.46040474866866554,0.4730221516256509,0.4723119484361809,0.4846472570137192,0.49641726958050036
6027,32031,0.5949890503636089,0.5536719862999098,0.5220279748315185,0.5006521370437136,0.4941935405967943,0.48563052353195796
6029,32031,0.6142897213510655,0.5801016103335269,0.5351457593464302,0.5026632362825881,0.4917423871960952,0.479730223812218
6031,32031,0.5928463568379693,0.5462046209167094,0.4993842583820271,0.4716458706562246,0.4644019481061355,0.45651237935509703
6033,32031,0.7202876292320222,0.6796387516376399,0.6428560039529132,0.613038129870185,0.5969876920658314,0.5811279265849016
6035,32031,0.6434443705379863,0.5992088859243675,0.550127910852542,0.512804189712846,0.5001913651943646,0.4954328455585764
6037,32031,0.8285321041555702,0.8052802394166363,0.7841092250707414,0.7524367519913643,0.7169685238416911,0.7006075528887679
6039,32031,0.5599180538902561,0.5360366964162301,0.5040519928764972,0.47852642658972955,0.4653379505006577,0.45502517015378463
6041,32031,0.8478176718463672,0.8126670664708281,0.7792753269804206,0.7499142824313164,0.7301250515607614,0.7045840369859784
6043,32031,0.6812889925443729,0.6128105175371766,0.5546337870258369,0.5263827166112122,0.5207527482389356,0.5276825902614991
6045,32031,0.6453762138438304,0.5982501919249587,0.5511840046146916,0.5157529191731094,0.5005561153757189,0.4874366069119347
6047,32031,0.5737671813749786,0.5328444921171048,0.4904397990194088,0.45780465965167494,0.4454279920051093,0.4327239665273041
6049,32031,0.5956653325240076,0.5490559483914608,0.5012166291211472,0.47097860603187724,0.4650272120684233,0.47196371813931975
6051,32031,0.46949108900307823,0.4369555666428767,0.4185980934472794,0.42389866532554543,0.39808370801079224,0.36789429966043147
6053,32031,0.42153287009119833,0.34859178016886844,0.2821688205239214,0.24907134012185894,0.2516370922098806,0.2637176166179305
6055,32031,0.8191932703953961,0.7692570009234502,0.7324953765477697,0.708485128484188,0.7016060963135051,0.6933653378619121
6057,32031,0.8742025425727236,0.8358774603884725,0.8022902779471874,0.7745693446507361,0.7546052712855158,0.7336210948247118
6059,32031,0.8758645944346237,0.8445968633863185,0.8165730672013857,0.7904233524956592,0.7712072305427511,0.7461782649286651
6061,32031,0.9051440010313709,0.8704760490827829,0.8404325544471283,0.8155841069436242,0.7967727111108961,0.7753460900088259
6063,32031,0.6211922452166175,0.5672638776447353,0.5091185288207956,0.46726348938677686,0.4559847066340341,0.4621845969245775
6065,32031,0.799915319353378,0.7729720151123899,0.7546839126000766,0.7401811395556536,0.7348428630335686,0.7241991135697967
6067,32031,0.9191681963937445,0.8901385756303217,0.8653311929616859,0.8449935057590616,0.8320307867412723,0.8124335666998352
6069,32031,0.5515551982492704,0.5127057133860718,0.4732442499445267,0.4416377859842649,0.4204451465927913,0.40322315197321484
6071,32031,0.8872530840689035,0.8676577237987189,0.8507902584243788,0.8343411204655341,0.8224896970299432,0.8026934370527357
6073,32031,0.8854187428740031,0.852822010103143,0.8272693376887765,0.8048454164418323,0.7898236992887903,0.7701147294882679
6075,32031,0.7261783132254579,0.6965840875563484,0.6650874278573415,0.6364552211802056,0.615788493276735,0.5854805413824303
6077,32031,0.7812569833894876,0.7456362061876047,0.7137139068003626,0.6869777140935145,0.6753558196208976,0.6564756295493533
6079,32031,0.8439069704139738,0.8006681754169757,0.7680256414627649,0.7449653081540026,0.732893393814231,0.7164080647166665
6081,32031,0.8208912016927717,0.7897327384990209,0.7580491600671511,0.7301844793807263,0.7091387703890143,0.6808642898137168
6083,32031,0.8420984785714941,0.79085478465671,0.7471490808233727,0.722978870026331,0.7205753694362044,0.716867300715788
6085,32031,0.7727178360827728,0.7439965667741592,0.7159652484122755,0.6902196113036233,0.670979134505395,0.6463169603043668
6087,32031,0.7586662633123141,0.7020138296474496,0.6474071753206709,0.6086576600391812,0.6002876108072142,0.6008187203448427
6089,32031,0.8106847763390295,0.7725543755885588,0.7381375165425882,0.7128985037842778,0.7011107700545273,0.6900376233125607
6091,32031,0.6118258601145609,0.5658429710148255,0.5122580593812993,0.4635151673948892,0.4406733198130711,0.4363438099707466
6093,32031,0.6264947158671476,0.5815459561642496,0.5365528128970579,0.5106781550240939,0.5072163204483576,0.5104682129926394
6095,32031,0.89454760818534,0.8648934354910773,0.8398532190596448,0.8197549075413328,0.808711125343213,0.7924742477861519
6097,32031,0.9040329993160316,0.8634441775521916,0.8287823361436646,0.8017606724178774,0.7855025328103851,0.7660306333563921
6099,32031,0.6377173013145643,0.60927029981033,0.5826402561296005,0.5573364615664492,0.5383984748600273,0.5155713074873022
6101,32031,0.546263306873584,0.5115928720481989,0.47436182361185025,0.44061237005923826,0.42086460979492313,0.4014426896141747
6103,32031,0.7844315719345608,0.7507939401505664,0.7179542687107209,0.6955563353870193,0.6861783910935936,0.6739126964425948
6105,32031,0.49756734749023723,0.44888929610195694,0.3978979839637414,0.36034492662272904,0.34618462275923595,0.3417477795786344
6107,32031,0.4879009915231485,0.4535585151857562,0.41138926756310595,0.3883896426028831,0.38945531251029647,0.39256139843670024
6109,32031,0.8135934286909293,0.7666504099814347,0.7279243629401109,0.6978349715194362,0.6819495159147667,0.6703434782173527
6111,32031,0.7881990082223768,0.7541237450697924,0.7309327872812446,0.718202401327578,0.7193757358473353,0.7134146689204238
6113,32031,0.8779839956389828,0.8345292645268405,0.7911971590580574,0.7639222271744478,0.7545558766648672,0.7441563324037256
6115,32031,0.6433365480922101,0.6088520616133247,0.5756429514074772,0.5498412430416513,0.5390615368733769,0.524882874875169
32001,32031,0.8091902419040516,0.7746089786477831,0.7511667581096687,0.7320733788248261,0.7252108343860647,0.7192764756560599
32003,32031,0.849010623446607,0.8000131000660812,0.7677165774453402,0.7351499325286577,0.7127320874629987,0.6867028963017842
32005,32031,0.9265713218393323,0.8735978448600257,0.8405492910734409,0.8133258930472923,0.793847479319697,0.7752383754871286
32007,32031,0.7336671599103721,0.6438029183736145,0.601976819045746,0.5726310006194038,0.5592996665285012,0.5464861813330246
32009,32031,0.27487329948643124,0.26489462778761097,0.26323500645320735,0.25392821565834384,0.24695390269192774,0.23042554404122512
32011,32031,0.46513515190715826,0.4451014273253,0.43084660188168244,0.4102526888279829,0.4016108100857135,0.39512281370327484
32013,32031,0.7762929182617956,0.7293992297596298,0.6968137318251306,0.6690139930624844,0.6558344656212033,0.6392428212801852
32015,32031,0.39665697984987075,0.37980853999887093,0.3676683500274619,0.3576487833421255,0.3595192026902166,0.3595290466903727
32017,32031,0.5583926435427494,0.5483650423607834,0.5441488116404443,0.5384443058753691,0.5399076139345791,0.5388908301807347
32019,32031,0.9069439259849101,0.865579143728105,0.8376966333178163,0.8127093046473038,0.7990252737055814,0.7869571073432136
32021,32031,0.7801698158402838,0.7666154626276782,0.760014238392927,0.7548635337731551,0.7544660176668716,0.7512817380390995
32023,32031,0.8969216410049577,0.8666303132851005,0.8510272654755436,0.8325435649071422,0.8192397520321311,0.8038899688460203
32027,32031,0.8650201468905526,0.8361160073059183,0.8168503702042901,0.7962801739548322,0.7819983906036317,0.7652955914423234
32029,32031,0.9082530802431826,0.8714471338430643,0.8513410274642508,0.8331804876375946,0.8232321928497629,0.816479528166227
32033,32031,0.5262353839211631,0.5074411203370874,0.4916410772161046,0.4816178453673191,0.4789363803651972,0.472316087456984
32510,32031,0.8876754512081491,0.8411966846663088,0.8104359221113603,0.7836058085865085,0.7709047383898794,0.7591058363714062
4001,32033,0.6996997274612823,0.6875982743156683,0.6964493269952978,0.7251155131298911,0.7601166470526454,0.7511759455859123
4003,32033,0.8217674744740436,0.8070403620706111,0.7956782008339129,0.7961481192731185,0.8068890409742515,0.8122648325481931
4005,32033,0.6962360324977498,0.6593253076071408,0.6408551425099143,0.6467240315676578,0.661209623123175,0.6564272779543804
4007,32033,0.734709740622411,0.7084414935656055,0.6881923728894096,0.6791981908072566,0.686713117282965,0.685803487090197
4009,32033,0.6633187250485248,0.6471531985212902,0.6325834962585245,0.6267156656188395,0.6277587515181203,0.6208411343722229
4011,32033,0.5922458180112823,0.5810915012951788,0.5685028533220423,0.5567889452385828,0.5486322434286894,0.535402700181579
4012,32033,0.814354565062392,0.7942917380612343,0.7804417322861468,0.7855784388514263,0.8013565373152763,0.8108423228698743
4013,32033,0.447648975771637,0.43103189544992576,0.41536016347456245,0.40414538270624056,0.39838666361926106,0.38389368301679805
4015,32033,0.6575265846653592,0.63017748217498,0.6091523347771012,0.6015735056976186,0.6023510227555514,0.6008748157572416
4017,32033,0.7247546922268674,0.7012981775669179,0.6913834465796784,0.6985491678278696,0.7196703554395713,0.7119440356900878
4019,32033,0.2836168947631239,0.26545676482303115,0.2502588358623682,0.24037962230065515,0.23566576791852195,0.22218208181240903
4021,32033,0.5030440233263984,0.4748069816051918,0.4507116236601332,0.4349515028802389,0.4317782306813247,0.41548337159317544
4023,32033,0.5128797811084279,0.5332329898770973,0.5675549364229823,0.6078601710256314,0.6562215640889133,0.6821269138572913
4025,32033,0.5227371420106791,0.4928541109908677,0.46651495230504836,0.4511074404483579,0.44601844890388753,0.43711613600654137
4027,32033,0.5090080769688183,0.5617131039993696,0.6180784386035199,0.6523088775298843,0.6637519849184572,0.6511123844241141
6001,32033,0.49849753305483535,0.4869688520811811,0.4739028525831836,0.46341069448613226,0.45439019637397843,0.43845705988810196
6003,32033,0.4672102884881592,0.5171255016938459,0.5720930572294562,0.6063804114009957,0.5672528936269431,0.510308533635706
6005,32033,0.6641446539604848,0.6322860341973778,0.5991973828729527,0.5770395874884,0.5650712199678736,0.5584588246298325
6007,32033,0.8057301794563037,0.7706703912316639,0.7393732266407194,0.7209702920754142,0.7109192552859828,0.6895407847192616
6009,32033,0.80400655939371,0.7740594099621754,0.7453053123389626,0.7262300832612717,0.713764647455123,0.7063336413861254
6011,32033,0.49759230804965726,0.41484435350470594,0.341652461280456,0.322855761315709,0.3310686958333064,0.3435650485897773
6013,32033,0.5241704128669074,0.5098530946759946,0.4937874905729079,0.48161439234213527,0.47209728971280734,0.4569064371806149
6015,32033,0.8428199056567998,0.8128817686966571,0.7816701390448076,0.7710657175724437,0.7640589560517748,0.7569335155582044
6017,32033,0.6910865035400585,0.6655639536373337,0.6362658634901527,0.6154173582304326,0.5956778108367354,0.580115853636716
6019,32033,0.7515148797230582,0.7096538859003874,0.6683539328861983,0.6446447911768245,0.6283695324485649,0.6216854274361701
6021,32033,0.8386924008329857,0.7988071525333926,0.7645037926192074,0.755404538129272,0.7535202731410809,0.7355567084866759
6023,32033,0.7543840711579982,0.7140449118662623,0.6742563002767473,0.6481419262167928,0.6350027167684444,0.6227422098184714
6025,32033,0.6486941900898494,0.6559344930973425,0.6735678790487613,0.6859881882375154,0.7134661483396835,0.7319214279799676
6027,32033,0.8660605113147308,0.8291302092064777,0.7992557785311837,0.7833220856186737,0.7794184255594978,0.7747738502763997
6029,32033,0.7995573779359885,0.7667508820007748,0.7262592841783233,0.7045396657450117,0.6945786883712404,0.6879928189233355
6031,32033,0.725030128183331,0.6721452040520579,0.619457501098825,0.5916397825090851,0.5835665764487307,0.5862035167243151
6033,32033,0.7761870058309174,0.7429153664644055,0.7104887218482894,0.6820606591402649,0.6635637524897605,0.650205255697449
6035,32033,0.756806776050789,0.6989884686814735,0.6339341726189658,0.5922761473847096,0.5774111695054847,0.5748864603026181
6037,32033,0.630465785861338,0.6198342068326049,0.6106262073186098,0.6030950061332739,0.5900837265670386,0.5777653609252607
6039,32033,0.820961110156811,0.7904738274600235,0.755205064080063,0.7366953182822081,0.7155721554495367,0.6962705715867092
6041,32033,0.47488675632141214,0.45954621284433517,0.44086628827432434,0.4269843440612736,0.4165780011366276,0.3999955533816168
6043,32033,0.568370287547912,0.505785208011733,0.4423168305616008,0.41767015958298176,0.4165321188049676,0.43440601747241747
6045,32033,0.7978131913934967,0.7479937098530386,0.6987374037158091,0.6692782268733308,0.6578969294415706,0.6495502674751518
6047,32033,0.7674915256419856,0.7184832595189398,0.6722836114408306,0.6412413347591592,0.6239712178206316,0.6085066900519788
6049,32033,0.7271173832751786,0.6680546712548604,0.6044444659065753,0.5660454341505394,0.5512297483458092,0.5563917381737455
6051,32033,0.5702241091769233,0.5838455134246561,0.6064320222256122,0.6250274833975937,0.5850144124149891,0.5452254696845656
6053,32033,0.5620051717907817,0.4741986897218227,0.3946200584223789,0.36114824021690145,0.3688245542624554,0.3877442000662443
6055,32033,0.6522931579593161,0.6167119307951767,0.5869537402848448,0.5768002467368436,0.5779549032515595,0.5678060980841155
6057,32033,0.7198597589559956,0.69428689590253,0.6670529816972455,0.6469745707869752,0.6296442324394359,0.6135857951056054
6059,32033,0.5586393247744751,0.5463552089342643,0.5325089484791454,0.5202571519428432,0.5086163962520106,0.4911941771913614
6061,32033,0.6995946941059833,0.6775652471572653,0.6541516007717008,0.6360032856527044,0.6199504005001648,0.6025308054106081
6063,32033,0.6331116383270975,0.5642790227833547,0.48740553360511074,0.43776281348184276,0.4230776569445741,0.43243146467860377
6065,32033,0.7710514336343935,0.7558653622411222,0.7470336101862562,0.7443827388650072,0.7465773672226513,0.7428038419219695
6067,32033,0.6239374976758726,0.6064340963759186,0.5897535472080445,0.5786787360488135,0.570263707371572,0.5565174518735717
6069,32033,0.815014661655661,0.7719910979525052,0.7271315593949337,0.6917811187292843,0.6617744100779521,0.6411428859877213
6071,32033,0.6934077055814701,0.6833249322994209,0.67291198341883,0.6641315492691093,0.654817803598664,0.6383410408848847
6073,32033,0.6240989132981746,0.6121847091837928,0.599314871509669,0.5889469540007078,0.5795130076155409,0.5643555855414992
6075,32033,0.5489346404117974,0.5381859377457514,0.5237827016257166,0.5131687569140884,0.5044554999632637,0.4870966713649442
6077,32033,0.7954021652123127,0.7596838896476829,0.7331575334471824,0.7141521141443334,0.702850597024244,0.6839294208769655
6079,32033,0.7264133084022505,0.7007861125696729,0.6777241035784108,0.6657219988957664,0.6602484829659907,0.6481080098636413
6081,32033,0.44199574260187646,0.4286425487410157,0.41232028729842507,0.3982572227776604,0.3848933567576095,0.3655136353574818
6083,32033,0.6935775996302189,0.6540751093374585,0.6145861639582324,0.6008255430912643,0.6053182105969553,0.6092783191818515
6085,32033,0.4791815035043542,0.46568459641230836,0.45025047869939405,0.43605182085248273,0.4235725317512389,0.40669730532563986
6087,32033,0.6844834683117375,0.6242327771480182,0.5602367753125945,0.5226112803520281,0.5180277806154522,0.5251228779993286
6089,32033,0.800756115933106,0.763545631885465,0.7260058656759221,0.70229401921406,0.6908759690505961,0.6831229342388958
6091,32033,0.5838586640209837,0.5213517701595397,0.4479094712578301,0.3937261145716087,0.37215423599931324,0.3734968832996378
6093,32033,0.7756733005154046,0.7168763566098918,0.658977701671558,0.6331874589396154,0.6316501374626063,0.6384347005434307
6095,32033,0.6182350161606199,0.6014769846681556,0.5827886749531247,0.569452017023353,0.5616108762118254,0.5506888878251253
6097,32033,0.5929257030717395,0.5677020648091144,0.5408800346684929,0.5219152315012431,0.5100866297912865,0.49414751925508077
6099,32033,0.8516972508313041,0.825497003769214,0.803297469685083,0.7801922636914861,0.7546451272235729,0.7288647747876388
6101,32033,0.7908952911225089,0.7489154579551863,0.7071157908788591,0.6698408145904824,0.6431728209052745,0.6195730537511288
6103,32033,0.8363284276991884,0.7969898646266467,0.7577293009902154,0.7353287914178114,0.7210327265456926,0.7036613241394625
6105,32033,0.7074577985509812,0.647764470521537,0.584962664753805,0.5464103053323406,0.5352482898337251,0.5369897234864468
6107,32033,0.7558798333451545,0.7116961067736126,0.6662978415362595,0.6537369064321222,0.6584158607036525,0.6686009200220648
6109,32033,0.7693384225529888,0.7334359082865252,0.6943861596086108,0.6659169079463705,0.6516566111599242,0.6467493995229058
6111,32033,0.7126407348244357,0.6932950098570458,0.6800016046786685,0.6849149864543388,0.6993460356027957,0.7015727459877225
6113,32033,0.6446605069593087,0.5959460866909407,0.5509715743077084,0.5280698334465477,0.5176712382869664,0.5070966795539854
6115,32033,0.8340915173683707,0.7951134675376004,0.7575146582121384,0.7335184367949888,0.7225620841249557,0.7119037893864366
32001,32033,0.7184997393696384,0.6840544972810435,0.6560736283241543,0.6396497188326025,0.6376833267535383,0.6402024268175631
32003,32033,0.3733893971829285,0.35556044697070316,0.3407838810973508,0.32403960287341743,0.31316076970628787,0.2968586411825716
32005,32033,0.5809101296480073,0.5531458385623846,0.529127375929985,0.5101219586398832,0.4981320311074911,0.48752526448825206
32007,32033,0.7036177898610716,0.6522992627498014,0.6089500053734908,0.5821958239957419,0.5744875898811322,0.5690800788107253
32009,32033,0.4583667704036886,0.46041526666053784,0.46431521087185085,0.46164669907323874,0.4484077842500126,0.4383019480108666
32011,32033,0.7182933219056562,0.6990460093663308,0.6703287634743189,0.645002326801917,0.6360162071159701,0.6419968626425926
32013,32033,0.5639916712680477,0.5280902461625905,0.49509230985387326,0.4709272007985812,0.4664895700039915,0.4578988994104213
32015,32033,0.7696152670386956,0.7506043983320599,0.7350907762006809,0.7272511788354024,0.734663948924794,0.7402849404754441
32017,32033,0.8210914902088863,0.8130352862386206,0.8106832095113856,0.8053893347313311,0.8069444653548865,0.8070307700275207
32019,32033,0.6330183480524634,0.599842019181808,0.5714539429082722,0.5503491307589299,0.5435784768771272,0.5423467849168804
32021,32033,0.552496417544399,0.5476357812852986,0.5411727263947871,0.5383465584909205,0.5396018028433726,0.5369903341396598
32023,32033,0.3340708158529522,0.31454747310685194,0.298873752859569,0.2833084465278638,0.27145478132320117,0.2574178055015035
32027,32033,0.5674923570099529,0.5389637950621027,0.5161121078818676,0.4929381036446094,0.4788645821382338,0.4638947736588688
32029,32033,0.4064479523119684,0.3815323009648848,0.3643832835867597,0.3513479707981794,0.34504840114496466,0.34270051291375603
32031,32033,0.5293351531955439,0.4995317189346313,0.47248038405461645,0.4499779337167293,0.43645019795833545,0.4248480873686612
32510,32033,0.7338309603441221,0.6978842996312243,0.6648240963739729,0.6385988937578501,0.6251451664754183,0.615865320820115
4001,32510,0.6651597906658188,0.6640978512208029,0.6659097765787662,0.6811880893078063,0.7099168091916216,0.6957034829902289
4003,32510,0.7609237351464864,0.737912380870149,0.7159116891926612,0.701714399994818,0.7009256730517472,0.693603263866086
4005,32510,0.7360365868677057,0.686774701597703,0.6532521391299055,0.6417295087097385,0.6453787774400631,0.6260121994684996
4007,32510,0.8467447121501447,0.8177804220007961,0.787796423098777,0.7639187563569577,0.7588253018131668,0.7449718750598081
4009,32510,0.6982835348769493,0.6824523496984828,0.6587751826660634,0.639559689955121,0.631288531454658,0.6106315090477193
4011,32510,0.6669926764068469,0.6601207074810775,0.643550281215009,0.6250173374142949,0.6117700705624164,0.5894712617466404
4012,32510,0.5616487313192792,0.5359980849974373,0.5147740600544758,0.5072599273226506,0.5111569232587925,0.5066420391894292
4013,32510,0.8049569511068019,0.7734892634160642,0.7462135572496695,0.7213801384441961,0.7062347559322029,0.6824565000846547
4015,32510,0.9017160217487296,0.8476276086106534,0.8107235904834589,0.7876153992187989,0.7744672896934602,0.7585225373631894
4017,32510,0.6612100337423806,0.6406649428109223,0.6206609698374564,0.6131756269593092,0.6233975215656483,0.6045094750153217
4019,32510,0.7339754421033307,0.7020000244681806,0.6753766621819922,0.6523142720001643,0.6415361705579882,0.6203848473075811
4021,32510,0.7856318213337418,0.7507341064730763,0.7188526157638769,0.6931903160211684,0.680878631142094,0.6528448585868681
4023,32510,0.3517565704420935,0.36303617510257596,0.38914764442193434,0.4250590900136117,0.47468818349059183,0.5042850150687282
4025,32510,0.8621136693463534,0.8137160913508511,0.7755868069677303,0.744973284312749,0.7269235444230767,0.7058465859803235
4027,32510,0.3484912435701157,0.39815149899470154,0.4593728093227249,0.4953423204902117,0.5030223151602642,0.4901289850050614
6001,32510,0.8230889509880166,0.7961150889967674,0.7688650925969294,0.7434758105199194,0.7245471255496551,0.696386908240776
6003,32510,0.365710366385511,0.3968374774153588,0.4413973442988923,0.48587501939465877,0.46919218039253346,0.41790813689563494
6005,32510,0.9327038947338884,0.8862758798489451,0.8433506548260673,0.8071275467869002,0.7844732982338013,0.7654765007097767
6007,32510,0.8915329729753034,0.8502319282826807,0.8110686840326073,0.7813698798934033,0.7637859049822632,0.7321369314737036
6009,32510,0.8645258473544579,0.8251933783042815,0.7861599448523771,0.7549063928937706,0.7324399041733742,0.7131859785363793
6011,32510,0.49297651307023416,0.4035908558408606,0.31000747997798955,0.26652071834954877,0.2578100224979895,0.26132445661363857
6013,32510,0.8554029554301504,0.825920175194589,0.7973759124814663,0.7726681133883295,0.7553274188995993,0.7295528539822862
6015,32510,0.7917020595500227,0.7581542165776612,0.7192421699089854,0.6917862956151793,0.6761416037677924,0.6644986372361033
6017,32510,0.9329655999629073,0.8859711524430306,0.8412000815173583,0.8077916146991154,0.7788046721266991,0.7529547584082136
6019,32510,0.7453291388278128,0.6982959103412676,0.6422310115186456,0.6002660819462189,0.5757377232002323,0.5594511306847416
6021,32510,0.6707297975201736,0.6333879844150303,0.5939970951933791,0.5734206906671501,0.5619859447157498,0.5369035069524823
6023,32510,0.8147526089091919,0.7633207241897908,0.7114630550626527,0.668648876529119,0.6407884712281008,0.6148497718346152
6025,32510,0.5672965156346333,0.5741095365779391,0.59908303325681,0.6096884536510736,0.6357748358536944,0.6598649338684637
6027,32510,0.7695391919936713,0.7212707458726444,0.6816717627426411,0.6522110827968988,0.6398579708068074,0.6265108276908332
6029,32510,0.7721785181038848,0.7316709426468597,0.6751630515975809,0.6331992657864702,0.6139771292511876,0.5962014352657571
6031,32510,0.7289933179455346,0.6716620653507521,0.6062574354210108,0.5626251611192844,0.5431302614203329,0.528065518387502
6033,32510,0.8296749024685666,0.7835930053242366,0.7373865793051164,0.6961824312485462,0.6697262701586533,0.6468158620710308
6035,32510,0.7674783692777951,0.7104094424751579,0.6408501727162494,0.5837900684675272,0.5548130704026712,0.5390344324533214
6037,32510,0.8516416774243083,0.8287011819882149,0.8085136216476017,0.7804921200628696,0.7443209688567307,0.7243204428565359
6039,32510,0.7294430870241967,0.6994147874890202,0.6549229373608703,0.6166336133923368,0.5885288887422494,0.5688892646861918
6041,32510,0.8012812077777087,0.7663715409283721,0.7320446093067555,0.7024876185668074,0.6810817014535869,0.6517993958858317
6043,32510,0.7575021684019358,0.6764622414976648,0.5944353122755899,0.5467478427604556,0.5254133865258446,0.5260999799416779
6045,32510,0.783126441263979,0.725393235942602,0.6628732926547711,0.6138757268194369,0.5866414792586553,0.5645918727836524
6047,32510,0.7343729584557889,0.6833443573569844,0.626306309903164,0.5766769690920992,0.5482726309622098,0.522690370256933
6049,32510,0.7363399416594167,0.6734713318149007,0.602364661601439,0.551166505113556,0.5256946506018512,0.5210363377881327
6051,32510,0.5675897043483155,0.5467665647251816,0.5379038513664947,0.5523243201994589,0.5194334505138017,0.48170484066109565
6053,32510,0.5562516787803022,0.460101174081029,0.3651056865002983,0.30925266339914614,0.2960105823569703,0.2994355924963925
6055,32510,0.8602420133408427,0.8028909159738219,0.7567114399446505,0.7274390628514424,0.7155216260917164,0.7041404135809383
6057,32510,0.9227252663146177,0.881395039772265,0.8413209987117083,0.8073263701722335,0.7790898549750309,0.7506269523842256
6059,32510,0.8475815365867891,0.8169318290186554,0.7886098172490114,0.7626511005019657,0.7423365768870608,0.7139789793712795
6061,32510,0.9233308467078926,0.8856613599800988,0.8498986577120078,0.8203079386826629,0.7953174099653094,0.7675639123154918
6063,32510,0.7253388405812657,0.6534319142353089,0.5676026229646348,0.49994911562159233,0.46757188653589316,0.4623043247155793
6065,32510,0.8607782315519539,0.8319980418994327,0.8149022010307545,0.8033155983321635,0.8011087034694858,0.7920486277307937
6067,32510,0.9096695028869318,0.8789646381952072,0.8509133593654506,0.828507414018242,0.8126315005975364,0.7888086878722624
6069,32510,0.7201435754881763,0.6723054865512774,0.6174322880273191,0.5690527559308549,0.53058849161435,0.49983792897323764
6071,32510,0.901702277552592,0.8821541565501552,0.864892392451137,0.8484338696392301,0.8351217946814724,0.8116446456459092
6073,32510,0.8789545162496109,0.8468245180962075,0.8205562507216986,0.7981047218518404,0.7818714655860496,0.7586836174049337
6075,32510,0.7386578422042699,0.7107217810752972,0.6799056795091704,0.6523527585975559,0.6314359918727901,0.5980602070831587
6077,32510,0.880466844455284,0.8378969046958905,0.7973634029258262,0.7612130595933193,0.7411010758067222,0.7135057973351362
6079,32510,0.8873125122009826,0.8408450997241076,0.804491386037991,0.7799638675867951,0.7653138333913667,0.7453507862531951
6081,32510,0.7668897059213354,0.7365815787840326,0.70426115724903,0.6758917174245425,0.6529474597438547,0.6203732581200491
6083,32510,0.8876647783847449,0.8273682698680868,0.771535671310646,0.7407762223259435,0.7339007485993478,0.7271679365701451
6085,32510,0.7358601801764014,0.7068237947377738,0.677379174203704,0.65012919299484,0.6285887732681187,0.6003701339211267
6087,32510,0.8395092046195103,0.7679061596215464,0.692364423174912,0.6341548164792512,0.6116473450161595,0.6039318022587489
6089,32510,0.8967298916690158,0.8507026490201766,0.8052187235735606,0.7702603741630584,0.7489163391578054,0.7303044893676828
6091,32510,0.6952895189884629,0.6345348689465182,0.5569592311266321,0.483469699900609,0.4416231219250395,0.42632677351693954
6093,32510,0.7692672891454283,0.7089827323193888,0.6439287933004926,0.6024317250858221,0.5864592976123206,0.5819451944421904
6095,32510,0.9025759325451824,0.8715067937155463,0.8423376706484459,0.8188233726317283,0.8036694396631111,0.7825857336472108
6097,32510,0.8847010736335107,0.8415476654717124,0.8016114205710054,0.7704224191851643,0.7488867915802203,0.723590079138067
6099,32510,0.7976943053902257,0.7657858583843585,0.7314745112708041,0.695163168096668,0.6630884731596934,0.6280387321616215
6101,32510,0.7172670906537834,0.6730731548162296,0.6189457848027817,0.5653177630302143,0.5269052081724376,0.49299047493537224
6103,32510,0.8857852381658655,0.846026768906269,0.8034701698420567,0.772361683380531,0.7525400210007936,0.7305419820646445
6105,32510,0.6402249681013026,0.5766962707106774,0.505451871872614,0.44982971983440234,0.42180875359649617,0.4094318801223687
6107,32510,0.652376117739668,0.6064849133652921,0.5487813804596202,0.5158746440450558,0.5111160216277605,0.5136510087522727
6109,32510,0.9046872507949552,0.8507423388180538,0.8001374096744858,0.759059663610161,0.7327784867796141,0.7139384773887695
6111,32510,0.8416632045993627,0.8037844435902133,0.7791961615441543,0.7708639522785314,0.7769043353784558,0.7737136739122291
6113,32510,0.888881837152401,0.8329898388494915,0.7734128494306858,0.7334305350978669,0.713300266946844,0.6965070126300491
6115,32510,0.7951471151501672,0.7537345110028841,0.7096550536654787,0.6729074960987597,0.65280729456143,0.6299138397342197
32001,32510,0.847058548817698,0.8039455520281337,0.7710169620221609,0.7467034256311711,0.7358637200423681,0.7257579592499599
32003,32510,0.7692043758098951,0.7210714316347497,0.6886648935133141,0.655522872832681,0.6318010635889544,0.602378036236255
32005,32510,0.9053101044514787,0.8483240425572164,0.8082798485174664,0.7753383782683521,0.7490517613960133,0.7251602336674939
32007,32510,0.819990183305898,0.7243225470852219,0.6698692234765005,0.630678919890434,0.6075843459712063,0.5854459595861796
32009,32510,0.3602173684937952,0.3584129504063109,0.3631490515010081,0.3545544995811211,0.34432351682468626,0.3215578197437185
32011,32510,0.6201524223321901,0.5972965223103618,0.5761823260173643,0.5462224366436843,0.52825075306691,0.5133172344595027
32013,32510,0.7692485133626867,0.7168417268098499,0.6762603447212343,0.6435685675782313,0.6250823599951962,0.6016217337529042
32015,32510,0.5879898359637051,0.5675336035138199,0.5494348676609838,0.5338993514400459,0.5314043485917109,0.5250608271989823
32017,32510,0.7277258571317039,0.7090498286574405,0.6984460355249186,0.6876440768304611,0.6854001207263968,0.6810879599617883
32019,32510,0.9011379490032846,0.8528363077143241,0.8174662957355298,0.7863669346351058,0.7663935661806982,0.7501066612200484
32021,32510,0.7558191898381138,0.742092464759392,0.7331755926218068,0.7270341790394473,0.7251767828387595,0.7200513274791879
32023,32510,0.7736323501422776,0.7395732999232036,0.7199029204332518,0.6986703361412208,0.6822095742340343,0.663073710912524
32027,32510,0.8387909715568497,0.8027253375008838,0.7748754931604099,0.7457774363707877,0.7230956278187152,0.6971647622637446
32029,32510,0.8238779624064785,0.7821528024342684,0.7558964039645273,0.7327585085292245,0.7176812099882557,0.7074974370043515
32031,32510,0.8943617954750072,0.8408307565654558,0.8030504462040285,0.7692393161353325,0.7451642884091014,0.722522990741922
32033,32510,0.7333449965255988,0.7052068743778216,0.6775686334300433,0.6575112045405717,0.6444322933715948,0.6253580188584211
